timestamp,turbine_id,wind_speed,power_kw,availability
2026-03-01 00:00:00,T01,7.11,198.3,1.0
2026-03-01 00:00:00,T02,5.42,25.6,1.0
2026-03-01 00:00:00,T03,8.31,393.2,1.0
2026-03-01 00:00:00,T04,4.82,11.3,1.0
2026-03-01 00:00:00,T05,4.24,27.3,1.0
2026-03-01 01:00:00,T01,5.01,0.0,1.0
2026-03-01 01:00:00,T02,6.23,69.1,1.0
2026-03-01 01:00:00,T03,5.41,41.0,1.0
2026-03-01 01:00:00,T04,4.46,0.0,1.0
2026-03-01 01:00:00,T05,8.12,410.7,1.0
2026-03-01 02:00:00,T01,5.78,77.8,1.0
2026-03-01 02:00:00,T02,4.12,36.4,1.0
2026-03-01 02:00:00,T03,5.98,35.6,1.0
2026-03-01 02:00:00,T04,5.4,29.2,1.0
2026-03-01 02:00:00,T05,5.94,55.3,1.0
2026-03-01 03:00:00,T01,7.94,353.4,1.0
2026-03-01 03:00:00,T02,4.44,24.1,1.0
2026-03-01 03:00:00,T03,7.97,340.4,1.0
2026-03-01 03:00:00,T04,7.95,375.2,1.0
2026-03-01 03:00:00,T05,7.59,219.5,1.0
2026-03-01 04:00:00,T01,2.31,0.0,1.0
2026-03-01 04:00:00,T02,2.35,15.1,1.0
2026-03-01 04:00:00,T03,9.02,575.3,1.0
2026-03-01 04:00:00,T04,6.53,137.5,1.0
2026-03-01 04:00:00,T05,4.64,24.7,1.0
2026-03-01 05:00:00,T01,4.53,0.0,1.0
2026-03-01 05:00:00,T02,9.49,780.2,1.0
2026-03-01 05:00:00,T03,10.28,1047.1,1.0
2026-03-01 05:00:00,T04,6.64,118.4,1.0
2026-03-01 05:00:00,T05,4.51,1.1,1.0
2026-03-01 06:00:00,T01,6.68,139.5,1.0
2026-03-01 06:00:00,T02,8.15,445.2,1.0
2026-03-01 06:00:00,T03,7.24,235.7,1.0
2026-03-01 06:00:00,T04,8.57,473.4,1.0
2026-03-01 06:00:00,T05,8.21,384.0,1.0
2026-03-01 07:00:00,T01,8.26,391.7,1.0
2026-03-01 07:00:00,T02,7.69,240.8,1.0
2026-03-01 07:00:00,T03,7.19,213.4,1.0
2026-03-01 07:00:00,T04,9.04,605.1,1.0
2026-03-01 07:00:00,T05,6.67,149.4,1.0
2026-03-01 08:00:00,T01,9.0,591.7,1.0
2026-03-01 08:00:00,T02,6.1,63.2,1.0
2026-03-01 08:00:00,T03,7.5,264.9,1.0
2026-03-01 08:00:00,T04,5.6,28.7,1.0
2026-03-01 08:00:00,T05,7.73,279.1,1.0
2026-03-01 09:00:00,T01,5.95,49.3,1.0
2026-03-01 09:00:00,T02,9.63,782.5,1.0
2026-03-01 09:00:00,T03,8.22,346.0,1.0
2026-03-01 09:00:00,T04,8.77,508.9,1.0
2026-03-01 09:00:00,T05,8.76,518.2,1.0
2026-03-01 10:00:00,T01,9.25,691.2,1.0
2026-03-01 10:00:00,T02,10.4,1088.8,1.0
2026-03-01 10:00:00,T03,9.98,980.0,1.0
2026-03-01 10:00:00,T04,8.83,567.7,1.0
2026-03-01 10:00:00,T05,11.97,1976.6,1.0
2026-03-01 11:00:00,T01,10.45,1153.3,1.0
2026-03-01 11:00:00,T02,9.78,829.9,1.0
2026-03-01 11:00:00,T03,9.48,716.3,1.0
2026-03-01 11:00:00,T04,7.5,239.9,1.0
2026-03-01 11:00:00,T05,7.77,334.4,1.0
2026-03-01 12:00:00,T01,9.13,633.8,1.0
2026-03-01 12:00:00,T02,7.93,321.3,1.0
2026-03-01 12:00:00,T03,7.57,299.5,1.0
2026-03-01 12:00:00,T04,7.73,262.9,1.0
2026-03-01 12:00:00,T05,7.11,190.8,1.0
2026-03-01 13:00:00,T01,10.8,1330.6,1.0
2026-03-01 13:00:00,T02,8.65,464.6,1.0
2026-03-01 13:00:00,T03,8.16,402.3,1.0
2026-03-01 13:00:00,T04,8.78,527.6,1.0
2026-03-01 13:00:00,T05,8.76,492.8,1.0
2026-03-01 14:00:00,T01,9.53,776.5,1.0
2026-03-01 14:00:00,T02,6.84,163.1,1.0
2026-03-01 14:00:00,T03,10.67,1252.4,1.0
2026-03-01 14:00:00,T04,5.68,55.6,1.0
2026-03-01 14:00:00,T05,8.69,476.4,1.0
2026-03-01 15:00:00,T01,7.47,223.5,1.0
2026-03-01 15:00:00,T02,8.11,366.5,1.0
2026-03-01 15:00:00,T03,8.32,391.8,1.0
2026-03-01 15:00:00,T04,6.1,32.1,1.0
2026-03-01 15:00:00,T05,11.5,1690.9,1.0
2026-03-01 16:00:00,T01,7.94,340.1,1.0
2026-03-01 16:00:00,T02,8.85,561.6,1.0
2026-03-01 16:00:00,T03,6.62,133.9,1.0
2026-03-01 16:00:00,T04,7.68,280.6,1.0
2026-03-01 16:00:00,T05,8.93,543.7,1.0
2026-03-01 17:00:00,T01,6.43,86.3,1.0
2026-03-01 17:00:00,T02,8.42,448.9,1.0
2026-03-01 17:00:00,T03,8.2,373.3,1.0
2026-03-01 17:00:00,T04,9.33,716.2,1.0
2026-03-01 17:00:00,T05,5.09,0.0,1.0
2026-03-01 18:00:00,T01,8.49,475.2,1.0
2026-03-01 18:00:00,T02,6.19,104.2,1.0
2026-03-01 18:00:00,T03,7.76,296.5,1.0
2026-03-01 18:00:00,T04,7.35,236.7,1.0
2026-03-01 18:00:00,T05,6.82,169.1,1.0
2026-03-01 19:00:00,T01,8.15,373.3,1.0
2026-03-01 19:00:00,T02,5.91,58.6,1.0
2026-03-01 19:00:00,T03,8.71,505.8,1.0
2026-03-01 19:00:00,T04,8.25,452.7,1.0
2026-03-01 19:00:00,T05,7.58,281.4,1.0
2026-03-01 20:00:00,T01,7.88,315.2,1.0
2026-03-01 20:00:00,T02,7.91,377.7,1.0
2026-03-01 20:00:00,T03,8.75,471.8,1.0
2026-03-01 20:00:00,T04,5.86,95.7,1.0
2026-03-01 20:00:00,T05,7.16,188.4,1.0
2026-03-01 21:00:00,T01,4.71,0.0,1.0
2026-03-01 21:00:00,T02,4.95,26.1,1.0
2026-03-01 21:00:00,T03,4.64,40.1,1.0
2026-03-01 21:00:00,T04,4.76,51.1,1.0
2026-03-01 21:00:00,T05,3.06,7.3,1.0
2026-03-01 22:00:00,T01,8.46,477.8,1.0
2026-03-01 22:00:00,T02,2.58,0.0,1.0
2026-03-01 22:00:00,T03,4.78,13.4,1.0
2026-03-01 22:00:00,T04,4.04,73.1,1.0
2026-03-01 22:00:00,T05,6.74,148.7,1.0
2026-03-01 23:00:00,T01,5.27,28.2,1.0
2026-03-01 23:00:00,T02,6.68,111.5,1.0
2026-03-01 23:00:00,T03,6.49,104.6,1.0
2026-03-01 23:00:00,T04,3.56,19.4,1.0
2026-03-01 23:00:00,T05,6.99,189.6,1.0
2026-03-02 00:00:00,T01,6.15,75.3,1.0
2026-03-02 00:00:00,T02,1.54,0.0,1.0
2026-03-02 00:00:00,T03,2.65,0.0,1.0
2026-03-02 00:00:00,T04,8.07,362.0,1.0
2026-03-02 00:00:00,T05,7.11,205.6,1.0
2026-03-02 01:00:00,T01,4.3,0.0,1.0
2026-03-02 01:00:00,T02,5.8,60.6,1.0
2026-03-02 01:00:00,T03,6.88,169.3,1.0
2026-03-02 01:00:00,T04,6.93,191.2,1.0
2026-03-02 01:00:00,T05,1.54,0.0,1.0
2026-03-02 02:00:00,T01,6.5,131.3,1.0
2026-03-02 02:00:00,T02,7.31,216.1,1.0
2026-03-02 02:00:00,T03,3.95,0.0,1.0
2026-03-02 02:00:00,T04,2.45,0.0,1.0
2026-03-02 02:00:00,T05,4.92,13.4,1.0
2026-03-02 03:00:00,T01,6.19,98.5,1.0
2026-03-02 03:00:00,T02,6.56,112.0,1.0
2026-03-02 03:00:00,T03,5.01,0.0,1.0
2026-03-02 03:00:00,T04,7.58,266.4,1.0
2026-03-02 03:00:00,T05,7.79,314.0,1.0
2026-03-02 04:00:00,T01,8.19,392.8,1.0
2026-03-02 04:00:00,T02,6.94,217.6,1.0
2026-03-02 04:00:00,T03,9.66,820.5,1.0
2026-03-02 04:00:00,T04,6.3,82.4,1.0
2026-03-02 04:00:00,T05,12.28,1989.7,1.0
2026-03-02 05:00:00,T01,8.0,353.8,1.0
2026-03-02 05:00:00,T02,3.47,14.0,1.0
2026-03-02 05:00:00,T03,6.78,161.5,1.0
2026-03-02 05:00:00,T04,9.0,601.7,1.0
2026-03-02 05:00:00,T05,9.24,666.4,1.0
2026-03-02 06:00:00,T01,11.37,1659.5,1.0
2026-03-02 06:00:00,T02,9.66,827.2,1.0
2026-03-02 06:00:00,T03,6.74,138.5,1.0
2026-03-02 06:00:00,T04,5.49,26.3,1.0
2026-03-02 06:00:00,T05,4.86,36.5,1.0
2026-03-02 07:00:00,T01,6.86,147.4,1.0
2026-03-02 07:00:00,T02,8.14,348.5,1.0
2026-03-02 07:00:00,T03,7.31,190.7,1.0
2026-03-02 07:00:00,T04,8.14,355.2,1.0
2026-03-02 07:00:00,T05,10.01,948.5,1.0
2026-03-02 08:00:00,T01,7.5,237.3,1.0
2026-03-02 08:00:00,T02,6.36,79.3,1.0
2026-03-02 08:00:00,T03,8.82,543.2,1.0
2026-03-02 08:00:00,T04,7.44,250.4,1.0
2026-03-02 08:00:00,T05,6.32,138.5,1.0
2026-03-02 09:00:00,T01,8.31,389.7,1.0
2026-03-02 09:00:00,T02,11.37,1607.9,1.0
2026-03-02 09:00:00,T03,6.39,70.1,1.0
2026-03-02 09:00:00,T04,4.25,1.9,1.0
2026-03-02 09:00:00,T05,7.99,369.7,1.0
2026-03-02 10:00:00,T01,9.92,925.6,1.0
2026-03-02 10:00:00,T02,6.03,80.5,1.0
2026-03-02 10:00:00,T03,10.36,1070.0,1.0
2026-03-02 10:00:00,T04,5.96,22.7,1.0
2026-03-02 10:00:00,T05,6.92,161.9,1.0
2026-03-02 11:00:00,T01,11.27,1578.2,1.0
2026-03-02 11:00:00,T02,8.43,392.1,1.0
2026-03-02 11:00:00,T03,11.67,1772.0,1.0
2026-03-02 11:00:00,T04,7.82,270.9,1.0
2026-03-02 11:00:00,T05,9.38,706.5,1.0
2026-03-02 12:00:00,T01,8.78,526.4,1.0
2026-03-02 12:00:00,T02,4.97,16.4,1.0
2026-03-02 12:00:00,T03,10.2,1046.7,1.0
2026-03-02 12:00:00,T04,10.3,1040.0,1.0
2026-03-02 12:00:00,T05,11.21,1448.9,1.0
2026-03-02 13:00:00,T01,7.9,301.9,1.0
2026-03-02 13:00:00,T02,7.93,328.5,1.0
2026-03-02 13:00:00,T03,10.94,1364.6,1.0
2026-03-02 13:00:00,T04,10.96,1361.4,1.0
2026-03-02 13:00:00,T05,8.38,419.6,1.0
2026-03-02 14:00:00,T01,7.59,243.9,1.0
2026-03-02 14:00:00,T02,9.63,794.6,1.0
2026-03-02 14:00:00,T03,10.44,1117.5,1.0
2026-03-02 14:00:00,T04,12.04,2000.0,1.0
2026-03-02 14:00:00,T05,11.64,1734.9,1.0
2026-03-02 15:00:00,T01,9.3,701.2,1.0
2026-03-02 15:00:00,T02,8.62,467.5,1.0
2026-03-02 15:00:00,T03,8.93,619.6,1.0
2026-03-02 15:00:00,T04,10.97,1392.2,1.0
2026-03-02 15:00:00,T05,7.59,270.8,1.0
2026-03-02 16:00:00,T01,9.57,797.5,1.0
2026-03-02 16:00:00,T02,7.65,262.5,1.0
2026-03-02 16:00:00,T03,9.91,915.4,1.0
2026-03-02 16:00:00,T04,5.26,58.4,1.0
2026-03-02 16:00:00,T05,10.01,948.8,1.0
2026-03-02 17:00:00,T01,8.94,588.8,1.0
2026-03-02 17:00:00,T02,5.62,44.8,1.0
2026-03-02 17:00:00,T03,6.85,164.8,1.0
2026-03-02 17:00:00,T04,9.97,947.4,1.0
2026-03-02 17:00:00,T05,8.53,480.5,1.0
2026-03-02 18:00:00,T01,6.03,59.3,1.0
2026-03-02 18:00:00,T02,9.05,609.4,1.0
2026-03-02 18:00:00,T03,8.21,377.9,1.0
2026-03-02 18:00:00,T04,9.13,658.2,1.0
2026-03-02 18:00:00,T05,7.39,267.5,1.0
2026-03-02 19:00:00,T01,6.86,163.3,1.0
2026-03-02 19:00:00,T02,5.08,39.7,1.0
2026-03-02 19:00:00,T03,6.9,147.3,1.0
2026-03-02 19:00:00,T04,6.6,143.1,1.0
2026-03-02 19:00:00,T05,7.38,229.7,1.0
2026-03-02 20:00:00,T01,6.97,174.4,1.0
2026-03-02 20:00:00,T02,4.99,48.6,1.0
2026-03-02 20:00:00,T03,10.18,961.6,1.0
2026-03-02 20:00:00,T04,5.0,27.1,1.0
2026-03-02 20:00:00,T05,8.96,636.6,1.0
2026-03-02 21:00:00,T01,6.47,120.2,1.0
2026-03-02 21:00:00,T02,9.49,742.3,1.0
2026-03-02 21:00:00,T03,5.44,63.9,1.0
2026-03-02 21:00:00,T04,5.71,81.8,1.0
2026-03-02 21:00:00,T05,4.77,21.1,1.0
2026-03-02 22:00:00,T01,6.6,150.2,1.0
2026-03-02 22:00:00,T02,6.29,86.0,1.0
2026-03-02 22:00:00,T03,8.39,442.0,1.0
2026-03-02 22:00:00,T04,6.34,125.0,1.0
2026-03-02 22:00:00,T05,7.54,224.7,1.0
2026-03-02 23:00:00,T01,6.2,95.8,1.0
2026-03-02 23:00:00,T02,6.07,90.4,1.0
2026-03-02 23:00:00,T03,2.7,0.0,1.0
2026-03-02 23:00:00,T04,6.36,113.0,1.0
2026-03-02 23:00:00,T05,6.18,74.2,1.0
2026-03-03 00:00:00,T01,6.26,112.5,1.0
2026-03-03 00:00:00,T02,7.14,210.3,1.0
2026-03-03 00:00:00,T03,6.93,162.6,1.0
2026-03-03 00:00:00,T04,7.93,360.7,1.0
2026-03-03 00:00:00,T05,7.99,331.0,1.0
2026-03-03 01:00:00,T01,5.47,43.0,1.0
2026-03-03 01:00:00,T02,3.69,0.0,1.0
2026-03-03 01:00:00,T03,4.75,33.1,1.0
2026-03-03 01:00:00,T04,6.13,25.4,1.0
2026-03-03 01:00:00,T05,2.45,14.8,1.0
2026-03-03 02:00:00,T01,7.98,345.4,1.0
2026-03-03 02:00:00,T02,5.93,89.1,1.0
2026-03-03 02:00:00,T03,5.59,8.8,1.0
2026-03-03 02:00:00,T04,3.76,0.0,1.0
2026-03-03 02:00:00,T05,5.58,23.3,1.0
2026-03-03 03:00:00,T01,7.5,265.3,1.0
2026-03-03 03:00:00,T02,6.8,174.8,1.0
2026-03-03 03:00:00,T03,7.26,197.6,1.0
2026-03-03 03:00:00,T04,7.4,226.5,1.0
2026-03-03 03:00:00,T05,5.37,29.0,1.0
2026-03-03 04:00:00,T01,3.59,0.0,1.0
2026-03-03 04:00:00,T02,7.02,210.2,1.0
2026-03-03 04:00:00,T03,4.04,0.0,1.0
2026-03-03 04:00:00,T04,6.86,186.8,1.0
2026-03-03 04:00:00,T05,7.72,283.8,1.0
2026-03-03 05:00:00,T01,5.24,22.6,1.0
2026-03-03 05:00:00,T02,8.78,573.2,1.0
2026-03-03 05:00:00,T03,6.67,179.8,1.0
2026-03-03 05:00:00,T04,9.79,896.7,1.0
2026-03-03 05:00:00,T05,4.8,4.9,1.0
2026-03-03 06:00:00,T01,6.53,108.4,1.0
2026-03-03 06:00:00,T02,8.69,482.7,1.0
2026-03-03 06:00:00,T03,6.31,121.2,1.0
2026-03-03 06:00:00,T04,6.33,65.4,1.0
2026-03-03 06:00:00,T05,6.76,166.1,1.0
2026-03-03 07:00:00,T01,7.72,271.7,1.0
2026-03-03 07:00:00,T02,5.73,56.1,1.0
2026-03-03 07:00:00,T03,8.18,325.6,1.0
2026-03-03 07:00:00,T04,7.5,284.8,1.0
2026-03-03 07:00:00,T05,8.31,427.8,1.0
2026-03-03 08:00:00,T01,7.45,235.0,1.0
2026-03-03 08:00:00,T02,9.86,887.1,1.0
2026-03-03 08:00:00,T03,8.56,433.8,1.0
2026-03-03 08:00:00,T04,8.15,344.9,1.0
2026-03-03 08:00:00,T05,5.82,90.4,1.0
2026-03-03 09:00:00,T01,12.03,2000.0,1.0
2026-03-03 09:00:00,T02,5.95,68.3,1.0
2026-03-03 09:00:00,T03,5.67,48.7,1.0
2026-03-03 09:00:00,T04,8.53,434.9,1.0
2026-03-03 09:00:00,T05,7.48,237.6,1.0
2026-03-03 10:00:00,T01,6.63,109.1,1.0
2026-03-03 10:00:00,T02,10.69,1232.5,1.0
2026-03-03 10:00:00,T03,8.78,517.2,1.0
2026-03-03 10:00:00,T04,10.77,1279.6,1.0
2026-03-03 10:00:00,T05,11.43,1670.9,1.0
2026-03-03 11:00:00,T01,10.48,1174.2,1.0
2026-03-03 11:00:00,T02,8.34,381.8,1.0
2026-03-03 11:00:00,T03,8.09,327.8,1.0
2026-03-03 11:00:00,T04,10.38,1093.9,1.0
2026-03-03 11:00:00,T05,8.42,402.2,1.0
2026-03-03 12:00:00,T01,5.41,0.0,1.0
2026-03-03 12:00:00,T02,11.22,1527.0,1.0
2026-03-03 12:00:00,T03,11.91,1991.8,1.0
2026-03-03 12:00:00,T04,9.18,609.7,1.0
2026-03-03 12:00:00,T05,10.36,1058.4,1.0
2026-03-03 13:00:00,T01,7.51,243.0,1.0
2026-03-03 13:00:00,T02,5.94,50.5,1.0
2026-03-03 13:00:00,T03,9.95,927.1,1.0
2026-03-03 13:00:00,T04,6.18,104.9,1.0
2026-03-03 13:00:00,T05,12.66,1969.7,1.0
2026-03-03 14:00:00,T01,8.69,508.6,1.0
2026-03-03 14:00:00,T02,6.59,129.0,1.0
2026-03-03 14:00:00,T03,10.56,1196.2,1.0
2026-03-03 14:00:00,T04,7.45,259.0,1.0
2026-03-03 14:00:00,T05,8.05,354.6,1.0
2026-03-03 15:00:00,T01,9.24,681.0,1.0
2026-03-03 15:00:00,T02,7.52,233.5,1.0
2026-03-03 15:00:00,T03,3.86,0.0,1.0
2026-03-03 15:00:00,T04,8.71,538.4,1.0
2026-03-03 15:00:00,T05,8.72,544.8,1.0
2026-03-03 16:00:00,T01,8.92,586.7,1.0
2026-03-03 16:00:00,T02,8.71,482.2,1.0
2026-03-03 16:00:00,T03,12.57,2000.0,1.0
2026-03-03 16:00:00,T04,9.47,733.8,1.0
2026-03-03 16:00:00,T05,4.35,0.0,1.0
2026-03-03 17:00:00,T01,8.54,486.8,1.0
2026-03-03 17:00:00,T02,10.67,1244.3,1.0
2026-03-03 17:00:00,T03,9.69,812.7,1.0
2026-03-03 17:00:00,T04,4.84,16.0,1.0
2026-03-03 17:00:00,T05,4.75,2.8,1.0
2026-03-03 18:00:00,T01,6.04,68.5,1.0
2026-03-03 18:00:00,T02,8.87,557.5,1.0
2026-03-03 18:00:00,T03,4.76,7.9,1.0
2026-03-03 18:00:00,T04,9.14,633.2,1.0
2026-03-03 18:00:00,T05,6.68,131.8,1.0
2026-03-03 19:00:00,T01,7.85,301.9,1.0
2026-03-03 19:00:00,T02,6.55,137.0,1.0
2026-03-03 19:00:00,T03,7.97,352.6,1.0
2026-03-03 19:00:00,T04,4.18,46.7,1.0
2026-03-03 19:00:00,T05,5.24,45.4,1.0
2026-03-03 20:00:00,T01,8.02,368.0,1.0
2026-03-03 20:00:00,T02,8.22,445.1,1.0
2026-03-03 20:00:00,T03,8.41,393.2,1.0
2026-03-03 20:00:00,T04,4.93,0.0,1.0
2026-03-03 20:00:00,T05,8.31,398.0,1.0
2026-03-03 21:00:00,T01,6.54,117.1,1.0
2026-03-03 21:00:00,T02,9.31,694.7,1.0
2026-03-03 21:00:00,T03,3.31,40.0,1.0
2026-03-03 21:00:00,T04,7.17,175.1,1.0
2026-03-03 21:00:00,T05,8.8,520.8,1.0
2026-03-03 22:00:00,T01,3.1,0.0,1.0
2026-03-03 22:00:00,T02,3.83,13.7,1.0
2026-03-03 22:00:00,T03,9.05,612.1,1.0
2026-03-03 22:00:00,T04,4.89,18.6,1.0
2026-03-03 22:00:00,T05,6.05,44.3,1.0
2026-03-03 23:00:00,T01,3.59,0.0,1.0
2026-03-03 23:00:00,T02,5.93,42.2,1.0
2026-03-03 23:00:00,T03,6.49,148.3,1.0
2026-03-03 23:00:00,T04,6.79,121.8,1.0
2026-03-03 23:00:00,T05,7.06,169.6,1.0
2026-03-04 00:00:00,T01,4.31,0.0,1.0
2026-03-04 00:00:00,T02,8.07,325.7,1.0
2026-03-04 00:00:00,T03,4.31,0.0,1.0
2026-03-04 00:00:00,T04,8.24,387.7,1.0
2026-03-04 00:00:00,T05,5.92,97.9,1.0
2026-03-04 01:00:00,T01,7.49,261.2,1.0
2026-03-04 01:00:00,T02,5.11,65.5,1.0
2026-03-04 01:00:00,T03,5.79,36.3,1.0
2026-03-04 01:00:00,T04,7.38,227.4,1.0
2026-03-04 01:00:00,T05,5.86,66.7,1.0
2026-03-04 02:00:00,T01,6.59,130.8,1.0
2026-03-04 02:00:00,T02,7.75,271.9,1.0
2026-03-04 02:00:00,T03,5.22,0.9,1.0
2026-03-04 02:00:00,T04,3.37,0.0,1.0
2026-03-04 02:00:00,T05,2.89,0.0,1.0
2026-03-04 03:00:00,T01,7.17,216.6,1.0
2026-03-04 03:00:00,T02,5.11,0.0,1.0
2026-03-04 03:00:00,T03,7.98,344.9,1.0
2026-03-04 03:00:00,T04,4.26,7.1,1.0
2026-03-04 03:00:00,T05,6.41,139.4,1.0
2026-03-04 04:00:00,T01,6.48,104.5,1.0
2026-03-04 04:00:00,T02,4.65,11.3,1.0
2026-03-04 04:00:00,T03,6.28,98.7,1.0
2026-03-04 04:00:00,T04,5.14,42.5,1.0
2026-03-04 04:00:00,T05,8.87,540.4,1.0
2026-03-04 05:00:00,T01,8.4,436.0,1.0
2026-03-04 05:00:00,T02,9.77,849.4,1.0
2026-03-04 05:00:00,T03,8.33,404.1,1.0
2026-03-04 05:00:00,T04,7.37,223.3,1.0
2026-03-04 05:00:00,T05,2.43,35.5,1.0
2026-03-04 06:00:00,T01,7.77,313.1,1.0
2026-03-04 06:00:00,T02,4.51,0.0,1.0
2026-03-04 06:00:00,T03,10.64,1200.3,1.0
2026-03-04 06:00:00,T04,6.9,151.2,1.0
2026-03-04 06:00:00,T05,5.72,90.2,1.0
2026-03-04 07:00:00,T01,6.72,134.0,1.0
2026-03-04 07:00:00,T02,9.04,597.2,1.0
2026-03-04 07:00:00,T03,8.47,417.4,1.0
2026-03-04 07:00:00,T04,10.42,1117.9,1.0
2026-03-04 07:00:00,T05,9.31,691.9,1.0
2026-03-04 08:00:00,T01,9.59,795.9,1.0
2026-03-04 08:00:00,T02,13.39,2000.0,1.0
2026-03-04 08:00:00,T03,10.65,1228.4,1.0
2026-03-04 08:00:00,T04,9.94,916.4,1.0
2026-03-04 08:00:00,T05,8.44,404.1,1.0
2026-03-04 09:00:00,T01,7.62,254.5,1.0
2026-03-04 09:00:00,T02,8.54,446.2,1.0
2026-03-04 09:00:00,T03,6.25,82.2,1.0
2026-03-04 09:00:00,T04,10.76,1236.4,1.0
2026-03-04 09:00:00,T05,8.44,497.9,1.0
2026-03-04 10:00:00,T01,7.0,166.3,1.0
2026-03-04 10:00:00,T02,9.43,693.6,1.0
2026-03-04 10:00:00,T03,10.21,1010.1,1.0
2026-03-04 10:00:00,T04,7.65,287.5,1.0
2026-03-04 10:00:00,T05,6.57,134.5,1.0
2026-03-04 11:00:00,T01,7.76,285.7,1.0
2026-03-04 11:00:00,T02,6.37,128.5,1.0
2026-03-04 11:00:00,T03,7.69,321.8,1.0
2026-03-04 11:00:00,T04,7.92,315.5,1.0
2026-03-04 11:00:00,T05,11.42,1629.6,1.0
2026-03-04 12:00:00,T01,6.5,88.1,1.0
2026-03-04 12:00:00,T02,8.58,489.4,1.0
2026-03-04 12:00:00,T03,8.11,363.8,1.0
2026-03-04 12:00:00,T04,5.69,84.9,1.0
2026-03-04 12:00:00,T05,8.83,568.7,1.0
2026-03-04 13:00:00,T01,10.05,972.8,1.0
2026-03-04 13:00:00,T02,8.66,481.2,1.0
2026-03-04 13:00:00,T03,9.29,714.6,1.0
2026-03-04 13:00:00,T04,8.11,379.8,1.0
2026-03-04 13:00:00,T05,11.15,1500.5,1.0
2026-03-04 14:00:00,T01,8.2,373.7,1.0
2026-03-04 14:00:00,T02,13.05,1960.4,1.0
2026-03-04 14:00:00,T03,7.83,295.2,1.0
2026-03-04 14:00:00,T04,5.21,58.8,1.0
2026-03-04 14:00:00,T05,10.53,1205.2,1.0
2026-03-04 15:00:00,T01,10.13,996.7,1.0
2026-03-04 15:00:00,T02,8.98,567.0,1.0
2026-03-04 15:00:00,T03,10.29,1067.6,1.0
2026-03-04 15:00:00,T04,6.75,119.0,1.0
2026-03-04 15:00:00,T05,9.65,788.5,1.0
2026-03-04 16:00:00,T01,8.58,489.4,1.0
2026-03-04 16:00:00,T02,2.08,0.0,1.0
2026-03-04 16:00:00,T03,5.66,50.3,1.0
2026-03-04 16:00:00,T04,10.58,1184.2,1.0
2026-03-04 16:00:00,T05,8.95,586.6,1.0
2026-03-04 17:00:00,T01,10.19,1031.9,1.0
2026-03-04 17:00:00,T02,8.54,496.5,1.0
2026-03-04 17:00:00,T03,6.45,70.0,1.0
2026-03-04 17:00:00,T04,7.57,231.3,1.0
2026-03-04 17:00:00,T05,7.83,280.1,1.0
2026-03-04 18:00:00,T01,11.52,1714.6,1.0
2026-03-04 18:00:00,T02,10.19,992.7,1.0
2026-03-04 18:00:00,T03,7.61,305.1,1.0
2026-03-04 18:00:00,T04,7.05,164.3,1.0
2026-03-04 18:00:00,T05,6.81,168.0,1.0
2026-03-04 19:00:00,T01,6.4,105.8,1.0
2026-03-04 19:00:00,T02,4.76,13.0,1.0
2026-03-04 19:00:00,T03,9.15,634.7,1.0
2026-03-04 19:00:00,T04,6.33,132.9,1.0
2026-03-04 19:00:00,T05,3.02,0.0,1.0
2026-03-04 20:00:00,T01,4.97,10.3,1.0
2026-03-04 20:00:00,T02,2.6,16.9,1.0
2026-03-04 20:00:00,T03,5.08,43.4,1.0
2026-03-04 20:00:00,T04,6.5,154.5,1.0
2026-03-04 20:00:00,T05,8.05,359.6,1.0
2026-03-04 21:00:00,T01,5.72,53.3,1.0
2026-03-04 21:00:00,T02,3.76,0.0,1.0
2026-03-04 21:00:00,T03,8.23,373.9,1.0
2026-03-04 21:00:00,T04,6.1,52.8,1.0
2026-03-04 21:00:00,T05,9.12,625.0,1.0
2026-03-04 22:00:00,T01,3.07,0.0,1.0
2026-03-04 22:00:00,T02,8.19,408.3,1.0
2026-03-04 22:00:00,T03,6.62,126.4,1.0
2026-03-04 22:00:00,T04,7.75,282.3,1.0
2026-03-04 22:00:00,T05,3.92,0.0,1.0
2026-03-04 23:00:00,T01,3.33,0.0,1.0
2026-03-04 23:00:00,T02,4.56,0.0,1.0
2026-03-04 23:00:00,T03,9.53,741.6,1.0
2026-03-04 23:00:00,T04,4.6,9.3,1.0
2026-03-04 23:00:00,T05,6.47,93.2,1.0
2026-03-05 00:00:00,T01,3.59,0.0,1.0
2026-03-05 00:00:00,T02,6.32,109.1,1.0
2026-03-05 00:00:00,T03,4.75,45.7,1.0
2026-03-05 00:00:00,T04,4.87,32.6,1.0
2026-03-05 00:00:00,T05,5.8,79.7,1.0
2026-03-05 01:00:00,T01,4.46,0.0,1.0
2026-03-05 01:00:00,T02,1.9,6.2,1.0
2026-03-05 01:00:00,T03,5.2,37.1,1.0
2026-03-05 01:00:00,T04,5.11,0.0,1.0
2026-03-05 01:00:00,T05,5.49,79.7,1.0
2026-03-05 02:00:00,T01,6.74,154.0,1.0
2026-03-05 02:00:00,T02,5.44,66.7,1.0
2026-03-05 02:00:00,T03,6.27,105.0,1.0
2026-03-05 02:00:00,T04,5.22,0.0,1.0
2026-03-05 02:00:00,T05,5.58,33.3,1.0
2026-03-05 03:00:00,T01,4.79,0.0,1.0
2026-03-05 03:00:00,T02,9.74,853.7,1.0
2026-03-05 03:00:00,T03,4.7,47.6,1.0
2026-03-05 03:00:00,T04,12.14,2000.0,1.0
2026-03-05 03:00:00,T05,2.59,13.8,1.0
2026-03-05 04:00:00,T01,5.77,48.7,1.0
2026-03-05 04:00:00,T02,6.02,16.4,1.0
2026-03-05 04:00:00,T03,6.09,109.8,1.0
2026-03-05 04:00:00,T04,10.45,1083.8,1.0
2026-03-05 04:00:00,T05,9.23,674.6,1.0
2026-03-05 05:00:00,T01,8.6,514.2,1.0
2026-03-05 05:00:00,T02,4.68,0.0,1.0
2026-03-05 05:00:00,T03,7.09,206.4,1.0
2026-03-05 05:00:00,T04,10.46,1127.8,1.0
2026-03-05 05:00:00,T05,6.41,108.8,1.0
2026-03-05 06:00:00,T01,5.5,34.2,1.0
2026-03-05 06:00:00,T02,9.34,704.1,1.0
2026-03-05 06:00:00,T03,9.21,621.5,1.0
2026-03-05 06:00:00,T04,5.37,40.5,1.0
2026-03-05 06:00:00,T05,7.64,235.4,1.0
2026-03-05 07:00:00,T01,10.36,1113.9,1.0
2026-03-05 07:00:00,T02,9.71,822.3,1.0
2026-03-05 07:00:00,T03,7.98,322.0,1.0
2026-03-05 07:00:00,T04,4.79,26.2,1.0
2026-03-05 07:00:00,T05,10.37,1063.6,1.0
2026-03-05 08:00:00,T01,6.65,110.3,1.0
2026-03-05 08:00:00,T02,6.73,154.8,1.0
2026-03-05 08:00:00,T03,5.95,45.6,1.0
2026-03-05 08:00:00,T04,8.94,570.1,1.0
2026-03-05 08:00:00,T05,8.5,436.6,1.0
2026-03-05 09:00:00,T01,8.81,532.6,1.0
2026-03-05 09:00:00,T02,7.47,265.3,1.0
2026-03-05 09:00:00,T03,6.02,93.4,1.0
2026-03-05 09:00:00,T04,6.8,141.5,1.0
2026-03-05 09:00:00,T05,6.42,56.3,1.0
2026-03-05 10:00:00,T01,7.24,185.6,1.0
2026-03-05 10:00:00,T02,10.56,1201.3,1.0
2026-03-05 10:00:00,T03,7.08,190.9,1.0
2026-03-05 10:00:00,T04,9.05,630.0,1.0
2026-03-05 10:00:00,T05,10.72,1297.4,1.0
2026-03-05 11:00:00,T01,8.64,484.0,1.0
2026-03-05 11:00:00,T02,8.12,363.6,1.0
2026-03-05 11:00:00,T03,5.1,0.0,1.0
2026-03-05 11:00:00,T04,8.15,382.3,1.0
2026-03-05 11:00:00,T05,9.56,784.7,1.0
2026-03-05 12:00:00,T01,11.16,1510.4,1.0
2026-03-05 12:00:00,T02,9.16,595.5,1.0
2026-03-05 12:00:00,T03,6.04,72.0,1.0
2026-03-05 12:00:00,T04,10.29,1045.2,1.0
2026-03-05 12:00:00,T05,8.34,416.9,1.0
2026-03-05 13:00:00,T01,5.28,0.0,1.0
2026-03-05 13:00:00,T02,11.93,1944.8,1.0
2026-03-05 13:00:00,T03,11.61,1715.1,1.0
2026-03-05 13:00:00,T04,8.24,394.7,1.0
2026-03-05 13:00:00,T05,7.33,168.2,1.0
2026-03-05 14:00:00,T01,9.46,752.1,1.0
2026-03-05 14:00:00,T02,8.09,371.5,1.0
2026-03-05 14:00:00,T03,7.91,322.7,1.0
2026-03-05 14:00:00,T04,7.28,224.4,1.0
2026-03-05 14:00:00,T05,10.03,908.1,1.0
2026-03-05 15:00:00,T01,8.09,368.5,1.0
2026-03-05 15:00:00,T02,7.45,214.6,1.0
2026-03-05 15:00:00,T03,10.63,1178.1,1.0
2026-03-05 15:00:00,T04,15.31,2000.0,1.0
2026-03-05 15:00:00,T05,7.61,269.3,1.0
2026-03-05 16:00:00,T01,8.88,544.3,1.0
2026-03-05 16:00:00,T02,3.58,16.3,1.0
2026-03-05 16:00:00,T03,7.46,256.8,1.0
2026-03-05 16:00:00,T04,8.38,447.9,1.0
2026-03-05 16:00:00,T05,6.58,174.6,1.0
2026-03-05 17:00:00,T01,6.55,86.4,1.0
2026-03-05 17:00:00,T02,7.85,335.5,1.0
2026-03-05 17:00:00,T03,7.06,193.2,1.0
2026-03-05 17:00:00,T04,6.43,141.1,1.0
2026-03-05 17:00:00,T05,8.26,380.8,1.0
2026-03-05 18:00:00,T01,7.69,284.7,1.0
2026-03-05 18:00:00,T02,7.51,254.9,1.0
2026-03-05 18:00:00,T03,4.5,56.9,1.0
2026-03-05 18:00:00,T04,6.29,82.5,1.0
2026-03-05 18:00:00,T05,8.31,432.0,1.0
2026-03-05 19:00:00,T01,7.31,206.6,1.0
2026-03-05 19:00:00,T02,6.05,1.3,1.0
2026-03-05 19:00:00,T03,8.98,606.8,1.0
2026-03-05 19:00:00,T04,9.08,602.4,1.0
2026-03-05 19:00:00,T05,8.74,507.7,1.0
2026-03-05 20:00:00,T01,7.55,263.8,1.0
2026-03-05 20:00:00,T02,8.07,324.7,1.0
2026-03-05 20:00:00,T03,4.88,7.7,1.0
2026-03-05 20:00:00,T04,6.28,91.3,1.0
2026-03-05 20:00:00,T05,4.52,11.1,1.0
2026-03-05 21:00:00,T01,5.27,32.8,1.0
2026-03-05 21:00:00,T02,5.08,71.9,1.0
2026-03-05 21:00:00,T03,10.26,1071.0,1.0
2026-03-05 21:00:00,T04,12.96,1996.4,1.0
2026-03-05 21:00:00,T05,4.45,38.7,1.0
2026-03-05 22:00:00,T01,9.62,837.0,1.0
2026-03-05 22:00:00,T02,4.75,1.0,1.0
2026-03-05 22:00:00,T03,4.08,0.0,1.0
2026-03-05 22:00:00,T04,2.59,0.0,1.0
2026-03-05 22:00:00,T05,7.73,282.5,1.0
2026-03-05 23:00:00,T01,6.2,83.6,1.0
2026-03-05 23:00:00,T02,5.34,0.0,1.0
2026-03-05 23:00:00,T03,7.98,314.4,1.0
2026-03-05 23:00:00,T04,6.5,149.5,1.0
2026-03-05 23:00:00,T05,3.63,0.0,1.0
2026-03-06 00:00:00,T01,3.92,0.0,1.0
2026-03-06 00:00:00,T02,5.17,58.9,1.0
2026-03-06 00:00:00,T03,7.79,309.8,1.0
2026-03-06 00:00:00,T04,6.55,145.2,1.0
2026-03-06 00:00:00,T05,4.07,38.8,1.0
2026-03-06 01:00:00,T01,6.27,100.4,1.0
2026-03-06 01:00:00,T02,2.64,0.3,1.0
2026-03-06 01:00:00,T03,3.51,0.0,1.0
2026-03-06 01:00:00,T04,7.5,243.1,1.0
2026-03-06 01:00:00,T05,6.83,155.8,1.0
2026-03-06 02:00:00,T01,6.36,109.1,1.0
2026-03-06 02:00:00,T02,3.95,30.0,1.0
2026-03-06 02:00:00,T03,7.38,229.5,1.0
2026-03-06 02:00:00,T04,9.08,633.3,1.0
2026-03-06 02:00:00,T05,8.91,592.6,1.0
2026-03-06 03:00:00,T01,9.01,629.7,1.0
2026-03-06 03:00:00,T02,4.68,19.9,1.0
2026-03-06 03:00:00,T03,4.21,0.0,1.0
2026-03-06 03:00:00,T04,6.58,131.1,1.0
2026-03-06 03:00:00,T05,6.77,129.5,1.0
2026-03-06 04:00:00,T01,7.59,286.7,1.0
2026-03-06 04:00:00,T02,6.3,109.7,1.0
2026-03-06 04:00:00,T03,5.61,51.3,1.0
2026-03-06 04:00:00,T04,6.79,167.2,1.0
2026-03-06 04:00:00,T05,6.89,196.8,1.0
2026-03-06 05:00:00,T01,8.57,483.9,1.0
2026-03-06 05:00:00,T02,5.7,63.2,1.0
2026-03-06 05:00:00,T03,6.78,120.7,1.0
2026-03-06 05:00:00,T04,5.3,0.0,1.0
2026-03-06 05:00:00,T05,6.73,148.9,1.0
2026-03-06 06:00:00,T01,10.16,1044.4,1.0
2026-03-06 06:00:00,T02,9.7,843.5,1.0
2026-03-06 06:00:00,T03,9.34,710.6,1.0
2026-03-06 06:00:00,T04,7.43,235.5,1.0
2026-03-06 06:00:00,T05,7.22,216.6,1.0
2026-03-06 07:00:00,T01,5.33,5.2,1.0
2026-03-06 07:00:00,T02,3.25,57.0,1.0
2026-03-06 07:00:00,T03,9.58,782.7,1.0
2026-03-06 07:00:00,T04,6.73,140.6,1.0
2026-03-06 07:00:00,T05,7.11,193.6,1.0
2026-03-06 08:00:00,T01,6.36,87.7,1.0
2026-03-06 08:00:00,T02,8.19,407.5,1.0
2026-03-06 08:00:00,T03,7.56,295.6,1.0
2026-03-06 08:00:00,T04,5.01,37.9,1.0
2026-03-06 08:00:00,T05,8.51,446.8,1.0
2026-03-06 09:00:00,T01,7.04,157.8,1.0
2026-03-06 09:00:00,T02,6.6,88.6,1.0
2026-03-06 09:00:00,T03,9.86,886.1,1.0
2026-03-06 09:00:00,T04,10.64,1206.3,1.0
2026-03-06 09:00:00,T05,7.74,292.9,1.0
2026-03-06 10:00:00,T01,7.89,310.6,1.0
2026-03-06 10:00:00,T02,11.31,1584.9,1.0
2026-03-06 10:00:00,T03,9.71,810.7,1.0
2026-03-06 10:00:00,T04,7.44,177.6,1.0
2026-03-06 10:00:00,T05,9.28,667.5,1.0
2026-03-06 11:00:00,T01,7.74,257.5,1.0
2026-03-06 11:00:00,T02,11.37,1638.5,1.0
2026-03-06 11:00:00,T03,8.73,509.3,1.0
2026-03-06 11:00:00,T04,7.79,274.0,1.0
2026-03-06 11:00:00,T05,10.48,1171.3,1.0
2026-03-06 12:00:00,T01,10.84,1336.7,1.0
2026-03-06 12:00:00,T02,9.65,835.5,1.0
2026-03-06 12:00:00,T03,6.32,67.1,1.0
2026-03-06 12:00:00,T04,11.65,1771.1,1.0
2026-03-06 12:00:00,T05,11.33,1583.3,1.0
2026-03-06 13:00:00,T01,9.82,864.4,1.0
2026-03-06 13:00:00,T02,8.7,497.1,1.0
2026-03-06 13:00:00,T03,8.44,453.0,1.0
2026-03-06 13:00:00,T04,10.41,1118.6,1.0
2026-03-06 13:00:00,T05,9.86,849.1,1.0
2026-03-06 14:00:00,T01,5.68,16.2,1.0
2026-03-06 14:00:00,T02,9.07,642.7,1.0
2026-03-06 14:00:00,T03,14.73,2000.0,1.0
2026-03-06 14:00:00,T04,9.11,668.3,1.0
2026-03-06 14:00:00,T05,8.26,358.0,1.0
2026-03-06 15:00:00,T01,7.07,159.8,1.0
2026-03-06 15:00:00,T02,5.26,55.0,1.0
2026-03-06 15:00:00,T03,6.92,227.6,1.0
2026-03-06 15:00:00,T04,10.82,1328.6,1.0
2026-03-06 15:00:00,T05,7.5,206.1,1.0
2026-03-06 16:00:00,T01,8.36,429.3,1.0
2026-03-06 16:00:00,T02,9.13,696.6,1.0
2026-03-06 16:00:00,T03,7.18,185.4,1.0
2026-03-06 16:00:00,T04,8.34,419.0,1.0
2026-03-06 16:00:00,T05,11.9,1952.5,1.0
2026-03-06 17:00:00,T01,10.7,1272.3,1.0
2026-03-06 17:00:00,T02,10.49,1134.2,1.0
2026-03-06 17:00:00,T03,5.75,50.3,1.0
2026-03-06 17:00:00,T04,7.93,328.4,1.0
2026-03-06 17:00:00,T05,10.3,1039.5,1.0
2026-03-06 18:00:00,T01,10.38,1151.9,1.0
2026-03-06 18:00:00,T02,7.03,166.7,1.0
2026-03-06 18:00:00,T03,9.31,674.8,1.0
2026-03-06 18:00:00,T04,9.17,670.5,1.0
2026-03-06 18:00:00,T05,9.52,769.2,1.0
2026-03-06 19:00:00,T01,11.7,1878.9,1.0
2026-03-06 19:00:00,T02,8.29,398.9,1.0
2026-03-06 19:00:00,T03,10.27,1057.7,1.0
2026-03-06 19:00:00,T04,11.05,1413.9,1.0
2026-03-06 19:00:00,T05,8.54,469.8,1.0
2026-03-06 20:00:00,T01,8.62,496.9,1.0
2026-03-06 20:00:00,T02,7.57,248.9,1.0
2026-03-06 20:00:00,T03,10.09,986.2,1.0
2026-03-06 20:00:00,T04,9.1,619.7,1.0
2026-03-06 20:00:00,T05,4.28,4.2,1.0
2026-03-06 21:00:00,T01,6.59,102.7,1.0
2026-03-06 21:00:00,T02,5.09,2.7,1.0
2026-03-06 21:00:00,T03,10.37,1095.8,1.0
2026-03-06 21:00:00,T04,2.21,0.0,1.0
2026-03-06 21:00:00,T05,7.02,189.2,1.0
2026-03-06 22:00:00,T01,3.77,0.0,1.0
2026-03-06 22:00:00,T02,4.58,0.0,1.0
2026-03-06 22:00:00,T03,6.78,175.0,1.0
2026-03-06 22:00:00,T04,10.78,1325.3,1.0
2026-03-06 22:00:00,T05,13.14,2000.0,1.0
2026-03-06 23:00:00,T01,5.84,69.7,1.0
2026-03-06 23:00:00,T02,8.65,483.5,1.0
2026-03-06 23:00:00,T03,8.78,513.5,1.0
2026-03-06 23:00:00,T04,7.93,338.7,1.0
2026-03-06 23:00:00,T05,4.74,0.0,1.0
2026-03-07 00:00:00,T01,5.03,2.7,1.0
2026-03-07 00:00:00,T02,9.07,621.5,1.0
2026-03-07 00:00:00,T03,5.29,57.7,1.0
2026-03-07 00:00:00,T04,5.62,31.4,1.0
2026-03-07 00:00:00,T05,5.12,18.0,1.0
2026-03-07 01:00:00,T01,5.15,16.7,1.0
2026-03-07 01:00:00,T02,3.59,0.0,1.0
2026-03-07 01:00:00,T03,11.1,1470.2,1.0
2026-03-07 01:00:00,T04,7.57,258.6,1.0
2026-03-07 01:00:00,T05,6.35,113.4,1.0
2026-03-07 02:00:00,T01,5.16,12.3,1.0
2026-03-07 02:00:00,T02,8.06,403.8,1.0
2026-03-07 02:00:00,T03,8.69,505.0,1.0
2026-03-07 02:00:00,T04,2.29,12.7,1.0
2026-03-07 02:00:00,T05,2.01,41.0,1.0
2026-03-07 03:00:00,T01,5.62,45.6,1.0
2026-03-07 03:00:00,T02,4.5,9.7,1.0
2026-03-07 03:00:00,T03,4.97,13.1,1.0
2026-03-07 03:00:00,T04,8.61,478.5,1.0
2026-03-07 03:00:00,T05,6.62,172.4,1.0
2026-03-07 04:00:00,T01,8.62,512.8,1.0
2026-03-07 04:00:00,T02,4.91,51.3,1.0
2026-03-07 04:00:00,T03,12.59,2000.0,1.0
2026-03-07 04:00:00,T04,9.44,718.8,1.0
2026-03-07 04:00:00,T05,6.6,94.0,1.0
2026-03-07 05:00:00,T01,7.32,225.6,1.0
2026-03-07 05:00:00,T02,6.37,111.2,1.0
2026-03-07 05:00:00,T03,5.1,4.8,1.0
2026-03-07 05:00:00,T04,6.46,97.2,1.0
2026-03-07 05:00:00,T05,5.82,53.0,1.0
2026-03-07 06:00:00,T01,6.02,71.7,1.0
2026-03-07 06:00:00,T02,4.99,42.4,1.0
2026-03-07 06:00:00,T03,4.22,12.4,1.0
2026-03-07 06:00:00,T04,3.11,8.5,1.0
2026-03-07 06:00:00,T05,10.52,1126.8,1.0
2026-03-07 07:00:00,T01,6.83,127.8,1.0
2026-03-07 07:00:00,T02,7.0,183.1,1.0
2026-03-07 07:00:00,T03,4.46,0.0,1.0
2026-03-07 07:00:00,T04,7.22,197.8,1.0
2026-03-07 07:00:00,T05,6.29,135.8,1.0
2026-03-07 08:00:00,T01,4.6,0.0,1.0
2026-03-07 08:00:00,T02,11.41,1663.9,1.0
2026-03-07 08:00:00,T03,5.53,89.3,1.0
2026-03-07 08:00:00,T04,6.91,153.0,1.0
2026-03-07 08:00:00,T05,8.16,403.3,1.0
2026-03-07 09:00:00,T01,9.16,629.6,1.0
2026-03-07 09:00:00,T02,10.0,942.4,1.0
2026-03-07 09:00:00,T03,5.56,68.3,1.0
2026-03-07 09:00:00,T04,11.81,1840.5,1.0
2026-03-07 09:00:00,T05,7.62,279.2,1.0
2026-03-07 10:00:00,T01,8.68,500.8,1.0
2026-03-07 10:00:00,T02,7.33,234.6,1.0
2026-03-07 10:00:00,T03,9.05,590.0,1.0
2026-03-07 10:00:00,T04,10.6,1204.6,1.0
2026-03-07 10:00:00,T05,9.22,663.7,1.0
2026-03-07 11:00:00,T01,11.38,1660.4,1.0
2026-03-07 11:00:00,T02,12.14,2000.0,1.0
2026-03-07 11:00:00,T03,12.45,2000.0,1.0
2026-03-07 11:00:00,T04,12.33,1995.5,1.0
2026-03-07 11:00:00,T05,12.01,2000.0,1.0
2026-03-07 12:00:00,T01,8.9,566.6,1.0
2026-03-07 12:00:00,T02,9.46,734.1,1.0
2026-03-07 12:00:00,T03,8.25,403.6,1.0
2026-03-07 12:00:00,T04,9.1,614.4,1.0
2026-03-07 12:00:00,T05,5.88,96.1,1.0
2026-03-07 13:00:00,T01,10.35,1114.5,1.0
2026-03-07 13:00:00,T02,10.98,1404.6,1.0
2026-03-07 13:00:00,T03,8.52,449.5,1.0
2026-03-07 13:00:00,T04,10.28,1062.4,1.0
2026-03-07 13:00:00,T05,11.52,1725.0,1.0
2026-03-07 14:00:00,T01,8.33,403.7,1.0
2026-03-07 14:00:00,T02,7.51,307.2,1.0
2026-03-07 14:00:00,T03,10.59,1217.1,1.0
2026-03-07 14:00:00,T04,9.63,819.0,1.0
2026-03-07 14:00:00,T05,7.09,199.4,1.0
2026-03-07 15:00:00,T01,6.52,89.8,1.0
2026-03-07 15:00:00,T02,13.14,1993.2,1.0
2026-03-07 15:00:00,T03,7.78,308.7,1.0
2026-03-07 15:00:00,T04,6.72,158.8,1.0
2026-03-07 15:00:00,T05,8.65,485.3,1.0
2026-03-07 16:00:00,T01,6.71,115.7,1.0
2026-03-07 16:00:00,T02,8.38,438.3,1.0
2026-03-07 16:00:00,T03,8.66,504.0,1.0
2026-03-07 16:00:00,T04,8.94,589.8,1.0
2026-03-07 16:00:00,T05,11.14,1497.3,1.0
2026-03-07 17:00:00,T01,6.49,98.7,1.0
2026-03-07 17:00:00,T02,6.51,149.8,1.0
2026-03-07 17:00:00,T03,7.71,286.4,1.0
2026-03-07 17:00:00,T04,13.24,1994.0,1.0
2026-03-07 17:00:00,T05,9.94,937.9,1.0
2026-03-07 18:00:00,T01,11.34,1647.4,1.0
2026-03-07 18:00:00,T02,4.66,41.0,1.0
2026-03-07 18:00:00,T03,7.87,326.9,1.0
2026-03-07 18:00:00,T04,6.34,87.9,1.0
2026-03-07 18:00:00,T05,5.38,32.3,1.0
2026-03-07 19:00:00,T01,5.92,47.6,1.0
2026-03-07 19:00:00,T02,8.7,509.2,1.0
2026-03-07 19:00:00,T03,6.39,112.7,1.0
2026-03-07 19:00:00,T04,8.11,339.4,1.0
2026-03-07 19:00:00,T05,11.17,1487.9,1.0
2026-03-07 20:00:00,T01,8.59,501.3,1.0
2026-03-07 20:00:00,T02,8.14,313.4,1.0
2026-03-07 20:00:00,T03,6.54,122.9,1.0
2026-03-07 20:00:00,T04,6.14,70.5,1.0
2026-03-07 20:00:00,T05,9.47,772.8,1.0
2026-03-07 21:00:00,T01,5.29,10.4,1.0
2026-03-07 21:00:00,T02,8.87,567.1,1.0
2026-03-07 21:00:00,T03,7.93,312.5,1.0
2026-03-07 21:00:00,T04,7.54,257.1,1.0
2026-03-07 21:00:00,T05,9.21,697.7,1.0
2026-03-07 22:00:00,T01,8.08,383.7,1.0
2026-03-07 22:00:00,T02,7.58,207.6,1.0
2026-03-07 22:00:00,T03,4.81,58.7,1.0
2026-03-07 22:00:00,T04,4.2,0.0,1.0
2026-03-07 22:00:00,T05,3.86,0.0,1.0
2026-03-07 23:00:00,T01,7.57,271.1,1.0
2026-03-07 23:00:00,T02,3.94,39.0,1.0
2026-03-07 23:00:00,T03,5.45,14.1,1.0
2026-03-07 23:00:00,T04,8.47,452.0,1.0
2026-03-07 23:00:00,T05,5.88,58.9,1.0
2026-03-08 00:00:00,T01,5.02,18.7,1.0
2026-03-08 00:00:00,T02,4.96,25.0,1.0
2026-03-08 00:00:00,T03,5.54,55.6,1.0
2026-03-08 00:00:00,T04,6.26,71.1,1.0
2026-03-08 00:00:00,T05,5.4,46.7,1.0
2026-03-08 01:00:00,T01,5.76,56.8,1.0
2026-03-08 01:00:00,T02,2.97,25.0,1.0
2026-03-08 01:00:00,T03,6.19,81.3,1.0
2026-03-08 01:00:00,T04,5.97,30.5,1.0
2026-03-08 01:00:00,T05,6.63,143.9,1.0
2026-03-08 02:00:00,T01,5.92,52.2,1.0
2026-03-08 02:00:00,T02,5.13,3.9,1.0
2026-03-08 02:00:00,T03,6.87,203.0,1.0
2026-03-08 02:00:00,T04,4.8,36.6,1.0
2026-03-08 02:00:00,T05,8.91,554.5,1.0
2026-03-08 03:00:00,T01,6.88,171.4,1.0
2026-03-08 03:00:00,T02,6.47,76.3,1.0
2026-03-08 03:00:00,T03,6.41,86.2,1.0
2026-03-08 03:00:00,T04,7.15,184.2,1.0
2026-03-08 03:00:00,T05,5.77,105.5,1.0
2026-03-08 04:00:00,T01,5.29,21.6,1.0
2026-03-08 04:00:00,T02,2.31,6.5,1.0
2026-03-08 04:00:00,T03,6.05,59.3,1.0
2026-03-08 04:00:00,T04,4.49,0.0,1.0
2026-03-08 04:00:00,T05,9.54,778.8,1.0
2026-03-08 05:00:00,T01,5.43,8.7,1.0
2026-03-08 05:00:00,T02,10.58,1191.9,1.0
2026-03-08 05:00:00,T03,5.11,1.7,1.0
2026-03-08 05:00:00,T04,8.64,464.3,1.0
2026-03-08 05:00:00,T05,9.08,630.8,1.0
2026-03-08 06:00:00,T01,6.03,44.3,1.0
2026-03-08 06:00:00,T02,9.63,786.1,1.0
2026-03-08 06:00:00,T03,9.88,903.3,1.0
2026-03-08 06:00:00,T04,8.6,492.5,1.0
2026-03-08 06:00:00,T05,6.85,200.5,1.0
2026-03-08 07:00:00,T01,10.79,1302.4,1.0
2026-03-08 07:00:00,T02,5.77,60.5,1.0
2026-03-08 07:00:00,T03,6.12,48.7,1.0
2026-03-08 07:00:00,T04,7.9,356.6,1.0
2026-03-08 07:00:00,T05,6.93,155.7,1.0
2026-03-08 08:00:00,T01,12.65,2000.0,1.0
2026-03-08 08:00:00,T02,10.05,1031.4,1.0
2026-03-08 08:00:00,T03,14.31,1988.0,1.0
2026-03-08 08:00:00,T04,10.11,974.2,1.0
2026-03-08 08:00:00,T05,3.78,0.0,1.0
2026-03-08 09:00:00,T01,8.38,430.6,1.0
2026-03-08 09:00:00,T02,8.82,561.3,1.0
2026-03-08 09:00:00,T03,10.62,1158.7,1.0
2026-03-08 09:00:00,T04,11.75,1831.6,1.0
2026-03-08 09:00:00,T05,6.08,49.0,1.0
2026-03-08 10:00:00,T01,7.45,238.8,1.0
2026-03-08 10:00:00,T02,8.39,456.7,1.0
2026-03-08 10:00:00,T03,8.29,413.1,1.0
2026-03-08 10:00:00,T04,9.28,706.0,1.0
2026-03-08 10:00:00,T05,10.58,1190.4,1.0
2026-03-08 11:00:00,T01,11.06,1444.0,1.0
2026-03-08 11:00:00,T02,10.42,1142.8,1.0
2026-03-08 11:00:00,T03,10.07,956.0,1.0
2026-03-08 11:00:00,T04,7.78,253.5,1.0
2026-03-08 11:00:00,T05,3.9,0.0,1.0
2026-03-08 12:00:00,T01,10.91,1389.5,1.0
2026-03-08 12:00:00,T02,7.96,372.5,1.0
2026-03-08 12:00:00,T03,13.2,1962.8,1.0
2026-03-08 12:00:00,T04,7.81,355.3,1.0
2026-03-08 12:00:00,T05,7.92,345.1,1.0
2026-03-08 13:00:00,T01,10.65,1235.0,1.0
2026-03-08 13:00:00,T02,10.09,974.1,1.0
2026-03-08 13:00:00,T03,12.3,2000.0,1.0
2026-03-08 13:00:00,T04,10.02,1011.2,1.0
2026-03-08 13:00:00,T05,8.57,483.5,1.0
2026-03-08 14:00:00,T01,7.88,308.0,1.0
2026-03-08 14:00:00,T02,9.1,572.1,1.0
2026-03-08 14:00:00,T03,8.59,447.1,1.0
2026-03-08 14:00:00,T04,8.74,452.1,1.0
2026-03-08 14:00:00,T05,8.56,465.8,1.0
2026-03-08 15:00:00,T01,10.1,1009.3,1.0
2026-03-08 15:00:00,T02,9.89,892.5,1.0
2026-03-08 15:00:00,T03,9.44,753.5,1.0
2026-03-08 15:00:00,T04,11.57,1723.0,1.0
2026-03-08 15:00:00,T05,11.86,1908.4,1.0
2026-03-08 16:00:00,T01,9.26,684.6,1.0
2026-03-08 16:00:00,T02,8.45,463.7,1.0
2026-03-08 16:00:00,T03,10.28,1039.9,1.0
2026-03-08 16:00:00,T04,10.29,1045.9,1.0
2026-03-08 16:00:00,T05,9.01,614.9,1.0
2026-03-08 17:00:00,T01,13.12,2000.0,1.0
2026-03-08 17:00:00,T02,8.55,445.7,1.0
2026-03-08 17:00:00,T03,8.53,504.4,1.0
2026-03-08 17:00:00,T04,5.52,37.2,1.0
2026-03-08 17:00:00,T05,4.76,0.0,1.0
2026-03-08 18:00:00,T01,7.65,280.0,1.0
2026-03-08 18:00:00,T02,9.28,674.6,1.0
2026-03-08 18:00:00,T03,5.66,70.4,1.0
2026-03-08 18:00:00,T04,6.82,142.1,1.0
2026-03-08 18:00:00,T05,6.42,115.0,1.0
2026-03-08 19:00:00,T01,3.73,0.0,1.0
2026-03-08 19:00:00,T02,7.65,257.7,1.0
2026-03-08 19:00:00,T03,7.54,232.1,1.0
2026-03-08 19:00:00,T04,7.61,288.5,1.0
2026-03-08 19:00:00,T05,6.86,175.4,1.0
2026-03-08 20:00:00,T01,4.77,0.0,1.0
2026-03-08 20:00:00,T02,4.62,49.2,1.0
2026-03-08 20:00:00,T03,2.36,0.0,1.0
2026-03-08 20:00:00,T04,7.09,184.6,1.0
2026-03-08 20:00:00,T05,7.79,256.8,1.0
2026-03-08 21:00:00,T01,10.11,1026.7,1.0
2026-03-08 21:00:00,T02,4.95,39.0,1.0
2026-03-08 21:00:00,T03,4.32,21.5,1.0
2026-03-08 21:00:00,T04,7.47,222.1,1.0
2026-03-08 21:00:00,T05,9.07,630.3,1.0
2026-03-08 22:00:00,T01,10.28,1101.4,1.0
2026-03-08 22:00:00,T02,9.0,609.1,1.0
2026-03-08 22:00:00,T03,8.54,459.1,1.0
2026-03-08 22:00:00,T04,4.34,2.4,1.0
2026-03-08 22:00:00,T05,6.44,70.2,1.0
2026-03-08 23:00:00,T01,5.62,44.7,1.0
2026-03-08 23:00:00,T02,9.27,690.3,1.0
2026-03-08 23:00:00,T03,5.87,60.4,1.0
2026-03-08 23:00:00,T04,5.09,37.8,1.0
2026-03-08 23:00:00,T05,8.37,421.7,1.0
2026-03-09 00:00:00,T01,5.13,17.1,1.0
2026-03-09 00:00:00,T02,7.26,211.6,1.0
2026-03-09 00:00:00,T03,6.63,163.1,1.0
2026-03-09 00:00:00,T04,5.14,0.0,1.0
2026-03-09 00:00:00,T05,6.16,57.8,1.0
2026-03-09 01:00:00,T01,8.18,417.1,1.0
2026-03-09 01:00:00,T02,5.13,31.5,1.0
2026-03-09 01:00:00,T03,3.46,0.0,1.0
2026-03-09 01:00:00,T04,8.81,497.0,1.0
2026-03-09 01:00:00,T05,6.87,195.4,1.0
2026-03-09 02:00:00,T01,3.77,0.0,1.0
2026-03-09 02:00:00,T02,7.4,204.8,1.0
2026-03-09 02:00:00,T03,4.51,11.8,1.0
2026-03-09 02:00:00,T04,3.69,50.7,1.0
2026-03-09 02:00:00,T05,6.56,95.3,1.0
2026-03-09 03:00:00,T01,4.12,0.0,1.0
2026-03-09 03:00:00,T02,9.07,558.7,1.0
2026-03-09 03:00:00,T03,6.9,186.1,1.0
2026-03-09 03:00:00,T04,5.61,32.9,1.0
2026-03-09 03:00:00,T05,4.82,0.0,1.0
2026-03-09 04:00:00,T01,7.38,246.9,1.0
2026-03-09 04:00:00,T02,3.22,3.8,1.0
2026-03-09 04:00:00,T03,4.96,40.8,1.0
2026-03-09 04:00:00,T04,8.74,515.0,1.0
2026-03-09 04:00:00,T05,7.77,301.3,1.0
2026-03-09 05:00:00,T01,6.93,156.4,1.0
2026-03-09 05:00:00,T02,8.36,429.6,1.0
2026-03-09 05:00:00,T03,3.9,0.0,1.0
2026-03-09 05:00:00,T04,7.87,307.7,1.0
2026-03-09 05:00:00,T05,8.14,361.9,1.0
2026-03-09 06:00:00,T01,7.39,231.7,1.0
2026-03-09 06:00:00,T02,5.6,78.5,1.0
2026-03-09 06:00:00,T03,9.61,783.9,1.0
2026-03-09 06:00:00,T04,7.14,207.9,1.0
2026-03-09 06:00:00,T05,7.15,158.0,1.0
2026-03-09 07:00:00,T01,7.99,337.3,1.0
2026-03-09 07:00:00,T02,6.84,194.3,1.0
2026-03-09 07:00:00,T03,11.34,1550.0,1.0
2026-03-09 07:00:00,T04,7.67,323.7,1.0
2026-03-09 07:00:00,T05,8.68,516.2,1.0
2026-03-09 08:00:00,T01,9.18,656.6,1.0
2026-03-09 08:00:00,T02,8.49,493.6,1.0
2026-03-09 08:00:00,T03,9.01,570.1,1.0
2026-03-09 08:00:00,T04,4.58,25.3,1.0
2026-03-09 08:00:00,T05,7.38,180.4,1.0
2026-03-09 09:00:00,T01,10.28,1092.4,1.0
2026-03-09 09:00:00,T02,12.4,1975.0,1.0
2026-03-09 09:00:00,T03,11.12,1477.4,1.0
2026-03-09 09:00:00,T04,9.49,710.4,1.0
2026-03-09 09:00:00,T05,9.35,675.2,1.0
2026-03-09 10:00:00,T01,8.66,499.1,1.0
2026-03-09 10:00:00,T02,4.9,9.9,1.0
2026-03-09 10:00:00,T03,6.41,105.3,1.0
2026-03-09 10:00:00,T04,9.6,753.1,1.0
2026-03-09 10:00:00,T05,10.57,1177.6,1.0
2026-03-09 11:00:00,T01,9.11,640.6,1.0
2026-03-09 11:00:00,T02,8.61,496.5,1.0
2026-03-09 11:00:00,T03,10.67,1237.8,1.0
2026-03-09 11:00:00,T04,7.68,271.6,1.0
2026-03-09 11:00:00,T05,7.52,274.2,1.0
2026-03-09 12:00:00,T01,5.46,0.0,1.0
2026-03-09 12:00:00,T02,9.66,874.4,1.0
2026-03-09 12:00:00,T03,7.02,203.6,1.0
2026-03-09 12:00:00,T04,7.42,229.8,1.0
2026-03-09 12:00:00,T05,7.9,354.8,1.0
2026-03-09 13:00:00,T01,8.8,533.5,1.0
2026-03-09 13:00:00,T02,9.21,692.6,1.0
2026-03-09 13:00:00,T03,10.29,1033.8,1.0
2026-03-09 13:00:00,T04,8.65,453.1,1.0
2026-03-09 13:00:00,T05,9.92,936.3,1.0
2026-03-09 14:00:00,T01,7.31,197.9,1.0
2026-03-09 14:00:00,T02,12.76,2000.0,1.0
2026-03-09 14:00:00,T03,10.26,1044.8,1.0
2026-03-09 14:00:00,T04,8.28,424.5,1.0
2026-03-09 14:00:00,T05,12.09,1996.2,1.0
2026-03-09 15:00:00,T01,7.46,212.2,1.0
2026-03-09 15:00:00,T02,7.47,235.9,1.0
2026-03-09 15:00:00,T03,5.51,48.2,1.0
2026-03-09 15:00:00,T04,6.74,116.6,1.0
2026-03-09 15:00:00,T05,7.12,130.6,1.0
2026-03-09 16:00:00,T01,7.24,187.0,1.0
2026-03-09 16:00:00,T02,10.11,965.7,1.0
2026-03-09 16:00:00,T03,8.06,338.1,1.0
2026-03-09 16:00:00,T04,9.46,775.7,1.0
2026-03-09 16:00:00,T05,7.99,350.8,1.0
2026-03-09 17:00:00,T01,7.25,201.5,1.0
2026-03-09 17:00:00,T02,6.27,115.8,1.0
2026-03-09 17:00:00,T03,10.77,1320.6,1.0
2026-03-09 17:00:00,T04,9.83,919.1,1.0
2026-03-09 17:00:00,T05,9.95,956.6,1.0
2026-03-09 18:00:00,T01,10.53,1195.7,1.0
2026-03-09 18:00:00,T02,9.31,661.3,1.0
2026-03-09 18:00:00,T03,6.93,189.0,1.0
2026-03-09 18:00:00,T04,8.91,560.3,1.0
2026-03-09 18:00:00,T05,6.17,118.6,1.0
2026-03-09 19:00:00,T01,3.92,0.0,1.0
2026-03-09 19:00:00,T02,6.66,128.6,1.0
2026-03-09 19:00:00,T03,6.59,134.3,1.0
2026-03-09 19:00:00,T04,5.07,35.2,1.0
2026-03-09 19:00:00,T05,7.71,298.5,1.0
2026-03-09 20:00:00,T01,7.81,305.8,1.0
2026-03-09 20:00:00,T02,6.12,80.3,1.0
2026-03-09 20:00:00,T03,7.75,338.3,1.0
2026-03-09 20:00:00,T04,4.7,0.0,1.0
2026-03-09 20:00:00,T05,7.39,202.9,1.0
2026-03-09 21:00:00,T01,6.26,83.4,1.0
2026-03-09 21:00:00,T02,7.04,221.0,1.0
2026-03-09 21:00:00,T03,6.48,77.9,1.0
2026-03-09 21:00:00,T04,8.19,398.7,1.0
2026-03-09 21:00:00,T05,9.21,643.5,1.0
2026-03-09 22:00:00,T01,5.18,20.2,1.0
2026-03-09 22:00:00,T02,3.45,0.0,1.0
2026-03-09 22:00:00,T03,8.13,369.8,1.0
2026-03-09 22:00:00,T04,4.96,8.3,1.0
2026-03-09 22:00:00,T05,7.55,306.2,1.0
2026-03-09 23:00:00,T01,9.02,623.2,1.0
2026-03-09 23:00:00,T02,7.04,120.2,1.0
2026-03-09 23:00:00,T03,8.27,411.5,1.0
2026-03-09 23:00:00,T04,5.28,5.2,1.0
2026-03-09 23:00:00,T05,5.94,34.1,1.0
2026-03-10 00:00:00,T01,6.26,108.6,1.0
2026-03-10 00:00:00,T02,4.17,17.0,1.0
2026-03-10 00:00:00,T03,2.2,0.0,1.0
2026-03-10 00:00:00,T04,6.4,100.9,1.0
2026-03-10 00:00:00,T05,7.72,260.0,1.0
2026-03-10 01:00:00,T01,8.1,397.2,1.0
2026-03-10 01:00:00,T02,6.44,94.7,1.0
2026-03-10 01:00:00,T03,9.37,717.3,1.0
2026-03-10 01:00:00,T04,7.27,202.2,1.0
2026-03-10 01:00:00,T05,4.33,30.0,1.0
2026-03-10 02:00:00,T01,7.31,215.1,1.0
2026-03-10 02:00:00,T02,4.83,18.0,1.0
2026-03-10 02:00:00,T03,6.57,97.0,1.0
2026-03-10 02:00:00,T04,9.09,612.4,1.0
2026-03-10 02:00:00,T05,6.74,132.4,1.0
2026-03-10 03:00:00,T01,4.89,1.0,1.0
2026-03-10 03:00:00,T02,9.33,693.6,1.0
2026-03-10 03:00:00,T03,8.86,568.5,1.0
2026-03-10 03:00:00,T04,8.21,412.1,1.0
2026-03-10 03:00:00,T05,3.68,0.0,1.0
2026-03-10 04:00:00,T01,6.15,79.9,1.0
2026-03-10 04:00:00,T02,8.13,364.1,1.0
2026-03-10 04:00:00,T03,7.52,279.7,1.0
2026-03-10 04:00:00,T04,4.72,0.0,1.0
2026-03-10 04:00:00,T05,6.2,128.2,1.0
2026-03-10 05:00:00,T01,7.14,200.6,1.0
2026-03-10 05:00:00,T02,11.29,1580.5,1.0
2026-03-10 05:00:00,T03,9.09,627.7,1.0
2026-03-10 05:00:00,T04,9.47,787.0,1.0
2026-03-10 05:00:00,T05,6.61,140.4,1.0
2026-03-10 06:00:00,T01,7.28,219.4,1.0
2026-03-10 06:00:00,T02,2.87,0.0,1.0
2026-03-10 06:00:00,T03,6.98,126.7,1.0
2026-03-10 06:00:00,T04,5.36,2.8,1.0
2026-03-10 06:00:00,T05,8.0,333.3,1.0
2026-03-10 07:00:00,T01,5.6,20.9,1.0
2026-03-10 07:00:00,T02,10.01,933.9,1.0
2026-03-10 07:00:00,T03,5.39,13.1,1.0
2026-03-10 07:00:00,T04,9.65,847.0,1.0
2026-03-10 07:00:00,T05,6.47,85.8,1.0
2026-03-10 08:00:00,T01,8.29,408.7,1.0
2026-03-10 08:00:00,T02,9.89,915.3,1.0
2026-03-10 08:00:00,T03,8.29,420.4,1.0
2026-03-10 08:00:00,T04,7.3,193.1,1.0
2026-03-10 08:00:00,T05,10.11,1037.1,1.0
2026-03-10 09:00:00,T01,9.34,705.5,1.0
2026-03-10 09:00:00,T02,9.0,578.5,1.0
2026-03-10 09:00:00,T03,11.7,1808.6,1.0
2026-03-10 09:00:00,T04,9.68,815.9,1.0
2026-03-10 09:00:00,T05,5.42,38.2,1.0
2026-03-10 10:00:00,T01,13.03,2000.0,1.0
2026-03-10 10:00:00,T02,12.96,1959.8,1.0
2026-03-10 10:00:00,T03,9.67,747.8,1.0
2026-03-10 10:00:00,T04,9.33,683.4,1.0
2026-03-10 10:00:00,T05,12.57,2000.0,1.0
2026-03-10 11:00:00,T01,11.45,1700.0,1.0
2026-03-10 11:00:00,T02,7.21,220.9,1.0
2026-03-10 11:00:00,T03,10.03,982.7,1.0
2026-03-10 11:00:00,T04,8.97,576.0,1.0
2026-03-10 11:00:00,T05,7.68,304.3,1.0
2026-03-10 12:00:00,T01,7.34,203.7,1.0
2026-03-10 12:00:00,T02,10.12,1019.3,1.0
2026-03-10 12:00:00,T03,10.59,1200.7,1.0
2026-03-10 12:00:00,T04,9.4,739.9,1.0
2026-03-10 12:00:00,T05,9.92,896.5,1.0
2026-03-10 13:00:00,T01,8.19,375.9,1.0
2026-03-10 13:00:00,T02,11.03,1420.8,1.0
2026-03-10 13:00:00,T03,10.15,984.0,1.0
2026-03-10 13:00:00,T04,9.32,729.3,1.0
2026-03-10 13:00:00,T05,7.78,287.5,1.0
2026-03-10 14:00:00,T01,6.31,62.7,1.0
2026-03-10 14:00:00,T02,10.23,987.7,1.0
2026-03-10 14:00:00,T03,8.29,431.7,1.0
2026-03-10 14:00:00,T04,9.12,660.0,1.0
2026-03-10 14:00:00,T05,6.17,123.3,1.0
2026-03-10 15:00:00,T01,7.1,174.6,1.0
2026-03-10 15:00:00,T02,7.19,219.4,1.0
2026-03-10 15:00:00,T03,8.05,337.0,1.0
2026-03-10 15:00:00,T04,7.15,186.5,1.0
2026-03-10 15:00:00,T05,11.28,1593.2,1.0
2026-03-10 16:00:00,T01,7.55,266.2,1.0
2026-03-10 16:00:00,T02,9.2,611.4,1.0
2026-03-10 16:00:00,T03,5.06,6.8,1.0
2026-03-10 16:00:00,T04,8.15,379.0,1.0
2026-03-10 16:00:00,T05,7.9,275.5,1.0
2026-03-10 17:00:00,T01,10.92,1392.4,1.0
2026-03-10 17:00:00,T02,6.76,153.9,1.0
2026-03-10 17:00:00,T03,8.79,542.2,1.0
2026-03-10 17:00:00,T04,10.55,1161.1,1.0
2026-03-10 17:00:00,T05,12.26,2000.0,1.0
2026-03-10 18:00:00,T01,6.89,143.8,1.0
2026-03-10 18:00:00,T02,6.12,60.8,1.0
2026-03-10 18:00:00,T03,6.75,189.2,1.0
2026-03-10 18:00:00,T04,8.24,370.4,1.0
2026-03-10 18:00:00,T05,5.31,30.7,1.0
2026-03-10 19:00:00,T01,5.9,50.8,1.0
2026-03-10 19:00:00,T02,6.9,133.9,1.0
2026-03-10 19:00:00,T03,7.97,377.0,1.0
2026-03-10 19:00:00,T04,12.62,1971.3,1.0
2026-03-10 19:00:00,T05,5.8,34.3,1.0
2026-03-10 20:00:00,T01,2.95,0.0,1.0
2026-03-10 20:00:00,T02,10.05,950.3,1.0
2026-03-10 20:00:00,T03,8.35,428.2,1.0
2026-03-10 20:00:00,T04,7.32,209.8,1.0
2026-03-10 20:00:00,T05,10.33,1085.9,1.0
2026-03-10 21:00:00,T01,6.06,74.8,1.0
2026-03-10 21:00:00,T02,6.82,148.5,1.0
2026-03-10 21:00:00,T03,5.59,59.4,1.0
2026-03-10 21:00:00,T04,3.29,6.3,1.0
2026-03-10 21:00:00,T05,4.82,0.0,1.0
2026-03-10 22:00:00,T01,5.9,40.4,1.0
2026-03-10 22:00:00,T02,10.15,988.0,1.0
2026-03-10 22:00:00,T03,1.67,19.8,1.0
2026-03-10 22:00:00,T04,2.24,0.0,1.0
2026-03-10 22:00:00,T05,9.15,626.7,1.0
2026-03-10 23:00:00,T01,5.31,20.7,1.0
2026-03-10 23:00:00,T02,7.08,201.2,1.0
2026-03-10 23:00:00,T03,8.63,457.1,1.0
2026-03-10 23:00:00,T04,7.77,296.4,1.0
2026-03-10 23:00:00,T05,8.89,541.8,1.0
2026-03-11 00:00:00,T01,4.32,0.0,1.0
2026-03-11 00:00:00,T02,3.09,0.0,1.0
2026-03-11 00:00:00,T03,6.28,113.2,1.0
2026-03-11 00:00:00,T04,6.72,179.7,1.0
2026-03-11 00:00:00,T05,4.54,0.0,1.0
2026-03-11 01:00:00,T01,5.78,56.6,1.0
2026-03-11 01:00:00,T02,8.18,406.1,1.0
2026-03-11 01:00:00,T03,8.13,351.8,1.0
2026-03-11 01:00:00,T04,3.46,28.3,1.0
2026-03-11 01:00:00,T05,8.71,508.7,1.0
2026-03-11 02:00:00,T01,2.82,0.0,1.0
2026-03-11 02:00:00,T02,4.15,11.3,1.0
2026-03-11 02:00:00,T03,4.09,11.5,1.0
2026-03-11 02:00:00,T04,9.13,618.0,1.0
2026-03-11 02:00:00,T05,8.46,420.9,1.0
2026-03-11 03:00:00,T01,3.48,0.0,1.0
2026-03-11 03:00:00,T02,5.56,28.6,1.0
2026-03-11 03:00:00,T03,9.13,626.2,1.0
2026-03-11 03:00:00,T04,5.75,22.4,1.0
2026-03-11 03:00:00,T05,5.52,83.0,1.0
2026-03-11 04:00:00,T01,10.39,1161.8,1.0
2026-03-11 04:00:00,T02,9.55,749.4,1.0
2026-03-11 04:00:00,T03,11.88,1933.1,1.0
2026-03-11 04:00:00,T04,6.09,92.5,1.0
2026-03-11 04:00:00,T05,7.87,328.3,1.0
2026-03-11 05:00:00,T01,4.35,0.0,1.0
2026-03-11 05:00:00,T02,4.88,0.0,1.0
2026-03-11 05:00:00,T03,3.56,3.4,1.0
2026-03-11 05:00:00,T04,8.59,420.6,1.0
2026-03-11 05:00:00,T05,8.98,632.6,1.0
2026-03-11 06:00:00,T01,5.37,8.9,1.0
2026-03-11 06:00:00,T02,6.91,171.2,1.0
2026-03-11 06:00:00,T03,9.7,747.9,1.0
2026-03-11 06:00:00,T04,7.02,205.6,1.0
2026-03-11 06:00:00,T05,8.43,435.6,1.0
2026-03-11 07:00:00,T01,11.18,1547.4,1.0
2026-03-11 07:00:00,T02,7.14,185.7,1.0
2026-03-11 07:00:00,T03,7.7,289.2,1.0
2026-03-11 07:00:00,T04,8.55,463.6,1.0
2026-03-11 07:00:00,T05,7.98,324.8,1.0
2026-03-11 08:00:00,T01,13.35,2000.0,1.0
2026-03-11 08:00:00,T02,8.03,289.5,1.0
2026-03-11 08:00:00,T03,7.45,257.6,1.0
2026-03-11 08:00:00,T04,7.99,385.7,1.0
2026-03-11 08:00:00,T05,9.29,725.8,1.0
2026-03-11 09:00:00,T01,7.63,242.3,1.0
2026-03-11 09:00:00,T02,8.97,570.3,1.0
2026-03-11 09:00:00,T03,10.32,1089.3,1.0
2026-03-11 09:00:00,T04,6.69,94.3,1.0
2026-03-11 09:00:00,T05,8.94,561.0,1.0
2026-03-11 10:00:00,T01,8.65,486.7,1.0
2026-03-11 10:00:00,T02,10.47,1122.7,1.0
2026-03-11 10:00:00,T03,12.5,1997.4,1.0
2026-03-11 10:00:00,T04,6.3,121.4,1.0
2026-03-11 10:00:00,T05,6.38,101.7,1.0
2026-03-11 11:00:00,T01,9.57,786.6,1.0
2026-03-11 11:00:00,T02,12.57,2000.0,1.0
2026-03-11 11:00:00,T03,5.48,83.0,1.0
2026-03-11 11:00:00,T04,10.51,1160.2,1.0
2026-03-11 11:00:00,T05,8.58,493.4,1.0
2026-03-11 12:00:00,T01,11.51,1735.0,1.0
2026-03-11 12:00:00,T02,10.28,1018.1,1.0
2026-03-11 12:00:00,T03,8.65,502.4,1.0
2026-03-11 12:00:00,T04,9.34,691.0,1.0
2026-03-11 12:00:00,T05,7.99,309.5,1.0
2026-03-11 13:00:00,T01,6.93,142.0,1.0
2026-03-11 13:00:00,T02,9.68,782.5,1.0
2026-03-11 13:00:00,T03,9.0,603.2,1.0
2026-03-11 13:00:00,T04,8.9,527.8,1.0
2026-03-11 13:00:00,T05,8.53,481.6,1.0
2026-03-11 14:00:00,T01,9.61,785.5,1.0
2026-03-11 14:00:00,T02,11.5,1712.6,1.0
2026-03-11 14:00:00,T03,10.85,1353.4,1.0
2026-03-11 14:00:00,T04,3.7,15.8,1.0
2026-03-11 14:00:00,T05,6.66,149.2,1.0
2026-03-11 15:00:00,T01,9.86,906.2,1.0
2026-03-11 15:00:00,T02,11.9,1965.8,1.0
2026-03-11 15:00:00,T03,8.52,471.3,1.0
2026-03-11 15:00:00,T04,10.33,1097.4,1.0
2026-03-11 15:00:00,T05,8.04,382.4,1.0
2026-03-11 16:00:00,T01,9.7,836.6,1.0
2026-03-11 16:00:00,T02,10.98,1377.6,1.0
2026-03-11 16:00:00,T03,9.1,598.9,1.0
2026-03-11 16:00:00,T04,10.14,1043.0,1.0
2026-03-11 16:00:00,T05,7.98,360.3,1.0
2026-03-11 17:00:00,T01,6.88,151.2,1.0
2026-03-11 17:00:00,T02,6.82,136.9,1.0
2026-03-11 17:00:00,T03,5.27,0.0,1.0
2026-03-11 17:00:00,T04,12.84,2000.0,1.0
2026-03-11 17:00:00,T05,6.83,186.1,1.0
2026-03-11 18:00:00,T01,6.76,142.7,1.0
2026-03-11 18:00:00,T02,8.01,361.4,1.0
2026-03-11 18:00:00,T03,9.91,892.8,1.0
2026-03-11 18:00:00,T04,8.86,537.6,1.0
2026-03-11 18:00:00,T05,8.0,341.0,1.0
2026-03-11 19:00:00,T01,4.54,0.0,1.0
2026-03-11 19:00:00,T02,8.64,434.7,1.0
2026-03-11 19:00:00,T03,9.77,871.8,1.0
2026-03-11 19:00:00,T04,11.05,1408.2,1.0
2026-03-11 19:00:00,T05,6.44,90.4,1.0
2026-03-11 20:00:00,T01,6.23,86.6,1.0
2026-03-11 20:00:00,T02,8.06,308.8,1.0
2026-03-11 20:00:00,T03,6.31,90.9,1.0
2026-03-11 20:00:00,T04,3.63,0.0,1.0
2026-03-11 20:00:00,T05,9.79,910.1,1.0
2026-03-11 21:00:00,T01,6.33,95.0,1.0
2026-03-11 21:00:00,T02,5.78,51.7,1.0
2026-03-11 21:00:00,T03,5.62,69.2,1.0
2026-03-11 21:00:00,T04,4.52,46.5,1.0
2026-03-11 21:00:00,T05,8.25,359.6,1.0
2026-03-11 22:00:00,T01,6.78,153.9,1.0
2026-03-11 22:00:00,T02,5.54,83.9,1.0
2026-03-11 22:00:00,T03,6.52,123.9,1.0
2026-03-11 22:00:00,T04,8.4,412.7,1.0
2026-03-11 22:00:00,T05,7.37,193.7,1.0
2026-03-11 23:00:00,T01,4.48,0.0,1.0
2026-03-11 23:00:00,T02,3.76,0.0,1.0
2026-03-11 23:00:00,T03,6.94,199.5,1.0
2026-03-11 23:00:00,T04,3.28,37.1,1.0
2026-03-11 23:00:00,T05,8.66,510.7,1.0
2026-03-12 00:00:00,T01,6.55,134.1,1.0
2026-03-12 00:00:00,T02,4.67,15.3,1.0
2026-03-12 00:00:00,T03,7.35,218.3,1.0
2026-03-12 00:00:00,T04,6.84,168.0,1.0
2026-03-12 00:00:00,T05,3.73,41.7,1.0
2026-03-12 01:00:00,T01,7.91,349.7,1.0
2026-03-12 01:00:00,T02,4.02,31.2,1.0
2026-03-12 01:00:00,T03,3.57,12.2,1.0
2026-03-12 01:00:00,T04,7.1,196.9,1.0
2026-03-12 01:00:00,T05,6.49,121.8,1.0
2026-03-12 02:00:00,T01,6.8,154.1,1.0
2026-03-12 02:00:00,T02,8.37,477.6,1.0
2026-03-12 02:00:00,T03,5.19,41.6,1.0
2026-03-12 02:00:00,T04,6.51,111.5,1.0
2026-03-12 02:00:00,T05,7.66,302.3,1.0
2026-03-12 03:00:00,T01,8.7,517.0,1.0
2026-03-12 03:00:00,T02,5.73,41.2,1.0
2026-03-12 03:00:00,T03,5.11,63.3,1.0
2026-03-12 03:00:00,T04,8.5,472.3,1.0
2026-03-12 03:00:00,T05,5.93,19.1,1.0
2026-03-12 04:00:00,T01,7.82,308.2,1.0
2026-03-12 04:00:00,T02,6.79,149.3,1.0
2026-03-12 04:00:00,T03,9.22,616.7,1.0
2026-03-12 04:00:00,T04,3.99,2.3,1.0
2026-03-12 04:00:00,T05,8.05,340.1,1.0
2026-03-12 05:00:00,T01,7.89,320.4,1.0
2026-03-12 05:00:00,T02,7.91,370.6,1.0
2026-03-12 05:00:00,T03,6.35,91.5,1.0
2026-03-12 05:00:00,T04,4.7,4.3,1.0
2026-03-12 05:00:00,T05,6.29,50.9,1.0
2026-03-12 06:00:00,T01,6.51,100.7,1.0
2026-03-12 06:00:00,T02,7.36,189.4,1.0
2026-03-12 06:00:00,T03,6.48,136.8,1.0
2026-03-12 06:00:00,T04,5.79,76.8,1.0
2026-03-12 06:00:00,T05,4.89,38.0,1.0
2026-03-12 07:00:00,T01,7.68,288.5,1.0
2026-03-12 07:00:00,T02,6.84,181.4,1.0
2026-03-12 07:00:00,T03,6.01,113.5,1.0
2026-03-12 07:00:00,T04,8.62,482.4,1.0
2026-03-12 07:00:00,T05,6.58,87.2,1.0
2026-03-12 08:00:00,T01,8.14,370.4,1.0
2026-03-12 08:00:00,T02,9.64,777.8,1.0
2026-03-12 08:00:00,T03,7.18,206.6,1.0
2026-03-12 08:00:00,T04,8.35,399.0,1.0
2026-03-12 08:00:00,T05,5.99,41.2,1.0
2026-03-12 09:00:00,T01,12.98,2000.0,1.0
2026-03-12 09:00:00,T02,6.72,143.6,1.0
2026-03-12 09:00:00,T03,12.83,1992.7,1.0
2026-03-12 09:00:00,T04,7.22,221.2,1.0
2026-03-12 09:00:00,T05,7.98,351.8,1.0
2026-03-12 10:00:00,T01,12.8,2000.0,1.0
2026-03-12 10:00:00,T02,11.02,1406.5,1.0
2026-03-12 10:00:00,T03,5.78,77.9,1.0
2026-03-12 10:00:00,T04,7.35,223.5,1.0
2026-03-12 10:00:00,T05,10.17,1039.9,1.0
2026-03-12 11:00:00,T01,10.03,963.9,1.0
2026-03-12 11:00:00,T02,8.28,379.8,1.0
2026-03-12 11:00:00,T03,9.15,660.2,1.0
2026-03-12 11:00:00,T04,10.79,1311.2,1.0
2026-03-12 11:00:00,T05,6.77,143.6,1.0
2026-03-12 12:00:00,T01,7.17,180.0,1.0
2026-03-12 12:00:00,T02,9.91,879.8,1.0
2026-03-12 12:00:00,T03,10.83,1305.6,1.0
2026-03-12 12:00:00,T04,9.55,760.0,1.0
2026-03-12 12:00:00,T05,6.57,139.1,1.0
2026-03-12 13:00:00,T01,7.24,181.8,1.0
2026-03-12 13:00:00,T02,8.62,494.8,1.0
2026-03-12 13:00:00,T03,13.54,2000.0,1.0
2026-03-12 13:00:00,T04,12.42,1969.8,1.0
2026-03-12 13:00:00,T05,8.12,381.5,1.0
2026-03-12 14:00:00,T01,10.57,1219.6,1.0
2026-03-12 14:00:00,T02,10.19,1043.1,1.0
2026-03-12 14:00:00,T03,10.52,1197.2,1.0
2026-03-12 14:00:00,T04,10.31,1116.3,1.0
2026-03-12 14:00:00,T05,6.56,118.2,1.0
2026-03-12 15:00:00,T01,8.61,489.8,1.0
2026-03-12 15:00:00,T02,10.68,1241.5,1.0
2026-03-12 15:00:00,T03,9.67,860.3,1.0
2026-03-12 15:00:00,T04,13.49,2000.0,1.0
2026-03-12 15:00:00,T05,9.64,777.6,1.0
2026-03-12 16:00:00,T01,10.26,1063.1,1.0
2026-03-12 16:00:00,T02,4.74,16.2,1.0
2026-03-12 16:00:00,T03,8.79,550.0,1.0
2026-03-12 16:00:00,T04,7.5,272.4,1.0
2026-03-12 16:00:00,T05,6.16,101.1,1.0
2026-03-12 17:00:00,T01,4.65,0.0,1.0
2026-03-12 17:00:00,T02,11.51,1704.0,1.0
2026-03-12 17:00:00,T03,5.44,41.2,1.0
2026-03-12 17:00:00,T04,9.11,617.4,1.0
2026-03-12 17:00:00,T05,6.6,142.9,1.0
2026-03-12 18:00:00,T01,8.34,440.4,1.0
2026-03-12 18:00:00,T02,7.13,169.5,1.0
2026-03-12 18:00:00,T03,4.36,5.5,1.0
2026-03-12 18:00:00,T04,7.2,196.3,1.0
2026-03-12 18:00:00,T05,6.53,142.8,1.0
2026-03-12 19:00:00,T01,8.2,396.1,1.0
2026-03-12 19:00:00,T02,10.59,1218.1,1.0
2026-03-12 19:00:00,T03,6.98,186.7,1.0
2026-03-12 19:00:00,T04,9.16,675.0,1.0
2026-03-12 19:00:00,T05,7.7,292.7,1.0
2026-03-12 20:00:00,T01,6.39,79.1,1.0
2026-03-12 20:00:00,T02,8.38,448.7,1.0
2026-03-12 20:00:00,T03,9.82,869.1,1.0
2026-03-12 20:00:00,T04,14.16,1991.2,1.0
2026-03-12 20:00:00,T05,7.31,190.2,1.0
2026-03-12 21:00:00,T01,4.89,6.8,1.0
2026-03-12 21:00:00,T02,6.63,196.3,1.0
2026-03-12 21:00:00,T03,7.19,206.8,1.0
2026-03-12 21:00:00,T04,6.61,112.9,1.0
2026-03-12 21:00:00,T05,8.81,556.6,1.0
2026-03-12 22:00:00,T01,6.09,87.2,1.0
2026-03-12 22:00:00,T02,5.49,32.8,1.0
2026-03-12 22:00:00,T03,5.28,6.0,1.0
2026-03-12 22:00:00,T04,6.87,206.1,1.0
2026-03-12 22:00:00,T05,5.84,63.0,1.0
2026-03-12 23:00:00,T01,6.2,91.0,1.0
2026-03-12 23:00:00,T02,6.88,148.2,1.0
2026-03-12 23:00:00,T03,9.3,717.7,1.0
2026-03-12 23:00:00,T04,8.26,399.0,1.0
2026-03-12 23:00:00,T05,6.1,69.8,1.0
2026-03-13 00:00:00,T01,5.48,34.4,1.0
2026-03-13 00:00:00,T02,6.82,172.7,1.0
2026-03-13 00:00:00,T03,1.37,0.0,1.0
2026-03-13 00:00:00,T04,4.87,62.2,1.0
2026-03-13 00:00:00,T05,4.22,0.0,1.0
2026-03-13 01:00:00,T01,6.6,125.3,1.0
2026-03-13 01:00:00,T02,6.56,143.8,1.0
2026-03-13 01:00:00,T03,4.55,0.0,1.0
2026-03-13 01:00:00,T04,5.08,0.0,1.0
2026-03-13 01:00:00,T05,6.28,79.7,1.0
2026-03-13 02:00:00,T01,5.3,27.0,1.0
2026-03-13 02:00:00,T02,7.04,167.9,1.0
2026-03-13 02:00:00,T03,9.8,865.4,1.0
2026-03-13 02:00:00,T04,1.68,13.0,1.0
2026-03-13 02:00:00,T05,7.28,236.8,1.0
2026-03-13 03:00:00,T01,6.81,155.6,1.0
2026-03-13 03:00:00,T02,6.52,109.6,1.0
2026-03-13 03:00:00,T03,6.83,204.5,1.0
2026-03-13 03:00:00,T04,7.23,259.8,1.0
2026-03-13 03:00:00,T05,4.01,0.0,1.0
2026-03-13 04:00:00,T01,11.29,1602.5,1.0
2026-03-13 04:00:00,T02,9.21,669.3,1.0
2026-03-13 04:00:00,T03,5.43,28.8,1.0
2026-03-13 04:00:00,T04,6.44,112.3,1.0
2026-03-13 04:00:00,T05,5.1,0.6,1.0
2026-03-13 05:00:00,T01,2.28,0.0,1.0
2026-03-13 05:00:00,T02,6.0,53.1,1.0
2026-03-13 05:00:00,T03,5.49,25.8,1.0
2026-03-13 05:00:00,T04,7.93,322.0,1.0
2026-03-13 05:00:00,T05,5.87,56.6,1.0
2026-03-13 06:00:00,T01,6.29,91.8,1.0
2026-03-13 06:00:00,T02,7.15,185.4,1.0
2026-03-13 06:00:00,T03,8.86,538.8,1.0
2026-03-13 06:00:00,T04,8.45,415.2,1.0
2026-03-13 06:00:00,T05,2.59,40.3,1.0
2026-03-13 07:00:00,T01,7.74,297.1,1.0
2026-03-13 07:00:00,T02,8.31,413.9,1.0
2026-03-13 07:00:00,T03,9.44,774.5,1.0
2026-03-13 07:00:00,T04,5.32,61.2,1.0
2026-03-13 07:00:00,T05,10.63,1245.1,1.0
2026-03-13 08:00:00,T01,9.34,705.6,1.0
2026-03-13 08:00:00,T02,6.98,197.9,1.0
2026-03-13 08:00:00,T03,10.25,974.3,1.0
2026-03-13 08:00:00,T04,7.85,294.4,1.0
2026-03-13 08:00:00,T05,11.86,1866.4,1.0
2026-03-13 09:00:00,T01,9.51,749.0,1.0
2026-03-13 09:00:00,T02,9.84,862.5,1.0
2026-03-13 09:00:00,T03,5.57,21.8,1.0
2026-03-13 09:00:00,T04,9.0,590.2,1.0
2026-03-13 09:00:00,T05,14.21,2000.0,1.0
2026-03-13 10:00:00,T01,4.9,0.0,1.0
2026-03-13 10:00:00,T02,11.66,1733.4,1.0
2026-03-13 10:00:00,T03,8.13,439.7,1.0
2026-03-13 10:00:00,T04,8.82,510.6,1.0
2026-03-13 10:00:00,T05,12.42,2000.0,1.0
2026-03-13 11:00:00,T01,8.81,546.5,1.0
2026-03-13 11:00:00,T02,10.55,1134.1,1.0
2026-03-13 11:00:00,T03,8.39,445.4,1.0
2026-03-13 11:00:00,T04,7.67,319.0,1.0
2026-03-13 11:00:00,T05,9.89,866.5,1.0
2026-03-13 12:00:00,T01,12.16,2000.0,1.0
2026-03-13 12:00:00,T02,7.77,267.1,1.0
2026-03-13 12:00:00,T03,11.43,1614.3,1.0
2026-03-13 12:00:00,T04,9.95,950.1,1.0
2026-03-13 12:00:00,T05,10.06,900.8,1.0
2026-03-13 13:00:00,T01,6.06,39.9,1.0
2026-03-13 13:00:00,T02,12.35,1967.2,1.0
2026-03-13 13:00:00,T03,6.63,130.4,1.0
2026-03-13 13:00:00,T04,9.81,866.9,1.0
2026-03-13 13:00:00,T05,9.8,861.1,1.0
2026-03-13 14:00:00,T01,10.52,1190.5,1.0
2026-03-13 14:00:00,T02,6.49,112.9,1.0
2026-03-13 14:00:00,T03,10.9,1353.1,1.0
2026-03-13 14:00:00,T04,10.23,1008.4,1.0
2026-03-13 14:00:00,T05,7.7,312.7,1.0
2026-03-13 15:00:00,T01,8.22,382.0,1.0
2026-03-13 15:00:00,T02,9.75,814.5,1.0
2026-03-13 15:00:00,T03,10.8,1320.9,1.0
2026-03-13 15:00:00,T04,10.24,1078.3,1.0
2026-03-13 15:00:00,T05,5.62,88.9,1.0
2026-03-13 16:00:00,T01,9.26,672.6,1.0
2026-03-13 16:00:00,T02,10.3,1050.2,1.0
2026-03-13 16:00:00,T03,6.03,122.1,1.0
2026-03-13 16:00:00,T04,13.2,1990.9,1.0
2026-03-13 16:00:00,T05,9.61,769.4,1.0
2026-03-13 17:00:00,T01,7.25,184.5,1.0
2026-03-13 17:00:00,T02,7.32,202.5,1.0
2026-03-13 17:00:00,T03,10.2,1033.1,1.0
2026-03-13 17:00:00,T04,8.01,316.6,1.0
2026-03-13 17:00:00,T05,8.52,505.5,1.0
2026-03-13 18:00:00,T01,7.58,255.8,1.0
2026-03-13 18:00:00,T02,7.48,236.2,1.0
2026-03-13 18:00:00,T03,10.7,1240.0,1.0
2026-03-13 18:00:00,T04,7.26,167.6,1.0
2026-03-13 18:00:00,T05,5.22,0.0,1.0
2026-03-13 19:00:00,T01,8.98,620.6,1.0
2026-03-13 19:00:00,T02,6.39,139.7,1.0
2026-03-13 19:00:00,T03,8.7,528.1,1.0
2026-03-13 19:00:00,T04,9.14,619.5,1.0
2026-03-13 19:00:00,T05,4.39,0.0,1.0
2026-03-13 20:00:00,T01,8.8,549.2,1.0
2026-03-13 20:00:00,T02,10.84,1338.2,1.0
2026-03-13 20:00:00,T03,7.19,183.9,1.0
2026-03-13 20:00:00,T04,4.49,0.0,1.0
2026-03-13 20:00:00,T05,7.68,270.8,1.0
2026-03-13 21:00:00,T01,10.26,1094.8,1.0
2026-03-13 21:00:00,T02,4.01,3.2,1.0
2026-03-13 21:00:00,T03,6.21,64.6,1.0
2026-03-13 21:00:00,T04,5.64,34.9,1.0
2026-03-13 21:00:00,T05,4.82,45.3,1.0
2026-03-13 22:00:00,T01,8.35,449.5,1.0
2026-03-13 22:00:00,T02,5.2,17.8,1.0
2026-03-13 22:00:00,T03,5.25,0.0,1.0
2026-03-13 22:00:00,T04,5.53,63.2,1.0
2026-03-13 22:00:00,T05,4.42,40.3,1.0
2026-03-13 23:00:00,T01,7.59,275.5,1.0
2026-03-13 23:00:00,T02,6.49,105.4,1.0
2026-03-13 23:00:00,T03,7.27,174.6,1.0
2026-03-13 23:00:00,T04,8.43,430.9,1.0
2026-03-13 23:00:00,T05,7.19,225.1,1.0
2026-03-14 00:00:00,T01,10.07,1012.3,1.0
2026-03-14 00:00:00,T02,8.51,467.0,1.0
2026-03-14 00:00:00,T03,3.33,0.0,1.0
2026-03-14 00:00:00,T04,6.75,153.8,1.0
2026-03-14 00:00:00,T05,6.24,59.3,1.0
2026-03-14 01:00:00,T01,6.85,167.4,1.0
2026-03-14 01:00:00,T02,7.4,248.7,1.0
2026-03-14 01:00:00,T03,5.91,38.2,1.0
2026-03-14 01:00:00,T04,3.57,0.0,1.0
2026-03-14 01:00:00,T05,2.59,21.6,1.0
2026-03-14 02:00:00,T01,8.05,374.9,1.0
2026-03-14 02:00:00,T02,6.85,134.5,1.0
2026-03-14 02:00:00,T03,4.04,10.9,1.0
2026-03-14 02:00:00,T04,6.63,132.4,1.0
2026-03-14 02:00:00,T05,4.06,16.0,1.0
2026-03-14 03:00:00,T01,5.81,53.6,1.0
2026-03-14 03:00:00,T02,10.32,1076.2,1.0
2026-03-14 03:00:00,T03,4.06,0.0,1.0
2026-03-14 03:00:00,T04,5.69,101.6,1.0
2026-03-14 03:00:00,T05,6.41,67.0,1.0
2026-03-14 04:00:00,T01,6.23,94.5,1.0
2026-03-14 04:00:00,T02,8.2,335.0,1.0
2026-03-14 04:00:00,T03,9.43,649.5,1.0
2026-03-14 04:00:00,T04,7.98,329.4,1.0
2026-03-14 04:00:00,T05,5.49,0.0,1.0
2026-03-14 05:00:00,T01,6.84,138.0,1.0
2026-03-14 05:00:00,T02,6.83,159.7,1.0
2026-03-14 05:00:00,T03,3.95,0.0,1.0
2026-03-14 05:00:00,T04,6.12,93.2,1.0
2026-03-14 05:00:00,T05,6.6,154.5,1.0
2026-03-14 06:00:00,T01,8.64,517.9,1.0
2026-03-14 06:00:00,T02,4.87,37.0,1.0
2026-03-14 06:00:00,T03,13.11,1988.2,1.0
2026-03-14 06:00:00,T04,7.45,202.9,1.0
2026-03-14 06:00:00,T05,7.64,269.2,1.0
2026-03-14 07:00:00,T01,5.16,0.0,1.0
2026-03-14 07:00:00,T02,8.3,400.4,1.0
2026-03-14 07:00:00,T03,4.34,0.0,1.0
2026-03-14 07:00:00,T04,7.54,294.3,1.0
2026-03-14 07:00:00,T05,7.56,228.3,1.0
2026-03-14 08:00:00,T01,9.22,679.1,1.0
2026-03-14 08:00:00,T02,7.01,222.0,1.0
2026-03-14 08:00:00,T03,10.32,1112.0,1.0
2026-03-14 08:00:00,T04,5.98,60.5,1.0
2026-03-14 08:00:00,T05,12.75,1994.8,1.0
2026-03-14 09:00:00,T01,8.12,363.6,1.0
2026-03-14 09:00:00,T02,7.56,238.1,1.0
2026-03-14 09:00:00,T03,9.09,604.2,1.0
2026-03-14 09:00:00,T04,11.14,1505.3,1.0
2026-03-14 09:00:00,T05,7.66,286.7,1.0
2026-03-14 10:00:00,T01,10.83,1346.1,1.0
2026-03-14 10:00:00,T02,11.05,1434.1,1.0
2026-03-14 10:00:00,T03,5.88,87.4,1.0
2026-03-14 10:00:00,T04,8.07,354.9,1.0
2026-03-14 10:00:00,T05,10.38,1100.7,1.0
2026-03-14 11:00:00,T01,10.19,1039.6,1.0
2026-03-14 11:00:00,T02,7.98,337.0,1.0
2026-03-14 11:00:00,T03,7.38,230.0,1.0
2026-03-14 11:00:00,T04,8.56,485.6,1.0
2026-03-14 11:00:00,T05,8.06,316.4,1.0
2026-03-14 12:00:00,T01,12.09,2000.0,1.0
2026-03-14 12:00:00,T02,10.66,1228.4,1.0
2026-03-14 12:00:00,T03,6.84,154.7,1.0
2026-03-14 12:00:00,T04,9.31,707.2,1.0
2026-03-14 12:00:00,T05,8.11,413.2,1.0
2026-03-14 13:00:00,T01,12.63,2000.0,1.0
2026-03-14 13:00:00,T02,11.24,1531.7,1.0
2026-03-14 13:00:00,T03,6.68,115.7,1.0
2026-03-14 13:00:00,T04,9.94,906.3,1.0
2026-03-14 13:00:00,T05,9.85,906.0,1.0
2026-03-14 14:00:00,T01,5.18,0.0,1.0
2026-03-14 14:00:00,T02,9.34,700.7,1.0
2026-03-14 14:00:00,T03,10.84,1322.3,1.0
2026-03-14 14:00:00,T04,5.54,72.1,1.0
2026-03-14 14:00:00,T05,10.88,1334.4,1.0
2026-03-14 15:00:00,T01,8.42,435.9,1.0
2026-03-14 15:00:00,T02,7.63,292.7,1.0
2026-03-14 15:00:00,T03,6.47,95.9,1.0
2026-03-14 15:00:00,T04,11.57,1707.6,1.0
2026-03-14 15:00:00,T05,8.61,476.1,1.0
2026-03-14 16:00:00,T01,5.8,30.7,1.0
2026-03-14 16:00:00,T02,11.41,1666.4,1.0
2026-03-14 16:00:00,T03,4.89,22.9,1.0
2026-03-14 16:00:00,T04,9.25,688.3,1.0
2026-03-14 16:00:00,T05,6.26,103.9,1.0
2026-03-14 17:00:00,T01,7.31,207.1,1.0
2026-03-14 17:00:00,T02,7.47,244.2,1.0
2026-03-14 17:00:00,T03,10.08,968.8,1.0
2026-03-14 17:00:00,T04,6.82,143.5,1.0
2026-03-14 17:00:00,T05,8.94,546.0,1.0
2026-03-14 18:00:00,T01,12.76,2000.0,1.0
2026-03-14 18:00:00,T02,8.39,450.9,1.0
2026-03-14 18:00:00,T03,8.11,342.6,1.0
2026-03-14 18:00:00,T04,7.58,272.6,1.0
2026-03-14 18:00:00,T05,6.44,120.0,1.0
2026-03-14 19:00:00,T01,8.37,441.5,1.0
2026-03-14 19:00:00,T02,7.85,295.9,1.0
2026-03-14 19:00:00,T03,7.61,293.5,1.0
2026-03-14 19:00:00,T04,10.9,1342.6,1.0
2026-03-14 19:00:00,T05,5.46,7.4,1.0
2026-03-14 20:00:00,T01,5.61,31.3,1.0
2026-03-14 20:00:00,T02,11.47,1685.2,1.0
2026-03-14 20:00:00,T03,7.03,189.7,1.0
2026-03-14 20:00:00,T04,6.54,122.6,1.0
2026-03-14 20:00:00,T05,6.87,157.7,1.0
2026-03-14 21:00:00,T01,4.86,0.0,1.0
2026-03-14 21:00:00,T02,7.84,292.3,1.0
2026-03-14 21:00:00,T03,8.72,503.3,1.0
2026-03-14 21:00:00,T04,6.13,57.1,1.0
2026-03-14 21:00:00,T05,8.5,428.3,1.0
2026-03-14 22:00:00,T01,6.7,139.8,1.0
2026-03-14 22:00:00,T02,6.33,128.5,1.0
2026-03-14 22:00:00,T03,8.79,536.9,1.0
2026-03-14 22:00:00,T04,8.32,418.2,1.0
2026-03-14 22:00:00,T05,4.25,0.0,1.0
2026-03-14 23:00:00,T01,4.52,0.0,1.0
2026-03-14 23:00:00,T02,7.4,288.3,1.0
2026-03-14 23:00:00,T03,5.81,58.9,1.0
2026-03-14 23:00:00,T04,8.64,493.4,1.0
2026-03-14 23:00:00,T05,7.4,274.6,1.0
2026-03-15 00:00:00,T01,4.88,1.4,1.0
2026-03-15 00:00:00,T02,4.86,14.7,1.0
2026-03-15 00:00:00,T03,4.94,0.0,1.0
2026-03-15 00:00:00,T04,4.46,0.0,1.0
2026-03-15 00:00:00,T05,3.14,1.5,1.0
2026-03-15 01:00:00,T01,6.98,180.8,1.0
2026-03-15 01:00:00,T02,7.57,207.2,1.0
2026-03-15 01:00:00,T03,7.93,329.5,1.0
2026-03-15 01:00:00,T04,6.78,146.9,1.0
2026-03-15 01:00:00,T05,5.67,57.3,1.0
2026-03-15 02:00:00,T01,7.44,269.7,1.0
2026-03-15 02:00:00,T02,7.27,200.3,1.0
2026-03-15 02:00:00,T03,8.79,517.2,1.0
2026-03-15 02:00:00,T04,7.24,212.1,1.0
2026-03-15 02:00:00,T05,4.83,0.0,1.0
2026-03-15 03:00:00,T01,8.45,459.1,1.0
2026-03-15 03:00:00,T02,6.44,142.5,1.0
2026-03-15 03:00:00,T03,7.1,165.9,1.0
2026-03-15 03:00:00,T04,6.81,136.3,1.0
2026-03-15 03:00:00,T05,7.44,224.9,1.0
2026-03-15 04:00:00,T01,3.12,0.0,1.0
2026-03-15 04:00:00,T02,3.38,14.0,1.0
2026-03-15 04:00:00,T03,12.15,1959.4,1.0
2026-03-15 04:00:00,T04,9.85,878.6,1.0
2026-03-15 04:00:00,T05,9.83,884.1,1.0
2026-03-15 05:00:00,T01,8.21,395.9,1.0
2026-03-15 05:00:00,T02,8.96,587.5,1.0
2026-03-15 05:00:00,T03,8.4,421.9,1.0
2026-03-15 05:00:00,T04,8.12,342.7,1.0
2026-03-15 05:00:00,T05,7.6,272.2,1.0
2026-03-15 06:00:00,T01,7.7,285.8,1.0
2026-03-15 06:00:00,T02,6.41,134.3,1.0
2026-03-15 06:00:00,T03,8.98,602.1,1.0
2026-03-15 06:00:00,T04,11.44,1709.0,1.0
2026-03-15 06:00:00,T05,5.59,0.0,1.0
2026-03-15 07:00:00,T01,8.77,538.6,1.0
2026-03-15 07:00:00,T02,9.53,775.5,1.0
2026-03-15 07:00:00,T03,10.57,1173.9,1.0
2026-03-15 07:00:00,T04,9.35,728.7,1.0
2026-03-15 07:00:00,T05,9.55,777.4,1.0
2026-03-15 08:00:00,T01,11.06,1477.5,1.0
2026-03-15 08:00:00,T02,11.78,1889.7,1.0
2026-03-15 08:00:00,T03,8.8,597.2,1.0
2026-03-15 08:00:00,T04,5.42,45.5,1.0
2026-03-15 08:00:00,T05,6.89,171.0,1.0
2026-03-15 09:00:00,T01,4.11,0.0,1.0
2026-03-15 09:00:00,T02,7.85,335.3,1.0
2026-03-15 09:00:00,T03,8.87,578.1,1.0
2026-03-15 09:00:00,T04,8.9,592.6,1.0
2026-03-15 09:00:00,T05,8.13,402.0,1.0
2026-03-15 10:00:00,T01,8.31,396.5,1.0
2026-03-15 10:00:00,T02,10.12,1028.4,1.0
2026-03-15 10:00:00,T03,8.82,573.7,1.0
2026-03-15 10:00:00,T04,4.92,0.0,1.0
2026-03-15 10:00:00,T05,5.33,18.2,1.0
2026-03-15 11:00:00,T01,9.84,891.3,1.0
2026-03-15 11:00:00,T02,10.98,1401.4,1.0
2026-03-15 11:00:00,T03,10.51,1182.1,1.0
2026-03-15 11:00:00,T04,7.83,245.6,1.0
2026-03-15 11:00:00,T05,8.42,379.7,1.0
2026-03-15 12:00:00,T01,8.28,364.7,1.0
2026-03-15 12:00:00,T02,6.98,195.2,1.0
2026-03-15 12:00:00,T03,5.47,87.9,1.0
2026-03-15 12:00:00,T04,6.38,96.1,1.0
2026-03-15 12:00:00,T05,9.7,798.7,1.0
2026-03-15 13:00:00,T01,12.24,2000.0,1.0
2026-03-15 13:00:00,T02,12.81,1992.3,1.0
2026-03-15 13:00:00,T03,9.19,632.4,1.0
2026-03-15 13:00:00,T04,9.87,855.0,1.0
2026-03-15 13:00:00,T05,7.35,198.0,1.0
2026-03-15 14:00:00,T01,9.67,823.9,1.0
2026-03-15 14:00:00,T02,8.38,413.3,1.0
2026-03-15 14:00:00,T03,6.97,107.2,1.0
2026-03-15 14:00:00,T04,11.26,1539.3,1.0
2026-03-15 14:00:00,T05,7.42,254.9,1.0
2026-03-15 15:00:00,T01,12.09,2000.0,1.0
2026-03-15 15:00:00,T02,7.22,249.2,1.0
2026-03-15 15:00:00,T03,4.42,0.0,1.0
2026-03-15 15:00:00,T04,10.37,1102.1,1.0
2026-03-15 15:00:00,T05,6.49,49.1,1.0
2026-03-15 16:00:00,T01,7.17,185.1,1.0
2026-03-15 16:00:00,T02,12.75,2000.0,1.0
2026-03-15 16:00:00,T03,10.43,1139.7,1.0
2026-03-15 16:00:00,T04,9.92,933.7,1.0
2026-03-15 16:00:00,T05,8.61,472.5,1.0
2026-03-15 17:00:00,T01,9.21,675.9,1.0
2026-03-15 17:00:00,T02,8.98,605.5,1.0
2026-03-15 17:00:00,T03,6.84,159.4,1.0
2026-03-15 17:00:00,T04,6.35,75.0,1.0
2026-03-15 17:00:00,T05,9.08,651.7,1.0
2026-03-15 18:00:00,T01,9.16,668.5,1.0
2026-03-15 18:00:00,T02,7.12,194.5,1.0
2026-03-15 18:00:00,T03,5.48,48.5,1.0
2026-03-15 18:00:00,T04,8.36,432.2,1.0
2026-03-15 18:00:00,T05,8.46,447.1,1.0
2026-03-15 19:00:00,T01,7.65,282.0,1.0
2026-03-15 19:00:00,T02,8.25,381.9,1.0
2026-03-15 19:00:00,T03,8.13,402.7,1.0
2026-03-15 19:00:00,T04,6.4,107.9,1.0
2026-03-15 19:00:00,T05,4.92,41.8,1.0
2026-03-15 20:00:00,T01,7.15,201.7,1.0
2026-03-15 20:00:00,T02,8.37,425.4,1.0
2026-03-15 20:00:00,T03,4.01,12.4,1.0
2026-03-15 20:00:00,T04,10.96,1390.9,1.0
2026-03-15 20:00:00,T05,8.26,359.2,1.0
2026-03-15 21:00:00,T01,7.27,220.0,1.0
2026-03-15 21:00:00,T02,6.72,177.6,1.0
2026-03-15 21:00:00,T03,8.42,456.6,1.0
2026-03-15 21:00:00,T04,9.36,693.0,1.0
2026-03-15 21:00:00,T05,2.08,0.0,1.0
2026-03-15 22:00:00,T01,6.48,93.9,1.0
2026-03-15 22:00:00,T02,8.13,384.4,1.0
2026-03-15 22:00:00,T03,8.64,468.0,1.0
2026-03-15 22:00:00,T04,5.09,59.5,1.0
2026-03-15 22:00:00,T05,5.54,80.7,1.0
2026-03-15 23:00:00,T01,7.07,181.1,1.0
2026-03-15 23:00:00,T02,3.23,0.0,1.0
2026-03-15 23:00:00,T03,3.26,0.0,1.0
2026-03-15 23:00:00,T04,5.55,42.7,1.0
2026-03-15 23:00:00,T05,10.01,947.1,1.0
2026-03-16 00:00:00,T01,5.62,45.6,1.0
2026-03-16 00:00:00,T02,6.33,96.0,1.0
2026-03-16 00:00:00,T03,8.37,465.1,1.0
2026-03-16 00:00:00,T04,2.11,44.4,1.0
2026-03-16 00:00:00,T05,5.82,64.1,1.0
2026-03-16 01:00:00,T01,5.66,61.3,1.0
2026-03-16 01:00:00,T02,7.75,339.5,1.0
2026-03-16 01:00:00,T03,6.25,96.4,1.0
2026-03-16 01:00:00,T04,7.8,284.5,1.0
2026-03-16 01:00:00,T05,9.97,902.8,1.0
2026-03-16 02:00:00,T01,10.42,1145.2,1.0
2026-03-16 02:00:00,T02,7.34,219.2,1.0
2026-03-16 02:00:00,T03,7.77,281.3,1.0
2026-03-16 02:00:00,T04,9.05,624.7,1.0
2026-03-16 02:00:00,T05,5.32,36.8,1.0
2026-03-16 03:00:00,T01,4.59,0.0,1.0
2026-03-16 03:00:00,T02,7.93,283.8,1.0
2026-03-16 03:00:00,T03,6.61,113.6,1.0
2026-03-16 03:00:00,T04,6.51,117.3,1.0
2026-03-16 03:00:00,T05,5.36,7.2,1.0
2026-03-16 04:00:00,T01,6.26,92.2,1.0
2026-03-16 04:00:00,T02,7.94,377.2,1.0
2026-03-16 04:00:00,T03,4.28,0.0,1.0
2026-03-16 04:00:00,T04,8.46,437.9,1.0
2026-03-16 04:00:00,T05,4.99,51.3,1.0
2026-03-16 05:00:00,T01,9.38,748.9,1.0
2026-03-16 05:00:00,T02,9.33,712.3,1.0
2026-03-16 05:00:00,T03,5.47,23.4,1.0
2026-03-16 05:00:00,T04,5.6,63.8,1.0
2026-03-16 05:00:00,T05,7.48,315.1,1.0
2026-03-16 06:00:00,T01,6.24,74.9,1.0
2026-03-16 06:00:00,T02,8.91,565.3,1.0
2026-03-16 06:00:00,T03,5.19,0.0,1.0
2026-03-16 06:00:00,T04,8.12,361.7,1.0
2026-03-16 06:00:00,T05,7.25,223.0,1.0
2026-03-16 07:00:00,T01,6.37,84.1,1.0
2026-03-16 07:00:00,T02,10.7,1245.6,1.0
2026-03-16 07:00:00,T03,6.66,97.4,1.0
2026-03-16 07:00:00,T04,7.32,155.1,1.0
2026-03-16 07:00:00,T05,7.27,197.1,1.0
2026-03-16 08:00:00,T01,8.45,448.4,1.0
2026-03-16 08:00:00,T02,5.39,64.3,1.0
2026-03-16 08:00:00,T03,10.28,1052.8,1.0
2026-03-16 08:00:00,T04,9.84,801.1,1.0
2026-03-16 08:00:00,T05,6.63,67.7,1.0
2026-03-16 09:00:00,T01,9.62,815.8,1.0
2026-03-16 09:00:00,T02,8.89,547.1,1.0
2026-03-16 09:00:00,T03,10.3,1052.8,1.0
2026-03-16 09:00:00,T04,7.72,320.4,1.0
2026-03-16 09:00:00,T05,7.54,214.0,1.0
2026-03-16 10:00:00,T01,9.98,934.0,1.0
2026-03-16 10:00:00,T02,10.02,977.1,1.0
2026-03-16 10:00:00,T03,9.09,646.0,1.0
2026-03-16 10:00:00,T04,7.93,359.2,1.0
2026-03-16 10:00:00,T05,8.12,406.4,1.0
2026-03-16 11:00:00,T01,10.71,1289.2,1.0
2026-03-16 11:00:00,T02,9.73,849.9,1.0
2026-03-16 11:00:00,T03,11.94,1969.3,1.0
2026-03-16 11:00:00,T04,7.79,349.4,1.0
2026-03-16 11:00:00,T05,5.21,3.7,1.0
2026-03-16 12:00:00,T01,12.67,2000.0,1.0
2026-03-16 12:00:00,T02,12.73,2000.0,1.0
2026-03-16 12:00:00,T03,6.74,150.2,1.0
2026-03-16 12:00:00,T04,11.35,1597.2,1.0
2026-03-16 12:00:00,T05,6.94,158.4,1.0
2026-03-16 13:00:00,T01,10.05,982.6,1.0
2026-03-16 13:00:00,T02,11.17,1502.0,1.0
2026-03-16 13:00:00,T03,7.73,271.5,1.0
2026-03-16 13:00:00,T04,4.92,0.0,1.0
2026-03-16 13:00:00,T05,7.68,297.5,1.0
2026-03-16 14:00:00,T01,11.26,1557.7,1.0
2026-03-16 14:00:00,T02,7.65,272.2,1.0
2026-03-16 14:00:00,T03,7.1,186.5,1.0
2026-03-16 14:00:00,T04,12.38,1989.5,1.0
2026-03-16 14:00:00,T05,6.27,133.3,1.0
2026-03-16 15:00:00,T01,13.61,2000.0,1.0
2026-03-16 15:00:00,T02,8.13,396.3,1.0
2026-03-16 15:00:00,T03,9.88,902.6,1.0
2026-03-16 15:00:00,T04,13.7,2000.0,1.0
2026-03-16 15:00:00,T05,8.6,476.0,1.0
2026-03-16 16:00:00,T01,11.15,1481.5,1.0
2026-03-16 16:00:00,T02,5.74,34.5,1.0
2026-03-16 16:00:00,T03,4.41,25.6,1.0
2026-03-16 16:00:00,T04,7.64,249.1,1.0
2026-03-16 16:00:00,T05,9.94,907.3,1.0
2026-03-16 17:00:00,T01,4.54,0.0,1.0
2026-03-16 17:00:00,T02,8.2,345.1,1.0
2026-03-16 17:00:00,T03,7.0,173.6,1.0
2026-03-16 17:00:00,T04,4.8,57.2,1.0
2026-03-16 17:00:00,T05,9.64,806.7,1.0
2026-03-16 18:00:00,T01,10.87,1378.7,1.0
2026-03-16 18:00:00,T02,5.81,76.6,1.0
2026-03-16 18:00:00,T03,9.2,680.0,1.0
2026-03-16 18:00:00,T04,10.59,1254.6,1.0
2026-03-16 18:00:00,T05,8.68,486.7,1.0
2026-03-16 19:00:00,T01,7.26,200.3,1.0
2026-03-16 19:00:00,T02,7.94,346.3,1.0
2026-03-16 19:00:00,T03,8.74,519.0,1.0
2026-03-16 19:00:00,T04,7.6,279.1,1.0
2026-03-16 19:00:00,T05,2.76,0.0,1.0
2026-03-16 20:00:00,T01,7.2,205.6,1.0
2026-03-16 20:00:00,T02,4.96,32.8,1.0
2026-03-16 20:00:00,T03,9.44,753.3,1.0
2026-03-16 20:00:00,T04,6.43,110.5,1.0
2026-03-16 20:00:00,T05,6.63,141.4,1.0
2026-03-16 21:00:00,T01,9.14,668.5,1.0
2026-03-16 21:00:00,T02,8.04,362.0,1.0
2026-03-16 21:00:00,T03,5.6,36.1,1.0
2026-03-16 21:00:00,T04,6.27,63.9,1.0
2026-03-16 21:00:00,T05,6.82,158.2,1.0
2026-03-16 22:00:00,T01,3.04,0.0,1.0
2026-03-16 22:00:00,T02,4.43,0.1,1.0
2026-03-16 22:00:00,T03,3.48,0.0,1.0
2026-03-16 22:00:00,T04,6.22,129.8,1.0
2026-03-16 22:00:00,T05,8.62,541.4,1.0
2026-03-16 23:00:00,T01,3.26,0.0,1.0
2026-03-16 23:00:00,T02,5.24,50.4,1.0
2026-03-16 23:00:00,T03,8.14,379.6,1.0
2026-03-16 23:00:00,T04,8.53,466.8,1.0
2026-03-16 23:00:00,T05,4.19,15.6,1.0
2026-03-17 00:00:00,T01,3.03,0.0,1.0
2026-03-17 00:00:00,T02,2.84,0.0,1.0
2026-03-17 00:00:00,T03,4.61,29.7,1.0
2026-03-17 00:00:00,T04,6.37,97.8,1.0
2026-03-17 00:00:00,T05,5.35,64.2,1.0
2026-03-17 01:00:00,T01,5.78,39.3,1.0
2026-03-17 01:00:00,T02,7.16,185.1,1.0
2026-03-17 01:00:00,T03,5.89,80.8,1.0
2026-03-17 01:00:00,T04,5.74,68.7,1.0
2026-03-17 01:00:00,T05,8.12,342.0,1.0
2026-03-17 02:00:00,T01,7.57,273.3,1.0
2026-03-17 02:00:00,T02,6.42,101.5,1.0
2026-03-17 02:00:00,T03,7.28,226.3,1.0
2026-03-17 02:00:00,T04,7.61,254.4,1.0
2026-03-17 02:00:00,T05,5.68,65.7,1.0
2026-03-17 03:00:00,T01,6.8,163.4,1.0
2026-03-17 03:00:00,T02,7.68,332.1,1.0
2026-03-17 03:00:00,T03,7.04,171.9,1.0
2026-03-17 03:00:00,T04,6.4,111.9,1.0
2026-03-17 03:00:00,T05,8.03,331.5,1.0
2026-03-17 04:00:00,T01,8.62,495.1,1.0
2026-03-17 04:00:00,T02,9.23,619.1,1.0
2026-03-17 04:00:00,T03,10.49,1131.9,1.0
2026-03-17 04:00:00,T04,5.91,31.2,1.0
2026-03-17 04:00:00,T05,8.18,392.2,1.0
2026-03-17 05:00:00,T01,4.91,0.0,1.0
2026-03-17 05:00:00,T02,7.51,263.7,1.0
2026-03-17 05:00:00,T03,9.11,640.3,1.0
2026-03-17 05:00:00,T04,8.88,584.0,1.0
2026-03-17 05:00:00,T05,6.75,162.5,1.0
2026-03-17 06:00:00,T01,2.67,0.0,1.0
2026-03-17 06:00:00,T02,7.61,226.0,1.0
2026-03-17 06:00:00,T03,8.92,579.7,1.0
2026-03-17 06:00:00,T04,5.15,24.5,1.0
2026-03-17 06:00:00,T05,9.81,866.1,1.0
2026-03-17 07:00:00,T01,7.28,216.3,1.0
2026-03-17 07:00:00,T02,6.32,97.4,1.0
2026-03-17 07:00:00,T03,8.22,376.4,1.0
2026-03-17 07:00:00,T04,10.45,1163.9,1.0
2026-03-17 07:00:00,T05,6.67,196.1,1.0
2026-03-17 08:00:00,T01,7.74,279.7,1.0
2026-03-17 08:00:00,T02,8.42,425.4,1.0
2026-03-17 08:00:00,T03,9.04,632.1,1.0
2026-03-17 08:00:00,T04,8.53,458.5,1.0
2026-03-17 08:00:00,T05,12.37,2000.0,1.0
2026-03-17 09:00:00,T01,9.28,692.6,1.0
2026-03-17 09:00:00,T02,9.02,546.1,1.0
2026-03-17 09:00:00,T03,7.62,249.2,1.0
2026-03-17 09:00:00,T04,8.49,450.8,1.0
2026-03-17 09:00:00,T05,9.46,768.0,1.0
2026-03-17 10:00:00,T01,10.31,1091.2,1.0
2026-03-17 10:00:00,T02,10.34,1094.5,1.0
2026-03-17 10:00:00,T03,7.43,224.4,1.0
2026-03-17 10:00:00,T04,9.54,737.0,1.0
2026-03-17 10:00:00,T05,8.96,600.4,1.0
2026-03-17 11:00:00,T01,8.95,581.9,1.0
2026-03-17 11:00:00,T02,5.84,53.4,1.0
2026-03-17 11:00:00,T03,7.57,301.9,1.0
2026-03-17 11:00:00,T04,6.27,114.6,1.0
2026-03-17 11:00:00,T05,5.65,95.1,1.0
2026-03-17 12:00:00,T01,12.39,2000.0,1.0
2026-03-17 12:00:00,T02,11.41,1580.2,1.0
2026-03-17 12:00:00,T03,8.49,476.7,1.0
2026-03-17 12:00:00,T04,7.23,185.5,1.0
2026-03-17 12:00:00,T05,9.89,862.9,1.0
2026-03-17 13:00:00,T01,10.43,1133.2,1.0
2026-03-17 13:00:00,T02,9.83,893.4,1.0
2026-03-17 13:00:00,T03,9.95,910.5,1.0
2026-03-17 13:00:00,T04,7.9,309.9,1.0
2026-03-17 13:00:00,T05,5.78,93.1,1.0
2026-03-17 14:00:00,T01,9.74,853.4,1.0
2026-03-17 14:00:00,T02,8.0,379.8,1.0
2026-03-17 14:00:00,T03,11.71,1817.0,1.0
2026-03-17 14:00:00,T04,10.38,1101.3,1.0
2026-03-17 14:00:00,T05,8.42,410.9,1.0
2026-03-17 15:00:00,T01,8.05,335.4,1.0
2026-03-17 15:00:00,T02,7.38,267.3,1.0
2026-03-17 15:00:00,T03,9.03,605.8,1.0
2026-03-17 15:00:00,T04,8.96,585.3,1.0
2026-03-17 15:00:00,T05,4.23,0.0,1.0
2026-03-17 16:00:00,T01,7.83,304.7,1.0
2026-03-17 16:00:00,T02,5.11,34.9,1.0
2026-03-17 16:00:00,T03,9.69,754.4,1.0
2026-03-17 16:00:00,T04,9.23,619.6,1.0
2026-03-17 16:00:00,T05,7.97,350.7,1.0
2026-03-17 17:00:00,T01,8.7,514.3,1.0
2026-03-17 17:00:00,T02,9.72,834.4,1.0
2026-03-17 17:00:00,T03,6.78,125.9,1.0
2026-03-17 17:00:00,T04,10.64,1217.3,1.0
2026-03-17 17:00:00,T05,6.99,204.6,1.0
2026-03-17 18:00:00,T01,8.47,469.6,1.0
2026-03-17 18:00:00,T02,7.04,214.6,1.0
2026-03-17 18:00:00,T03,12.48,1998.7,1.0
2026-03-17 18:00:00,T04,8.98,606.7,1.0
2026-03-17 18:00:00,T05,10.35,1060.5,1.0
2026-03-17 19:00:00,T01,6.04,67.4,1.0
2026-03-17 19:00:00,T02,4.43,50.0,1.0
2026-03-17 19:00:00,T03,6.76,137.1,1.0
2026-03-17 19:00:00,T04,7.26,202.9,1.0
2026-03-17 19:00:00,T05,9.63,786.4,1.0
2026-03-17 20:00:00,T01,7.88,332.2,1.0
2026-03-17 20:00:00,T02,10.89,1373.6,1.0
2026-03-17 20:00:00,T03,5.97,77.9,1.0
2026-03-17 20:00:00,T04,5.35,29.8,1.0
2026-03-17 20:00:00,T05,8.6,483.1,1.0
2026-03-17 21:00:00,T01,5.69,46.6,1.0
2026-03-17 21:00:00,T02,9.19,625.8,1.0
2026-03-17 21:00:00,T03,8.17,406.9,1.0
2026-03-17 21:00:00,T04,7.66,281.7,1.0
2026-03-17 21:00:00,T05,5.13,22.0,1.0
2026-03-17 22:00:00,T01,6.64,129.7,1.0
2026-03-17 22:00:00,T02,6.73,147.3,1.0
2026-03-17 22:00:00,T03,7.02,169.8,1.0
2026-03-17 22:00:00,T04,7.76,292.3,1.0
2026-03-17 22:00:00,T05,8.96,603.0,1.0
2026-03-17 23:00:00,T01,7.74,312.4,1.0
2026-03-17 23:00:00,T02,5.8,71.0,1.0
2026-03-17 23:00:00,T03,6.51,92.5,1.0
2026-03-17 23:00:00,T04,7.31,194.0,1.0
2026-03-17 23:00:00,T05,6.95,255.0,1.0
2026-03-18 00:00:00,T01,3.28,0.0,1.0
2026-03-18 00:00:00,T02,4.86,0.0,1.0
2026-03-18 00:00:00,T03,10.38,1111.0,1.0
2026-03-18 00:00:00,T04,8.61,483.7,1.0
2026-03-18 00:00:00,T05,7.49,258.9,1.0
2026-03-18 01:00:00,T01,3.27,0.0,1.0
2026-03-18 01:00:00,T02,6.24,104.8,1.0
2026-03-18 01:00:00,T03,4.6,3.2,1.0
2026-03-18 01:00:00,T04,9.55,794.9,1.0
2026-03-18 01:00:00,T05,3.88,0.0,1.0
2026-03-18 02:00:00,T01,3.17,0.0,1.0
2026-03-18 02:00:00,T02,6.59,183.6,1.0
2026-03-18 02:00:00,T03,6.4,104.1,1.0
2026-03-18 02:00:00,T04,2.5,0.0,1.0
2026-03-18 02:00:00,T05,8.04,319.7,1.0
2026-03-18 03:00:00,T01,1.7,0.0,1.0
2026-03-18 03:00:00,T02,6.65,149.6,1.0
2026-03-18 03:00:00,T03,6.52,112.2,1.0
2026-03-18 03:00:00,T04,6.99,164.7,1.0
2026-03-18 03:00:00,T05,8.01,336.6,1.0
2026-03-18 04:00:00,T01,5.05,6.7,1.0
2026-03-18 04:00:00,T02,5.76,94.3,1.0
2026-03-18 04:00:00,T03,7.55,315.1,1.0
2026-03-18 04:00:00,T04,8.72,479.3,1.0
2026-03-18 04:00:00,T05,8.55,446.6,1.0
2026-03-18 05:00:00,T01,7.73,308.6,1.0
2026-03-18 05:00:00,T02,8.26,403.7,1.0
2026-03-18 05:00:00,T03,12.16,1944.0,1.0
2026-03-18 05:00:00,T04,12.7,2000.0,1.0
2026-03-18 05:00:00,T05,5.75,68.5,1.0
2026-03-18 06:00:00,T01,7.76,289.5,1.0
2026-03-18 06:00:00,T02,8.13,367.9,1.0
2026-03-18 06:00:00,T03,8.6,470.9,1.0
2026-03-18 06:00:00,T04,6.16,84.1,1.0
2026-03-18 06:00:00,T05,5.74,67.6,1.0
2026-03-18 07:00:00,T01,7.62,275.3,1.0
2026-03-18 07:00:00,T02,10.38,1110.8,1.0
2026-03-18 07:00:00,T03,10.99,1399.8,1.0
2026-03-18 07:00:00,T04,7.74,270.6,1.0
2026-03-18 07:00:00,T05,8.17,367.5,1.0
2026-03-18 08:00:00,T01,10.28,1085.0,1.0
2026-03-18 08:00:00,T02,10.11,964.8,1.0
2026-03-18 08:00:00,T03,4.31,0.0,1.0
2026-03-18 08:00:00,T04,10.16,1011.0,1.0
2026-03-18 08:00:00,T05,7.68,330.6,1.0
2026-03-18 09:00:00,T01,11.28,1589.8,1.0
2026-03-18 09:00:00,T02,8.21,363.6,1.0
2026-03-18 09:00:00,T03,10.84,1346.4,1.0
2026-03-18 09:00:00,T04,10.98,1364.3,1.0
2026-03-18 09:00:00,T05,7.25,192.8,1.0
2026-03-18 10:00:00,T01,8.76,522.9,1.0
2026-03-18 10:00:00,T02,7.78,331.9,1.0
2026-03-18 10:00:00,T03,8.87,575.6,1.0
2026-03-18 10:00:00,T04,4.89,0.0,1.0
2026-03-18 10:00:00,T05,9.57,776.5,1.0
2026-03-18 11:00:00,T01,11.88,1952.3,1.0
2026-03-18 11:00:00,T02,13.02,2000.0,1.0
2026-03-18 11:00:00,T03,10.56,1185.3,1.0
2026-03-18 11:00:00,T04,7.72,251.5,1.0
2026-03-18 11:00:00,T05,7.29,232.8,1.0
2026-03-18 12:00:00,T01,9.78,858.2,1.0
2026-03-18 12:00:00,T02,10.71,1230.2,1.0
2026-03-18 12:00:00,T03,9.27,669.6,1.0
2026-03-18 12:00:00,T04,9.88,867.7,1.0
2026-03-18 12:00:00,T05,8.71,534.2,1.0
2026-03-18 13:00:00,T01,8.18,361.3,1.0
2026-03-18 13:00:00,T02,5.0,46.2,1.0
2026-03-18 13:00:00,T03,9.01,593.3,1.0
2026-03-18 13:00:00,T04,6.51,152.9,1.0
2026-03-18 13:00:00,T05,9.24,699.8,1.0
2026-03-18 14:00:00,T01,9.17,630.1,1.0
2026-03-18 14:00:00,T02,8.63,487.7,1.0
2026-03-18 14:00:00,T03,12.59,1997.4,1.0
2026-03-18 14:00:00,T04,7.74,274.0,1.0
2026-03-18 14:00:00,T05,12.39,2000.0,1.0
2026-03-18 15:00:00,T01,6.09,44.2,1.0
2026-03-18 15:00:00,T02,7.1,196.9,1.0
2026-03-18 15:00:00,T03,8.66,496.8,1.0
2026-03-18 15:00:00,T04,13.35,2000.0,1.0
2026-03-18 15:00:00,T05,5.34,61.4,1.0
2026-03-18 16:00:00,T01,6.15,63.8,1.0
2026-03-18 16:00:00,T02,7.7,296.8,1.0
2026-03-18 16:00:00,T03,8.73,512.5,1.0
2026-03-18 16:00:00,T04,9.05,586.5,1.0
2026-03-18 16:00:00,T05,10.94,1356.0,1.0
2026-03-18 17:00:00,T01,7.22,197.1,1.0
2026-03-18 17:00:00,T02,8.04,377.1,1.0
2026-03-18 17:00:00,T03,6.07,85.7,1.0
2026-03-18 17:00:00,T04,9.56,793.5,1.0
2026-03-18 17:00:00,T05,9.5,777.1,1.0
2026-03-18 18:00:00,T01,9.1,643.8,1.0
2026-03-18 18:00:00,T02,8.6,484.8,1.0
2026-03-18 18:00:00,T03,7.78,319.2,1.0
2026-03-18 18:00:00,T04,7.58,238.6,1.0
2026-03-18 18:00:00,T05,10.67,1261.9,1.0
2026-03-18 19:00:00,T01,10.53,1214.7,1.0
2026-03-18 19:00:00,T02,6.66,169.7,1.0
2026-03-18 19:00:00,T03,7.82,276.7,1.0
2026-03-18 19:00:00,T04,8.49,454.2,1.0
2026-03-18 19:00:00,T05,7.16,234.9,1.0
2026-03-18 20:00:00,T01,4.52,0.0,1.0
2026-03-18 20:00:00,T02,4.61,19.1,1.0
2026-03-18 20:00:00,T03,8.19,356.9,1.0
2026-03-18 20:00:00,T04,5.45,41.8,1.0
2026-03-18 20:00:00,T05,2.82,0.0,1.0
2026-03-18 21:00:00,T01,7.99,350.7,1.0
2026-03-18 21:00:00,T02,5.68,68.5,1.0
2026-03-18 21:00:00,T03,6.5,74.0,1.0
2026-03-18 21:00:00,T04,8.17,437.7,1.0
2026-03-18 21:00:00,T05,5.25,8.6,1.0
2026-03-18 22:00:00,T01,3.97,0.0,1.0
2026-03-18 22:00:00,T02,2.12,0.0,1.0
2026-03-18 22:00:00,T03,8.45,465.8,1.0
2026-03-18 22:00:00,T04,11.08,1461.0,1.0
2026-03-18 22:00:00,T05,2.91,20.6,1.0
2026-03-18 23:00:00,T01,7.79,312.6,1.0
2026-03-18 23:00:00,T02,5.52,97.9,1.0
2026-03-18 23:00:00,T03,6.32,106.8,1.0
2026-03-18 23:00:00,T04,4.78,0.7,1.0
2026-03-18 23:00:00,T05,7.58,197.0,1.0
2026-03-19 00:00:00,T01,5.6,45.0,1.0
2026-03-19 00:00:00,T02,6.87,170.1,1.0
2026-03-19 00:00:00,T03,10.07,982.8,1.0
2026-03-19 00:00:00,T04,9.22,676.5,1.0
2026-03-19 00:00:00,T05,9.76,858.1,1.0
2026-03-19 01:00:00,T01,2.52,0.0,1.0
2026-03-19 01:00:00,T02,7.19,219.7,1.0
2026-03-19 01:00:00,T03,5.24,0.0,1.0
2026-03-19 01:00:00,T04,3.88,55.3,1.0
2026-03-19 01:00:00,T05,5.29,59.6,1.0
2026-03-19 02:00:00,T01,7.94,354.4,1.0
2026-03-19 02:00:00,T02,8.43,398.8,1.0
2026-03-19 02:00:00,T03,5.99,118.1,1.0
2026-03-19 02:00:00,T04,10.64,1182.3,1.0
2026-03-19 02:00:00,T05,6.72,127.3,1.0
2026-03-19 03:00:00,T01,4.92,4.1,1.0
2026-03-19 03:00:00,T02,6.45,91.6,1.0
2026-03-19 03:00:00,T03,6.79,134.1,1.0
2026-03-19 03:00:00,T04,6.85,134.9,1.0
2026-03-19 03:00:00,T05,8.8,525.9,1.0
2026-03-19 04:00:00,T01,6.41,95.1,1.0
2026-03-19 04:00:00,T02,5.03,53.9,1.0
2026-03-19 04:00:00,T03,5.52,48.3,1.0
2026-03-19 04:00:00,T04,6.96,164.4,1.0
2026-03-19 04:00:00,T05,3.5,0.0,1.0
2026-03-19 05:00:00,T01,4.71,0.0,1.0
2026-03-19 05:00:00,T02,11.41,1641.4,1.0
2026-03-19 05:00:00,T03,8.71,531.2,1.0
2026-03-19 05:00:00,T04,6.92,155.2,1.0
2026-03-19 05:00:00,T05,5.78,46.1,1.0
2026-03-19 06:00:00,T01,6.14,68.6,1.0
2026-03-19 06:00:00,T02,7.23,160.4,1.0
2026-03-19 06:00:00,T03,12.04,1975.3,1.0
2026-03-19 06:00:00,T04,10.06,958.4,1.0
2026-03-19 06:00:00,T05,8.83,530.5,1.0
2026-03-19 07:00:00,T01,8.35,431.7,1.0
2026-03-19 07:00:00,T02,5.87,91.0,1.0
2026-03-19 07:00:00,T03,7.98,324.3,1.0
2026-03-19 07:00:00,T04,8.12,335.0,1.0
2026-03-19 07:00:00,T05,11.58,1718.7,1.0
2026-03-19 08:00:00,T01,7.84,305.4,1.0
2026-03-19 08:00:00,T02,8.71,496.0,1.0
2026-03-19 08:00:00,T03,10.89,1353.1,1.0
2026-03-19 08:00:00,T04,5.95,105.5,1.0
2026-03-19 08:00:00,T05,10.09,960.3,1.0
2026-03-19 09:00:00,T01,8.76,531.2,1.0
2026-03-19 09:00:00,T02,9.22,695.7,1.0
2026-03-19 09:00:00,T03,9.64,875.8,1.0
2026-03-19 09:00:00,T04,5.51,8.0,1.0
2026-03-19 09:00:00,T05,11.18,1495.4,1.0
2026-03-19 10:00:00,T01,8.47,457.5,1.0
2026-03-19 10:00:00,T02,10.44,1128.3,1.0
2026-03-19 10:00:00,T03,8.83,552.5,1.0
2026-03-19 10:00:00,T04,11.07,1435.5,1.0
2026-03-19 10:00:00,T05,9.1,616.4,1.0
2026-03-19 11:00:00,T01,11.67,1821.3,1.0
2026-03-19 11:00:00,T02,8.31,416.9,1.0
2026-03-19 11:00:00,T03,12.1,2000.0,1.0
2026-03-19 11:00:00,T04,6.65,159.9,1.0
2026-03-19 11:00:00,T05,12.09,2000.0,1.0
2026-03-19 12:00:00,T01,8.05,345.1,1.0
2026-03-19 12:00:00,T02,6.56,152.7,1.0
2026-03-19 12:00:00,T03,11.53,1731.3,1.0
2026-03-19 12:00:00,T04,6.87,158.7,1.0
2026-03-19 12:00:00,T05,8.3,399.4,1.0
2026-03-19 13:00:00,T01,6.08,43.6,1.0
2026-03-19 13:00:00,T02,9.71,808.0,1.0
2026-03-19 13:00:00,T03,8.18,390.3,1.0
2026-03-19 13:00:00,T04,8.31,385.2,1.0
2026-03-19 13:00:00,T05,11.51,1696.4,1.0
2026-03-19 14:00:00,T01,11.0,1433.9,1.0
2026-03-19 14:00:00,T02,9.79,833.6,1.0
2026-03-19 14:00:00,T03,11.31,1547.3,1.0
2026-03-19 14:00:00,T04,7.75,259.6,1.0
2026-03-19 14:00:00,T05,8.41,419.6,1.0
2026-03-19 15:00:00,T01,7.37,220.5,1.0
2026-03-19 15:00:00,T02,5.75,52.3,1.0
2026-03-19 15:00:00,T03,11.25,1566.6,1.0
2026-03-19 15:00:00,T04,8.05,346.5,1.0
2026-03-19 15:00:00,T05,6.69,123.0,1.0
2026-03-19 16:00:00,T01,10.65,1257.3,1.0
2026-03-19 16:00:00,T02,6.76,166.9,1.0
2026-03-19 16:00:00,T03,7.32,184.1,1.0
2026-03-19 16:00:00,T04,8.31,392.2,1.0
2026-03-19 16:00:00,T05,9.41,678.6,1.0
2026-03-19 17:00:00,T01,8.67,509.7,1.0
2026-03-19 17:00:00,T02,8.62,455.0,1.0
2026-03-19 17:00:00,T03,10.06,1006.2,1.0
2026-03-19 17:00:00,T04,8.05,357.8,1.0
2026-03-19 17:00:00,T05,6.64,93.5,1.0
2026-03-19 18:00:00,T01,8.56,468.4,1.0
2026-03-19 18:00:00,T02,3.93,0.0,1.0
2026-03-19 18:00:00,T03,8.47,453.0,1.0
2026-03-19 18:00:00,T04,9.17,608.4,1.0
2026-03-19 18:00:00,T05,7.47,214.2,1.0
2026-03-19 19:00:00,T01,8.54,475.4,1.0
2026-03-19 19:00:00,T02,9.42,746.4,1.0
2026-03-19 19:00:00,T03,6.21,24.8,1.0
2026-03-19 19:00:00,T04,8.5,476.5,1.0
2026-03-19 19:00:00,T05,6.4,112.0,1.0
2026-03-19 20:00:00,T01,9.88,942.5,1.0
2026-03-19 20:00:00,T02,7.66,261.8,1.0
2026-03-19 20:00:00,T03,8.71,501.8,1.0
2026-03-19 20:00:00,T04,8.61,486.2,1.0
2026-03-19 20:00:00,T05,8.96,608.4,1.0
2026-03-19 21:00:00,T01,10.57,1242.9,1.0
2026-03-19 21:00:00,T02,6.97,161.9,1.0
2026-03-19 21:00:00,T03,5.44,56.0,1.0
2026-03-19 21:00:00,T04,5.19,33.5,1.0
2026-03-19 21:00:00,T05,5.92,23.9,1.0
2026-03-19 22:00:00,T01,6.72,143.5,1.0
2026-03-19 22:00:00,T02,7.98,292.1,1.0
2026-03-19 22:00:00,T03,4.95,14.4,1.0
2026-03-19 22:00:00,T04,7.48,283.5,1.0
2026-03-19 22:00:00,T05,5.26,17.8,1.0
2026-03-19 23:00:00,T01,7.08,190.8,1.0
2026-03-19 23:00:00,T02,5.43,22.3,1.0
2026-03-19 23:00:00,T03,2.98,17.9,1.0
2026-03-19 23:00:00,T04,4.98,10.3,1.0
2026-03-19 23:00:00,T05,5.04,0.0,1.0
2026-03-20 00:00:00,T01,8.16,403.1,1.0
2026-03-20 00:00:00,T02,6.61,128.6,1.0
2026-03-20 00:00:00,T03,6.55,101.0,1.0
2026-03-20 00:00:00,T04,3.76,0.0,1.0
2026-03-20 00:00:00,T05,5.89,59.9,1.0
2026-03-20 01:00:00,T01,4.22,0.0,1.0
2026-03-20 01:00:00,T02,7.45,265.4,1.0
2026-03-20 01:00:00,T03,5.36,3.4,1.0
2026-03-20 01:00:00,T04,4.29,0.0,1.0
2026-03-20 01:00:00,T05,6.88,186.6,1.0
2026-03-20 02:00:00,T01,6.3,106.8,1.0
2026-03-20 02:00:00,T02,6.49,97.8,1.0
2026-03-20 02:00:00,T03,7.0,173.6,1.0
2026-03-20 02:00:00,T04,4.88,13.3,1.0
2026-03-20 02:00:00,T05,9.16,630.6,1.0
2026-03-20 03:00:00,T01,7.95,332.5,1.0
2026-03-20 03:00:00,T02,13.35,2000.0,1.0
2026-03-20 03:00:00,T03,6.91,164.2,1.0
2026-03-20 03:00:00,T04,6.82,151.0,1.0
2026-03-20 03:00:00,T05,8.73,514.4,1.0
2026-03-20 04:00:00,T01,7.4,240.8,1.0
2026-03-20 04:00:00,T02,5.01,5.2,1.0
2026-03-20 04:00:00,T03,8.33,406.6,1.0
2026-03-20 04:00:00,T04,6.35,82.0,1.0
2026-03-20 04:00:00,T05,7.66,314.7,1.0
2026-03-20 05:00:00,T01,5.88,44.4,1.0
2026-03-20 05:00:00,T02,8.84,529.8,1.0
2026-03-20 05:00:00,T03,6.19,119.9,1.0
2026-03-20 05:00:00,T04,6.45,62.4,1.0
2026-03-20 05:00:00,T05,3.73,12.5,1.0
2026-03-20 06:00:00,T01,4.66,0.0,1.0
2026-03-20 06:00:00,T02,11.84,1936.3,1.0
2026-03-20 06:00:00,T03,6.41,87.9,1.0
2026-03-20 06:00:00,T04,8.9,548.3,1.0
2026-03-20 06:00:00,T05,8.88,539.3,1.0
2026-03-20 07:00:00,T01,4.46,0.0,1.0
2026-03-20 07:00:00,T02,7.12,196.6,1.0
2026-03-20 07:00:00,T03,9.05,616.1,1.0
2026-03-20 07:00:00,T04,7.4,242.0,1.0
2026-03-20 07:00:00,T05,7.33,226.6,1.0
2026-03-20 08:00:00,T01,6.63,103.5,1.0
2026-03-20 08:00:00,T02,10.55,1168.3,1.0
2026-03-20 08:00:00,T03,8.72,515.1,1.0
2026-03-20 08:00:00,T04,6.3,102.4,1.0
2026-03-20 08:00:00,T05,8.15,353.2,1.0
2026-03-20 09:00:00,T01,7.99,329.9,1.0
2026-03-20 09:00:00,T02,9.71,824.8,1.0
2026-03-20 09:00:00,T03,7.27,175.0,1.0
2026-03-20 09:00:00,T04,10.94,1404.1,1.0
2026-03-20 09:00:00,T05,3.36,10.6,1.0
2026-03-20 10:00:00,T01,8.34,410.8,1.0
2026-03-20 10:00:00,T02,10.75,1309.8,1.0
2026-03-20 10:00:00,T03,10.7,1219.1,1.0
2026-03-20 10:00:00,T04,12.62,2000.0,1.0
2026-03-20 10:00:00,T05,9.65,820.8,1.0
2026-03-20 11:00:00,T01,12.64,2000.0,1.0
2026-03-20 11:00:00,T02,9.56,811.9,1.0
2026-03-20 11:00:00,T03,9.96,925.8,1.0
2026-03-20 11:00:00,T04,8.8,554.2,1.0
2026-03-20 11:00:00,T05,7.84,277.6,1.0
2026-03-20 12:00:00,T01,11.25,1567.4,1.0
2026-03-20 12:00:00,T02,9.89,878.7,1.0
2026-03-20 12:00:00,T03,5.47,91.0,1.0
2026-03-20 12:00:00,T04,7.79,336.4,1.0
2026-03-20 12:00:00,T05,10.88,1344.9,1.0
2026-03-20 13:00:00,T01,6.89,137.1,1.0
2026-03-20 13:00:00,T02,8.65,492.8,1.0
2026-03-20 13:00:00,T03,11.91,1953.9,1.0
2026-03-20 13:00:00,T04,9.51,776.9,1.0
2026-03-20 13:00:00,T05,8.69,501.8,1.0
2026-03-20 14:00:00,T01,9.23,670.8,1.0
2026-03-20 14:00:00,T02,8.66,500.6,1.0
2026-03-20 14:00:00,T03,9.01,551.7,1.0
2026-03-20 14:00:00,T04,12.53,2000.0,1.0
2026-03-20 14:00:00,T05,10.78,1304.8,1.0
2026-03-20 15:00:00,T01,8.34,408.0,1.0
2026-03-20 15:00:00,T02,10.07,943.8,1.0
2026-03-20 15:00:00,T03,11.52,1616.0,1.0
2026-03-20 15:00:00,T04,6.0,120.6,1.0
2026-03-20 15:00:00,T05,9.67,834.7,1.0
2026-03-20 16:00:00,T01,7.44,233.3,1.0
2026-03-20 16:00:00,T02,7.87,315.6,1.0
2026-03-20 16:00:00,T03,8.43,458.7,1.0
2026-03-20 16:00:00,T04,8.92,592.8,1.0
2026-03-20 16:00:00,T05,9.32,703.0,1.0
2026-03-20 17:00:00,T01,7.82,311.9,1.0
2026-03-20 17:00:00,T02,7.24,208.6,1.0
2026-03-20 17:00:00,T03,10.21,1025.2,1.0
2026-03-20 17:00:00,T04,3.33,17.8,1.0
2026-03-20 17:00:00,T05,10.14,993.1,1.0
2026-03-20 18:00:00,T01,9.68,833.4,1.0
2026-03-20 18:00:00,T02,6.47,143.2,1.0
2026-03-20 18:00:00,T03,4.25,33.8,1.0
2026-03-20 18:00:00,T04,6.6,122.7,1.0
2026-03-20 18:00:00,T05,7.91,348.0,1.0
2026-03-20 19:00:00,T01,6.57,116.7,1.0
2026-03-20 19:00:00,T02,10.51,1192.8,1.0
2026-03-20 19:00:00,T03,6.75,122.8,1.0
2026-03-20 19:00:00,T04,6.82,151.3,1.0
2026-03-20 19:00:00,T05,7.65,253.6,1.0
2026-03-20 20:00:00,T01,9.31,716.1,1.0
2026-03-20 20:00:00,T02,9.74,832.9,1.0
2026-03-20 20:00:00,T03,6.81,160.1,1.0
2026-03-20 20:00:00,T04,8.1,354.8,1.0
2026-03-20 20:00:00,T05,8.63,456.7,1.0
2026-03-20 21:00:00,T01,4.2,0.0,1.0
2026-03-20 21:00:00,T02,5.45,34.8,1.0
2026-03-20 21:00:00,T03,6.08,101.3,1.0
2026-03-20 21:00:00,T04,6.69,153.4,1.0
2026-03-20 21:00:00,T05,6.16,6.5,1.0
2026-03-20 22:00:00,T01,6.98,173.6,1.0
2026-03-20 22:00:00,T02,6.82,169.2,1.0
2026-03-20 22:00:00,T03,4.35,0.0,1.0
2026-03-20 22:00:00,T04,8.2,367.7,1.0
2026-03-20 22:00:00,T05,6.07,77.8,1.0
2026-03-20 23:00:00,T01,10.65,1295.5,1.0
2026-03-20 23:00:00,T02,8.6,467.6,1.0
2026-03-20 23:00:00,T03,4.94,9.4,1.0
2026-03-20 23:00:00,T04,2.58,0.0,1.0
2026-03-20 23:00:00,T05,6.28,76.5,1.0
2026-03-21 00:00:00,T01,7.13,198.5,1.0
2026-03-21 00:00:00,T02,8.77,540.5,1.0
2026-03-21 00:00:00,T03,5.56,46.9,1.0
2026-03-21 00:00:00,T04,5.84,4.1,1.0
2026-03-21 00:00:00,T05,7.7,295.3,1.0
2026-03-21 01:00:00,T01,8.82,577.9,1.0
2026-03-21 01:00:00,T02,6.18,86.0,1.0
2026-03-21 01:00:00,T03,4.51,23.0,1.0
2026-03-21 01:00:00,T04,7.28,257.8,1.0
2026-03-21 01:00:00,T05,5.08,0.0,1.0
2026-03-21 02:00:00,T01,5.71,56.6,1.0
2026-03-21 02:00:00,T02,7.61,243.9,1.0
2026-03-21 02:00:00,T03,5.17,27.5,1.0
2026-03-21 02:00:00,T04,5.13,21.0,1.0
2026-03-21 02:00:00,T05,6.59,110.2,1.0
2026-03-21 03:00:00,T01,7.92,340.9,1.0
2026-03-21 03:00:00,T02,5.85,39.9,1.0
2026-03-21 03:00:00,T03,6.48,140.3,1.0
2026-03-21 03:00:00,T04,4.44,19.5,1.0
2026-03-21 03:00:00,T05,4.59,22.7,1.0
2026-03-21 04:00:00,T01,6.2,88.5,1.0
2026-03-21 04:00:00,T02,5.39,73.4,1.0
2026-03-21 04:00:00,T03,4.18,0.0,1.0
2026-03-21 04:00:00,T04,2.79,36.4,1.0
2026-03-21 04:00:00,T05,7.72,262.3,1.0
2026-03-21 05:00:00,T01,5.92,63.9,1.0
2026-03-21 05:00:00,T02,9.45,731.8,1.0
2026-03-21 05:00:00,T03,9.09,585.5,1.0
2026-03-21 05:00:00,T04,5.23,37.8,1.0
2026-03-21 05:00:00,T05,5.04,33.6,1.0
2026-03-21 06:00:00,T01,5.65,31.7,1.0
2026-03-21 06:00:00,T02,7.26,252.5,1.0
2026-03-21 06:00:00,T03,6.75,193.7,1.0
2026-03-21 06:00:00,T04,8.17,414.9,1.0
2026-03-21 06:00:00,T05,10.07,954.6,1.0
2026-03-21 07:00:00,T01,9.68,829.0,1.0
2026-03-21 07:00:00,T02,8.31,398.5,1.0
2026-03-21 07:00:00,T03,8.4,416.5,1.0
2026-03-21 07:00:00,T04,6.95,138.1,1.0
2026-03-21 07:00:00,T05,8.32,412.2,1.0
2026-03-21 08:00:00,T01,6.39,85.5,1.0
2026-03-21 08:00:00,T02,10.1,990.8,1.0
2026-03-21 08:00:00,T03,9.32,679.7,1.0
2026-03-21 08:00:00,T04,7.27,273.1,1.0
2026-03-21 08:00:00,T05,8.18,396.0,1.0
2026-03-21 09:00:00,T01,11.81,1890.0,1.0
2026-03-21 09:00:00,T02,6.13,143.8,1.0
2026-03-21 09:00:00,T03,7.26,210.9,1.0
2026-03-21 09:00:00,T04,9.51,783.0,1.0
2026-03-21 09:00:00,T05,8.39,454.5,1.0
2026-03-21 10:00:00,T01,11.16,1519.7,1.0
2026-03-21 10:00:00,T02,9.35,677.4,1.0
2026-03-21 10:00:00,T03,8.91,568.4,1.0
2026-03-21 10:00:00,T04,6.05,83.3,1.0
2026-03-21 10:00:00,T05,10.18,1017.8,1.0
2026-03-21 11:00:00,T01,9.17,654.8,1.0
2026-03-21 11:00:00,T02,11.89,1881.0,1.0
2026-03-21 11:00:00,T03,10.38,1093.8,1.0
2026-03-21 11:00:00,T04,10.09,1012.4,1.0
2026-03-21 11:00:00,T05,8.78,510.1,1.0
2026-03-21 12:00:00,T01,8.39,421.8,1.0
2026-03-21 12:00:00,T02,11.26,1578.3,1.0
2026-03-21 12:00:00,T03,11.79,1863.6,1.0
2026-03-21 12:00:00,T04,11.92,1915.1,1.0
2026-03-21 12:00:00,T05,8.57,463.0,1.0
2026-03-21 13:00:00,T01,9.93,922.6,1.0
2026-03-21 13:00:00,T02,9.89,877.4,1.0
2026-03-21 13:00:00,T03,8.58,474.9,1.0
2026-03-21 13:00:00,T04,8.68,494.3,1.0
2026-03-21 13:00:00,T05,8.66,514.0,1.0
2026-03-21 14:00:00,T01,8.67,491.3,1.0
2026-03-21 14:00:00,T02,7.29,215.4,1.0
2026-03-21 14:00:00,T03,10.6,1210.1,1.0
2026-03-21 14:00:00,T04,6.31,136.0,1.0
2026-03-21 14:00:00,T05,7.28,189.3,1.0
2026-03-21 15:00:00,T01,9.93,937.1,1.0
2026-03-21 15:00:00,T02,8.63,475.5,1.0
2026-03-21 15:00:00,T03,10.11,926.9,1.0
2026-03-21 15:00:00,T04,8.56,426.0,1.0
2026-03-21 15:00:00,T05,7.83,305.1,1.0
2026-03-21 16:00:00,T01,4.82,0.0,1.0
2026-03-21 16:00:00,T02,8.36,429.7,1.0
2026-03-21 16:00:00,T03,8.35,466.8,1.0
2026-03-21 16:00:00,T04,9.32,706.4,1.0
2026-03-21 16:00:00,T05,8.06,345.7,1.0
2026-03-21 17:00:00,T01,7.56,251.0,1.0
2026-03-21 17:00:00,T02,8.14,348.6,1.0
2026-03-21 17:00:00,T03,6.61,125.0,1.0
2026-03-21 17:00:00,T04,4.34,19.9,1.0
2026-03-21 17:00:00,T05,6.83,151.7,1.0
2026-03-21 18:00:00,T01,3.43,0.0,1.0
2026-03-21 18:00:00,T02,6.1,77.4,1.0
2026-03-21 18:00:00,T03,8.19,397.5,1.0
2026-03-21 18:00:00,T04,7.69,332.6,1.0
2026-03-21 18:00:00,T05,9.01,571.3,1.0
2026-03-21 19:00:00,T01,5.22,0.0,1.0
2026-03-21 19:00:00,T02,8.0,353.3,1.0
2026-03-21 19:00:00,T03,8.38,392.0,1.0
2026-03-21 19:00:00,T04,6.77,106.9,1.0
2026-03-21 19:00:00,T05,5.12,0.0,1.0
2026-03-21 20:00:00,T01,10.21,1061.6,1.0
2026-03-21 20:00:00,T02,8.03,323.0,1.0
2026-03-21 20:00:00,T03,5.38,25.0,1.0
2026-03-21 20:00:00,T04,1.92,40.2,1.0
2026-03-21 20:00:00,T05,6.74,156.3,1.0
2026-03-21 21:00:00,T01,8.03,371.5,1.0
2026-03-21 21:00:00,T02,9.73,817.6,1.0
2026-03-21 21:00:00,T03,7.23,190.6,1.0
2026-03-21 21:00:00,T04,4.37,0.0,1.0
2026-03-21 21:00:00,T05,7.78,323.2,1.0
2026-03-21 22:00:00,T01,4.14,0.0,1.0
2026-03-21 22:00:00,T02,9.52,751.5,1.0
2026-03-21 22:00:00,T03,5.59,84.7,1.0
2026-03-21 22:00:00,T04,6.68,125.3,1.0
2026-03-21 22:00:00,T05,7.75,249.8,1.0
2026-03-21 23:00:00,T01,4.1,0.0,1.0
2026-03-21 23:00:00,T02,6.78,112.5,1.0
2026-03-21 23:00:00,T03,3.53,0.0,1.0
2026-03-21 23:00:00,T04,5.91,37.3,1.0
2026-03-21 23:00:00,T05,4.37,16.3,1.0
2026-03-22 00:00:00,T01,1.41,0.0,1.0
2026-03-22 00:00:00,T02,6.72,130.4,1.0
2026-03-22 00:00:00,T03,8.04,370.5,1.0
2026-03-22 00:00:00,T04,9.3,658.2,1.0
2026-03-22 00:00:00,T05,3.32,27.2,1.0
2026-03-22 01:00:00,T01,6.21,76.9,1.0
2026-03-22 01:00:00,T02,6.12,86.3,1.0
2026-03-22 01:00:00,T03,5.56,29.5,1.0
2026-03-22 01:00:00,T04,7.6,276.9,1.0
2026-03-22 01:00:00,T05,6.58,141.2,1.0
2026-03-22 02:00:00,T01,10.15,1062.7,1.0
2026-03-22 02:00:00,T02,4.29,0.0,1.0
2026-03-22 02:00:00,T03,4.07,0.0,1.0
2026-03-22 02:00:00,T04,6.25,66.1,1.0
2026-03-22 02:00:00,T05,8.26,387.8,1.0
2026-03-22 03:00:00,T01,8.04,361.2,1.0
2026-03-22 03:00:00,T02,5.75,50.0,1.0
2026-03-22 03:00:00,T03,7.37,223.3,1.0
2026-03-22 03:00:00,T04,3.55,19.0,1.0
2026-03-22 03:00:00,T05,8.64,469.5,1.0
2026-03-22 04:00:00,T01,5.96,56.8,1.0
2026-03-22 04:00:00,T02,6.69,137.7,1.0
2026-03-22 04:00:00,T03,9.08,648.6,1.0
2026-03-22 04:00:00,T04,8.3,392.7,1.0
2026-03-22 04:00:00,T05,12.77,2000.0,1.0
2026-03-22 05:00:00,T01,7.02,189.7,1.0
2026-03-22 05:00:00,T02,6.21,74.3,1.0
2026-03-22 05:00:00,T03,6.29,50.1,1.0
2026-03-22 05:00:00,T04,9.15,607.2,1.0
2026-03-22 05:00:00,T05,4.69,19.5,1.0
2026-03-22 06:00:00,T01,7.33,183.9,1.0
2026-03-22 06:00:00,T02,9.44,750.7,1.0
2026-03-22 06:00:00,T03,9.62,764.0,1.0
2026-03-22 06:00:00,T04,8.18,368.2,1.0
2026-03-22 06:00:00,T05,9.69,822.1,1.0
2026-03-22 07:00:00,T01,7.48,238.5,1.0
2026-03-22 07:00:00,T02,5.18,64.3,1.0
2026-03-22 07:00:00,T03,7.52,205.3,1.0
2026-03-22 07:00:00,T04,8.6,489.7,1.0
2026-03-22 07:00:00,T05,4.14,0.0,1.0
2026-03-22 08:00:00,T01,8.63,491.1,1.0
2026-03-22 08:00:00,T02,8.71,498.9,1.0
2026-03-22 08:00:00,T03,8.01,317.3,1.0
2026-03-22 08:00:00,T04,10.51,1154.5,1.0
2026-03-22 08:00:00,T05,11.58,1703.2,1.0
2026-03-22 09:00:00,T01,8.1,362.8,1.0
2026-03-22 09:00:00,T02,8.1,376.0,1.0
2026-03-22 09:00:00,T03,11.98,1969.5,1.0
2026-03-22 09:00:00,T04,7.73,291.7,1.0
2026-03-22 09:00:00,T05,8.81,548.2,1.0
2026-03-22 10:00:00,T01,10.72,1279.6,1.0
2026-03-22 10:00:00,T02,9.3,680.2,1.0
2026-03-22 10:00:00,T03,6.22,51.6,1.0
2026-03-22 10:00:00,T04,13.22,2000.0,1.0
2026-03-22 10:00:00,T05,14.04,2000.0,1.0
2026-03-22 11:00:00,T01,9.95,930.0,1.0
2026-03-22 11:00:00,T02,8.82,549.6,1.0
2026-03-22 11:00:00,T03,10.94,1357.2,1.0
2026-03-22 11:00:00,T04,12.17,2000.0,1.0
2026-03-22 11:00:00,T05,11.08,1449.9,1.0
2026-03-22 12:00:00,T01,11.22,1539.3,1.0
2026-03-22 12:00:00,T02,6.44,150.9,1.0
2026-03-22 12:00:00,T03,6.02,25.4,1.0
2026-03-22 12:00:00,T04,7.86,306.2,1.0
2026-03-22 12:00:00,T05,11.32,1584.1,1.0
2026-03-22 13:00:00,T01,7.53,237.6,1.0
2026-03-22 13:00:00,T02,10.76,1296.9,1.0
2026-03-22 13:00:00,T03,9.67,787.5,1.0
2026-03-22 13:00:00,T04,11.3,1539.9,1.0
2026-03-22 13:00:00,T05,10.88,1386.4,1.0
2026-03-22 14:00:00,T01,10.16,1028.1,1.0
2026-03-22 14:00:00,T02,8.14,329.1,1.0
2026-03-22 14:00:00,T03,7.81,334.6,1.0
2026-03-22 14:00:00,T04,8.27,404.0,1.0
2026-03-22 14:00:00,T05,10.41,1100.5,1.0
2026-03-22 15:00:00,T01,12.64,2000.0,1.0
2026-03-22 15:00:00,T02,7.65,286.5,1.0
2026-03-22 15:00:00,T03,8.29,417.3,1.0
2026-03-22 15:00:00,T04,8.47,460.5,1.0
2026-03-22 15:00:00,T05,7.84,342.5,1.0
2026-03-22 16:00:00,T01,6.92,140.9,1.0
2026-03-22 16:00:00,T02,7.03,210.5,1.0
2026-03-22 16:00:00,T03,11.4,1630.2,1.0
2026-03-22 16:00:00,T04,8.55,433.1,1.0
2026-03-22 16:00:00,T05,9.84,860.0,1.0
2026-03-22 17:00:00,T01,5.81,38.5,1.0
2026-03-22 17:00:00,T02,9.22,656.0,1.0
2026-03-22 17:00:00,T03,5.99,48.3,1.0
2026-03-22 17:00:00,T04,6.81,129.1,1.0
2026-03-22 17:00:00,T05,6.46,141.2,1.0
2026-03-22 18:00:00,T01,13.45,2000.0,1.0
2026-03-22 18:00:00,T02,10.39,1132.0,1.0
2026-03-22 18:00:00,T03,6.9,124.6,1.0
2026-03-22 18:00:00,T04,9.38,694.4,1.0
2026-03-22 18:00:00,T05,5.15,58.2,1.0
2026-03-22 19:00:00,T01,7.39,227.1,1.0
2026-03-22 19:00:00,T02,9.0,574.7,1.0
2026-03-22 19:00:00,T03,7.09,158.7,1.0
2026-03-22 19:00:00,T04,4.07,0.0,1.0
2026-03-22 19:00:00,T05,6.78,140.6,1.0
2026-03-22 20:00:00,T01,9.4,755.3,1.0
2026-03-22 20:00:00,T02,8.07,319.5,1.0
2026-03-22 20:00:00,T03,7.88,317.3,1.0
2026-03-22 20:00:00,T04,8.28,384.9,1.0
2026-03-22 20:00:00,T05,7.84,352.2,1.0
2026-03-22 21:00:00,T01,6.18,77.3,1.0
2026-03-22 21:00:00,T02,6.33,104.7,1.0
2026-03-22 21:00:00,T03,9.86,908.5,1.0
2026-03-22 21:00:00,T04,5.57,64.0,1.0
2026-03-22 21:00:00,T05,5.62,61.1,1.0
2026-03-22 22:00:00,T01,9.51,792.6,1.0
2026-03-22 22:00:00,T02,5.72,11.2,1.0
2026-03-22 22:00:00,T03,4.93,42.3,1.0
2026-03-22 22:00:00,T04,9.28,639.9,1.0
2026-03-22 22:00:00,T05,5.7,32.2,1.0
2026-03-22 23:00:00,T01,6.58,128.9,1.0
2026-03-22 23:00:00,T02,4.8,10.1,1.0
2026-03-22 23:00:00,T03,5.14,42.7,1.0
2026-03-22 23:00:00,T04,6.16,47.1,1.0
2026-03-22 23:00:00,T05,6.28,87.8,1.0
2026-03-23 00:00:00,T01,7.43,244.8,1.0
2026-03-23 00:00:00,T02,6.41,140.6,1.0
2026-03-23 00:00:00,T03,4.04,0.0,1.0
2026-03-23 00:00:00,T04,4.96,12.2,1.0
2026-03-23 00:00:00,T05,4.43,36.3,1.0
2026-03-23 01:00:00,T01,9.04,642.6,1.0
2026-03-23 01:00:00,T02,7.11,142.6,1.0
2026-03-23 01:00:00,T03,8.91,566.5,1.0
2026-03-23 01:00:00,T04,9.93,909.1,1.0
2026-03-23 01:00:00,T05,7.73,312.6,1.0
2026-03-23 02:00:00,T01,5.43,30.2,1.0
2026-03-23 02:00:00,T02,5.06,0.0,1.0
2026-03-23 02:00:00,T03,7.48,238.5,1.0
2026-03-23 02:00:00,T04,5.26,0.0,1.0
2026-03-23 02:00:00,T05,7.54,230.2,1.0
2026-03-23 03:00:00,T01,4.84,0.0,1.0
2026-03-23 03:00:00,T02,8.49,429.0,1.0
2026-03-23 03:00:00,T03,6.55,118.1,1.0
2026-03-23 03:00:00,T04,4.52,0.0,1.0
2026-03-23 03:00:00,T05,10.61,1205.4,1.0
2026-03-23 04:00:00,T01,7.34,212.7,1.0
2026-03-23 04:00:00,T02,7.28,213.5,1.0
2026-03-23 04:00:00,T03,6.42,160.4,1.0
2026-03-23 04:00:00,T04,8.02,337.4,1.0
2026-03-23 04:00:00,T05,5.02,27.8,1.0
2026-03-23 05:00:00,T01,7.55,270.3,1.0
2026-03-23 05:00:00,T02,5.78,49.6,1.0
2026-03-23 05:00:00,T03,4.66,0.0,1.0
2026-03-23 05:00:00,T04,8.1,353.8,1.0
2026-03-23 05:00:00,T05,9.55,757.0,1.0
2026-03-23 06:00:00,T01,5.67,13.1,1.0
2026-03-23 06:00:00,T02,10.35,1122.7,1.0
2026-03-23 06:00:00,T03,8.18,374.9,1.0
2026-03-23 06:00:00,T04,7.62,274.4,1.0
2026-03-23 06:00:00,T05,8.69,565.3,1.0
2026-03-23 07:00:00,T01,8.81,555.0,1.0
2026-03-23 07:00:00,T02,4.61,35.4,1.0
2026-03-23 07:00:00,T03,9.32,724.4,1.0
2026-03-23 07:00:00,T04,7.45,225.9,1.0
2026-03-23 07:00:00,T05,9.08,621.3,1.0
2026-03-23 08:00:00,T01,7.76,283.0,1.0
2026-03-23 08:00:00,T02,9.44,746.0,1.0
2026-03-23 08:00:00,T03,12.23,1963.4,1.0
2026-03-23 08:00:00,T04,8.9,600.2,1.0
2026-03-23 08:00:00,T05,8.25,396.1,1.0
2026-03-23 09:00:00,T01,10.37,1128.2,1.0
2026-03-23 09:00:00,T02,6.94,171.7,1.0
2026-03-23 09:00:00,T03,10.05,946.3,1.0
2026-03-23 09:00:00,T04,12.43,2000.0,1.0
2026-03-23 09:00:00,T05,12.71,2000.0,1.0
2026-03-23 10:00:00,T01,5.37,0.0,1.0
2026-03-23 10:00:00,T02,12.77,2000.0,1.0
2026-03-23 10:00:00,T03,7.9,308.9,1.0
2026-03-23 10:00:00,T04,8.52,440.7,1.0
2026-03-23 10:00:00,T05,10.4,1103.9,1.0
2026-03-23 11:00:00,T01,8.48,431.6,1.0
2026-03-23 11:00:00,T02,11.35,1578.0,1.0
2026-03-23 11:00:00,T03,8.8,528.4,1.0
2026-03-23 11:00:00,T04,12.47,2000.0,1.0
2026-03-23 11:00:00,T05,10.42,1146.6,1.0
2026-03-23 12:00:00,T01,6.19,46.8,1.0
2026-03-23 12:00:00,T02,7.41,256.7,1.0
2026-03-23 12:00:00,T03,12.71,1960.1,1.0
2026-03-23 12:00:00,T04,6.56,127.2,1.0
2026-03-23 12:00:00,T05,9.37,668.3,1.0
2026-03-23 13:00:00,T01,9.5,732.6,1.0
2026-03-23 13:00:00,T02,12.71,1972.2,1.0
2026-03-23 13:00:00,T03,7.78,314.6,1.0
2026-03-23 13:00:00,T04,4.18,34.9,1.0
2026-03-23 13:00:00,T05,8.81,526.4,1.0
2026-03-23 14:00:00,T01,10.06,973.3,1.0
2026-03-23 14:00:00,T02,5.0,42.9,1.0
2026-03-23 14:00:00,T03,6.18,104.5,1.0
2026-03-23 14:00:00,T04,11.3,1554.3,1.0
2026-03-23 14:00:00,T05,8.37,451.4,1.0
2026-03-23 15:00:00,T01,8.09,356.6,1.0
2026-03-23 15:00:00,T02,9.75,872.0,1.0
2026-03-23 15:00:00,T03,9.25,681.9,1.0
2026-03-23 15:00:00,T04,11.49,1699.4,1.0
2026-03-23 15:00:00,T05,9.36,745.0,1.0
2026-03-23 16:00:00,T01,7.44,233.1,1.0
2026-03-23 16:00:00,T02,9.43,735.5,1.0
2026-03-23 16:00:00,T03,10.59,1179.6,1.0
2026-03-23 16:00:00,T04,7.82,308.2,1.0
2026-03-23 16:00:00,T05,8.75,503.5,1.0
2026-03-23 17:00:00,T01,9.09,614.5,1.0
2026-03-23 17:00:00,T02,5.72,50.8,1.0
2026-03-23 17:00:00,T03,7.97,338.9,1.0
2026-03-23 17:00:00,T04,10.36,1130.2,1.0
2026-03-23 17:00:00,T05,6.27,73.9,1.0
2026-03-23 18:00:00,T01,7.41,240.4,1.0
2026-03-23 18:00:00,T02,9.71,840.0,1.0
2026-03-23 18:00:00,T03,5.6,25.7,1.0
2026-03-23 18:00:00,T04,4.99,53.8,1.0
2026-03-23 18:00:00,T05,9.56,788.7,1.0
2026-03-23 19:00:00,T01,5.02,0.0,1.0
2026-03-23 19:00:00,T02,7.8,232.0,1.0
2026-03-23 19:00:00,T03,11.4,1617.5,1.0
2026-03-23 19:00:00,T04,7.53,259.7,1.0
2026-03-23 19:00:00,T05,9.18,631.7,1.0
2026-03-23 20:00:00,T01,7.6,283.9,1.0
2026-03-23 20:00:00,T02,7.85,320.4,1.0
2026-03-23 20:00:00,T03,4.84,71.0,1.0
2026-03-23 20:00:00,T04,5.83,55.6,1.0
2026-03-23 20:00:00,T05,4.47,1.9,1.0
2026-03-23 21:00:00,T01,7.52,270.5,1.0
2026-03-23 21:00:00,T02,7.96,332.1,1.0
2026-03-23 21:00:00,T03,8.31,413.4,1.0
2026-03-23 21:00:00,T04,5.69,65.8,1.0
2026-03-23 21:00:00,T05,7.13,215.1,1.0
2026-03-23 22:00:00,T01,6.83,163.2,1.0
2026-03-23 22:00:00,T02,6.81,150.7,1.0
2026-03-23 22:00:00,T03,8.84,518.1,1.0
2026-03-23 22:00:00,T04,8.29,401.4,1.0
2026-03-23 22:00:00,T05,4.9,5.3,1.0
2026-03-23 23:00:00,T01,7.23,221.5,1.0
2026-03-23 23:00:00,T02,7.21,222.5,1.0
2026-03-23 23:00:00,T03,6.1,86.2,1.0
2026-03-23 23:00:00,T04,6.63,173.4,1.0
2026-03-23 23:00:00,T05,4.87,0.0,1.0
2026-03-24 00:00:00,T01,6.5,125.0,1.0
2026-03-24 00:00:00,T02,7.52,251.6,1.0
2026-03-24 00:00:00,T03,8.07,324.5,1.0
2026-03-24 00:00:00,T04,3.45,2.2,1.0
2026-03-24 00:00:00,T05,4.23,0.0,1.0
2026-03-24 01:00:00,T01,9.16,692.3,1.0
2026-03-24 01:00:00,T02,3.74,0.0,1.0
2026-03-24 01:00:00,T03,9.98,902.6,1.0
2026-03-24 01:00:00,T04,6.31,89.1,1.0
2026-03-24 01:00:00,T05,6.31,99.5,1.0
2026-03-24 02:00:00,T01,7.39,230.0,1.0
2026-03-24 02:00:00,T02,0.0,0.0,1.0
2026-03-24 02:00:00,T03,4.41,0.0,1.0
2026-03-24 02:00:00,T04,10.39,1097.6,1.0
2026-03-24 02:00:00,T05,9.74,794.4,1.0
2026-03-24 03:00:00,T01,6.47,106.7,1.0
2026-03-24 03:00:00,T02,7.87,319.0,1.0
2026-03-24 03:00:00,T03,7.1,178.5,1.0
2026-03-24 03:00:00,T04,4.45,0.0,1.0
2026-03-24 03:00:00,T05,5.77,50.8,1.0
2026-03-24 04:00:00,T01,6.95,149.7,1.0
2026-03-24 04:00:00,T02,7.41,238.5,1.0
2026-03-24 04:00:00,T03,9.17,668.5,1.0
2026-03-24 04:00:00,T04,4.93,33.8,1.0
2026-03-24 04:00:00,T05,6.29,63.3,1.0
2026-03-24 05:00:00,T01,4.61,0.0,1.0
2026-03-24 05:00:00,T02,6.89,165.5,1.0
2026-03-24 05:00:00,T03,11.77,1865.4,1.0
2026-03-24 05:00:00,T04,5.4,17.6,1.0
2026-03-24 05:00:00,T05,8.25,438.7,1.0
2026-03-24 06:00:00,T01,5.58,15.8,1.0
2026-03-24 06:00:00,T02,5.76,83.5,1.0
2026-03-24 06:00:00,T03,6.96,183.1,1.0
2026-03-24 06:00:00,T04,3.84,29.1,1.0
2026-03-24 06:00:00,T05,7.37,283.8,1.0
2026-03-24 07:00:00,T01,6.22,69.1,1.0
2026-03-24 07:00:00,T02,11.5,1654.7,1.0
2026-03-24 07:00:00,T03,9.41,694.2,1.0
2026-03-24 07:00:00,T04,7.71,255.0,1.0
2026-03-24 07:00:00,T05,4.76,0.0,1.0
2026-03-24 08:00:00,T01,7.76,293.4,1.0
2026-03-24 08:00:00,T02,8.34,422.9,1.0
2026-03-24 08:00:00,T03,7.1,176.0,1.0
2026-03-24 08:00:00,T04,7.77,300.4,1.0
2026-03-24 08:00:00,T05,9.03,607.9,1.0
2026-03-24 09:00:00,T01,8.23,401.2,1.0
2026-03-24 09:00:00,T02,9.49,782.7,1.0
2026-03-24 09:00:00,T03,7.34,230.5,1.0
2026-03-24 09:00:00,T04,11.87,1942.2,1.0
2026-03-24 09:00:00,T05,5.83,37.9,1.0
2026-03-24 10:00:00,T01,9.93,914.7,1.0
2026-03-24 10:00:00,T02,7.29,173.9,1.0
2026-03-24 10:00:00,T03,7.0,160.1,1.0
2026-03-24 10:00:00,T04,13.21,1946.2,1.0
2026-03-24 10:00:00,T05,9.41,715.6,1.0
2026-03-24 11:00:00,T01,7.29,196.7,1.0
2026-03-24 11:00:00,T02,10.36,1097.4,1.0
2026-03-24 11:00:00,T03,9.83,865.6,1.0
2026-03-24 11:00:00,T04,6.41,159.6,1.0
2026-03-24 11:00:00,T05,12.04,2000.0,1.0
2026-03-24 12:00:00,T01,10.15,1025.5,1.0
2026-03-24 12:00:00,T02,4.45,0.0,1.0
2026-03-24 12:00:00,T03,8.93,583.6,1.0
2026-03-24 12:00:00,T04,11.33,1573.1,1.0
2026-03-24 12:00:00,T05,6.74,131.9,1.0
2026-03-24 13:00:00,T01,12.07,2000.0,1.0
2026-03-24 13:00:00,T02,7.65,266.6,1.0
2026-03-24 13:00:00,T03,11.46,1650.9,1.0
2026-03-24 13:00:00,T04,10.4,1113.7,1.0
2026-03-24 13:00:00,T05,7.57,254.6,1.0
2026-03-24 14:00:00,T01,8.31,406.1,1.0
2026-03-24 14:00:00,T02,7.41,212.0,1.0
2026-03-24 14:00:00,T03,4.26,11.1,1.0
2026-03-24 14:00:00,T04,8.67,515.4,1.0
2026-03-24 14:00:00,T05,9.31,667.2,1.0
2026-03-24 15:00:00,T01,7.88,302.3,1.0
2026-03-24 15:00:00,T02,8.28,398.6,1.0
2026-03-24 15:00:00,T03,7.39,271.5,1.0
2026-03-24 15:00:00,T04,10.29,1080.2,1.0
2026-03-24 15:00:00,T05,7.17,227.9,1.0
2026-03-24 16:00:00,T01,9.21,670.3,1.0
2026-03-24 16:00:00,T02,11.04,1473.6,1.0
2026-03-24 16:00:00,T03,8.32,408.8,1.0
2026-03-24 16:00:00,T04,7.26,218.8,1.0
2026-03-24 16:00:00,T05,6.45,30.7,1.0
2026-03-24 17:00:00,T01,8.42,441.6,1.0
2026-03-24 17:00:00,T02,6.17,56.1,1.0
2026-03-24 17:00:00,T03,10.15,1032.4,1.0
2026-03-24 17:00:00,T04,9.27,702.5,1.0
2026-03-24 17:00:00,T05,12.43,1988.9,1.0
2026-03-24 18:00:00,T01,5.61,12.7,1.0
2026-03-24 18:00:00,T02,7.78,270.7,1.0
2026-03-24 18:00:00,T03,6.63,145.5,1.0
2026-03-24 18:00:00,T04,6.83,166.7,1.0
2026-03-24 18:00:00,T05,7.33,221.2,1.0
2026-03-24 19:00:00,T01,8.14,371.9,1.0
2026-03-24 19:00:00,T02,4.25,0.0,1.0
2026-03-24 19:00:00,T03,3.61,0.0,1.0
2026-03-24 19:00:00,T04,6.1,125.9,1.0
2026-03-24 19:00:00,T05,8.23,375.9,1.0
2026-03-24 20:00:00,T01,8.47,455.6,1.0
2026-03-24 20:00:00,T02,5.79,102.5,1.0
2026-03-24 20:00:00,T03,5.32,6.9,1.0
2026-03-24 20:00:00,T04,10.42,1133.6,1.0
2026-03-24 20:00:00,T05,11.1,1481.2,1.0
2026-03-24 21:00:00,T01,6.15,63.0,1.0
2026-03-24 21:00:00,T02,4.71,2.2,1.0
2026-03-24 21:00:00,T03,6.0,53.2,1.0
2026-03-24 21:00:00,T04,9.75,891.4,1.0
2026-03-24 21:00:00,T05,7.34,253.7,1.0
2026-03-24 22:00:00,T01,6.53,125.5,1.0
2026-03-24 22:00:00,T02,7.41,233.9,1.0
2026-03-24 22:00:00,T03,7.15,175.3,1.0
2026-03-24 22:00:00,T04,5.96,93.6,1.0
2026-03-24 22:00:00,T05,8.03,313.8,1.0
2026-03-24 23:00:00,T01,3.93,0.0,1.0
2026-03-24 23:00:00,T02,5.96,60.9,1.0
2026-03-24 23:00:00,T03,9.51,755.7,1.0
2026-03-24 23:00:00,T04,5.08,0.0,1.0
2026-03-24 23:00:00,T05,7.85,365.9,1.0
2026-03-25 00:00:00,T01,9.25,702.7,1.0
2026-03-25 00:00:00,T02,4.93,0.0,1.0
2026-03-25 00:00:00,T03,6.64,148.2,1.0
2026-03-25 00:00:00,T04,8.74,585.1,1.0
2026-03-25 00:00:00,T05,3.56,0.0,1.0
2026-03-25 01:00:00,T01,8.2,416.2,1.0
2026-03-25 01:00:00,T02,6.57,119.0,1.0
2026-03-25 01:00:00,T03,6.54,152.6,1.0
2026-03-25 01:00:00,T04,6.9,148.8,1.0
2026-03-25 01:00:00,T05,5.96,103.2,1.0
2026-03-25 02:00:00,T01,5.65,45.0,1.0
2026-03-25 02:00:00,T02,4.86,79.1,1.0
2026-03-25 02:00:00,T03,11.02,1421.8,1.0
2026-03-25 02:00:00,T04,4.58,48.2,1.0
2026-03-25 02:00:00,T05,6.83,157.4,1.0
2026-03-25 03:00:00,T01,7.24,218.7,1.0
2026-03-25 03:00:00,T02,3.77,36.1,1.0
2026-03-25 03:00:00,T03,5.88,54.5,1.0
2026-03-25 03:00:00,T04,7.65,276.1,1.0
2026-03-25 03:00:00,T05,7.04,167.9,1.0
2026-03-25 04:00:00,T01,1.81,0.0,1.0
2026-03-25 04:00:00,T02,2.59,0.0,1.0
2026-03-25 04:00:00,T03,7.06,131.4,1.0
2026-03-25 04:00:00,T04,5.28,59.1,1.0
2026-03-25 04:00:00,T05,5.53,34.1,1.0
2026-03-25 05:00:00,T01,5.46,11.9,1.0
2026-03-25 05:00:00,T02,6.95,185.2,1.0
2026-03-25 05:00:00,T03,9.62,798.5,1.0
2026-03-25 05:00:00,T04,7.27,196.3,1.0
2026-03-25 05:00:00,T05,6.57,124.1,1.0
2026-03-25 06:00:00,T01,6.61,122.0,1.0
2026-03-25 06:00:00,T02,7.81,285.1,1.0
2026-03-25 06:00:00,T03,6.75,145.4,1.0
2026-03-25 06:00:00,T04,8.79,546.9,1.0
2026-03-25 06:00:00,T05,5.42,44.3,1.0
2026-03-25 07:00:00,T01,7.48,220.6,1.0
2026-03-25 07:00:00,T02,7.93,285.0,1.0
2026-03-25 07:00:00,T03,8.2,390.8,1.0
2026-03-25 07:00:00,T04,7.58,257.8,1.0
2026-03-25 07:00:00,T05,9.78,833.0,1.0
2026-03-25 08:00:00,T01,9.35,721.4,1.0
2026-03-25 08:00:00,T02,9.01,621.3,1.0
2026-03-25 08:00:00,T03,9.32,746.0,1.0
2026-03-25 08:00:00,T04,11.0,1443.6,1.0
2026-03-25 08:00:00,T05,11.28,1549.0,1.0
2026-03-25 09:00:00,T01,11.25,1592.9,1.0
2026-03-25 09:00:00,T02,10.24,1068.7,1.0
2026-03-25 09:00:00,T03,7.03,210.1,1.0
2026-03-25 09:00:00,T04,7.56,271.8,1.0
2026-03-25 09:00:00,T05,8.69,485.5,1.0
2026-03-25 10:00:00,T01,6.3,69.1,1.0
2026-03-25 10:00:00,T02,9.52,786.6,1.0
2026-03-25 10:00:00,T03,10.41,1136.8,1.0
2026-03-25 10:00:00,T04,8.0,365.9,1.0
2026-03-25 10:00:00,T05,10.34,1054.3,1.0
2026-03-25 11:00:00,T01,7.52,232.9,1.0
2026-03-25 11:00:00,T02,13.96,1988.3,1.0
2026-03-25 11:00:00,T03,8.29,382.1,1.0
2026-03-25 11:00:00,T04,9.77,797.4,1.0
2026-03-25 11:00:00,T05,6.89,141.4,1.0
2026-03-25 12:00:00,T01,9.43,734.4,1.0
2026-03-25 12:00:00,T02,9.04,599.6,1.0
2026-03-25 12:00:00,T03,13.0,1987.2,1.0
2026-03-25 12:00:00,T04,9.23,661.3,1.0
2026-03-25 12:00:00,T05,6.95,140.0,1.0
2026-03-25 13:00:00,T01,12.34,2000.0,1.0
2026-03-25 13:00:00,T02,7.12,211.2,1.0
2026-03-25 13:00:00,T03,12.23,1997.6,1.0
2026-03-25 13:00:00,T04,9.93,922.4,1.0
2026-03-25 13:00:00,T05,9.83,862.7,1.0
2026-03-25 14:00:00,T01,6.52,88.7,1.0
2026-03-25 14:00:00,T02,7.92,337.2,1.0
2026-03-25 14:00:00,T03,7.73,270.5,1.0
2026-03-25 14:00:00,T04,8.75,526.4,1.0
2026-03-25 14:00:00,T05,10.12,1000.2,1.0
2026-03-25 15:00:00,T01,8.77,533.7,1.0
2026-03-25 15:00:00,T02,9.83,864.4,1.0
2026-03-25 15:00:00,T03,10.07,980.1,1.0
2026-03-25 15:00:00,T04,10.14,1023.9,1.0
2026-03-25 15:00:00,T05,11.17,1496.5,1.0
2026-03-25 16:00:00,T01,10.41,1164.0,1.0
2026-03-25 16:00:00,T02,10.05,920.3,1.0
2026-03-25 16:00:00,T03,7.69,291.2,1.0
2026-03-25 16:00:00,T04,10.58,1184.8,1.0
2026-03-25 16:00:00,T05,8.65,545.1,1.0
2026-03-25 17:00:00,T01,5.14,0.0,1.0
2026-03-25 17:00:00,T02,12.92,2000.0,1.0
2026-03-25 17:00:00,T03,8.67,472.2,1.0
2026-03-25 17:00:00,T04,8.12,370.2,1.0
2026-03-25 17:00:00,T05,4.74,0.0,1.0
2026-03-25 18:00:00,T01,6.84,123.8,1.0
2026-03-25 18:00:00,T02,10.94,1397.9,1.0
2026-03-25 18:00:00,T03,4.99,51.4,1.0
2026-03-25 18:00:00,T04,6.39,136.8,1.0
2026-03-25 18:00:00,T05,5.76,69.5,1.0
2026-03-25 19:00:00,T01,6.4,97.4,1.0
2026-03-25 19:00:00,T02,9.68,787.0,1.0
2026-03-25 19:00:00,T03,8.89,562.5,1.0
2026-03-25 19:00:00,T04,10.51,1104.9,1.0
2026-03-25 19:00:00,T05,6.17,87.4,1.0
2026-03-25 20:00:00,T01,7.05,168.7,1.0
2026-03-25 20:00:00,T02,9.39,732.0,1.0
2026-03-25 20:00:00,T03,7.56,217.2,1.0
2026-03-25 20:00:00,T04,6.64,146.6,1.0
2026-03-25 20:00:00,T05,5.14,47.1,1.0
2026-03-25 21:00:00,T01,8.66,517.1,1.0
2026-03-25 21:00:00,T02,7.34,232.2,1.0
2026-03-25 21:00:00,T03,5.5,41.7,1.0
2026-03-25 21:00:00,T04,4.3,0.0,1.0
2026-03-25 21:00:00,T05,4.08,21.4,1.0
2026-03-25 22:00:00,T01,7.18,206.5,1.0
2026-03-25 22:00:00,T02,10.32,1093.8,1.0
2026-03-25 22:00:00,T03,7.34,232.0,1.0
2026-03-25 22:00:00,T04,5.03,0.0,1.0
2026-03-25 22:00:00,T05,6.58,122.1,1.0
2026-03-25 23:00:00,T01,2.69,0.0,1.0
2026-03-25 23:00:00,T02,5.23,52.2,1.0
2026-03-25 23:00:00,T03,7.51,275.3,1.0
2026-03-25 23:00:00,T04,5.38,45.3,1.0
2026-03-25 23:00:00,T05,5.57,50.7,1.0
2026-03-26 00:00:00,T01,7.88,331.0,1.0
2026-03-26 00:00:00,T02,5.07,6.9,1.0
2026-03-26 00:00:00,T03,6.43,102.1,1.0
2026-03-26 00:00:00,T04,8.51,489.4,1.0
2026-03-26 00:00:00,T05,18.85,420.0,1.0
2026-03-26 01:00:00,T01,6.03,61.8,1.0
2026-03-26 01:00:00,T02,4.59,0.0,1.0
2026-03-26 01:00:00,T03,6.77,168.1,1.0
2026-03-26 01:00:00,T04,6.3,124.5,1.0
2026-03-26 01:00:00,T05,12.43,61.2,1.0
2026-03-26 02:00:00,T01,10.33,1114.2,1.0
2026-03-26 02:00:00,T02,5.54,31.6,1.0
2026-03-26 02:00:00,T03,4.4,12.2,1.0
2026-03-26 02:00:00,T04,8.51,454.7,1.0
2026-03-26 02:00:00,T05,18.19,324.0,1.0
2026-03-26 03:00:00,T01,4.87,2.1,1.0
2026-03-26 03:00:00,T02,3.73,23.3,1.0
2026-03-26 03:00:00,T03,8.91,532.5,1.0
2026-03-26 03:00:00,T04,9.22,681.8,1.0
2026-03-26 03:00:00,T05,16.99,285.3,1.0
2026-03-26 04:00:00,T01,5.49,26.7,1.0
2026-03-26 04:00:00,T02,7.59,251.8,1.0
2026-03-26 04:00:00,T03,3.16,0.0,1.0
2026-03-26 04:00:00,T04,8.53,486.5,1.0
2026-03-26 04:00:00,T05,14.47,113.9,1.0
2026-03-26 05:00:00,T01,10.0,953.3,1.0
2026-03-26 05:00:00,T02,7.19,184.9,1.0
2026-03-26 05:00:00,T03,6.4,135.6,1.0
2026-03-26 05:00:00,T04,6.74,141.4,1.0
2026-03-26 05:00:00,T05,9.03,0.0,1.0
2026-03-26 06:00:00,T01,10.99,1420.9,1.0
2026-03-26 06:00:00,T02,8.65,449.4,1.0
2026-03-26 06:00:00,T03,10.61,1240.0,1.0
2026-03-26 06:00:00,T04,8.64,475.9,1.0
2026-03-26 06:00:00,T05,16.91,254.4,1.0
2026-03-26 07:00:00,T01,8.81,548.1,1.0
2026-03-26 07:00:00,T02,8.89,603.8,1.0
2026-03-26 07:00:00,T03,6.64,140.4,1.0
2026-03-26 07:00:00,T04,8.68,487.8,1.0
2026-03-26 07:00:00,T05,21.77,833.9,1.0
2026-03-26 08:00:00,T01,5.87,22.6,1.0
2026-03-26 08:00:00,T02,7.47,265.0,1.0
2026-03-26 08:00:00,T03,5.07,61.7,1.0
2026-03-26 08:00:00,T04,10.42,1143.2,1.0
2026-03-26 08:00:00,T05,16.14,237.8,1.0
2026-03-26 09:00:00,T01,9.58,793.9,1.0
2026-03-26 09:00:00,T02,13.13,2000.0,1.0
2026-03-26 09:00:00,T03,6.51,145.1,1.0
2026-03-26 09:00:00,T04,11.54,1705.8,1.0
2026-03-26 09:00:00,T05,19.01,536.7,1.0
2026-03-26 10:00:00,T01,7.26,186.8,1.0
2026-03-26 10:00:00,T02,7.01,200.8,1.0
2026-03-26 10:00:00,T03,9.47,761.5,1.0
2026-03-26 10:00:00,T04,11.43,1616.6,1.0
2026-03-26 10:00:00,T05,20.03,609.7,1.0
2026-03-26 11:00:00,T01,8.8,540.0,1.0
2026-03-26 11:00:00,T02,7.4,247.8,1.0
2026-03-26 11:00:00,T03,9.05,584.0,1.0
2026-03-26 11:00:00,T04,9.41,682.0,1.0
2026-03-26 11:00:00,T05,15.63,159.8,1.0
2026-03-26 12:00:00,T01,7.07,150.0,1.0
2026-03-26 12:00:00,T02,10.73,1260.3,1.0
2026-03-26 12:00:00,T03,11.54,1754.7,1.0
2026-03-26 12:00:00,T04,8.32,435.0,1.0
2026-03-26 12:00:00,T05,26.08,1795.7,1.0
2026-03-26 13:00:00,T01,9.66,823.1,1.0
2026-03-26 13:00:00,T02,13.16,1995.9,1.0
2026-03-26 13:00:00,T03,8.13,383.1,1.0
2026-03-26 13:00:00,T04,9.12,614.5,1.0
2026-03-26 13:00:00,T05,22.1,910.9,1.0
2026-03-26 14:00:00,T01,9.07,593.3,1.0
2026-03-26 14:00:00,T02,6.45,101.8,1.0
2026-03-26 14:00:00,T03,8.46,438.1,1.0
2026-03-26 14:00:00,T04,12.06,2000.0,1.0
2026-03-26 14:00:00,T05,23.79,1198.6,1.0
2026-03-26 15:00:00,T01,5.56,13.8,1.0
2026-03-26 15:00:00,T02,12.07,2000.0,1.0
2026-03-26 15:00:00,T03,10.6,1186.6,1.0
2026-03-26 15:00:00,T04,12.13,2000.0,1.0
2026-03-26 15:00:00,T05,11.61,0.0,1.0
2026-03-26 16:00:00,T01,8.7,525.5,1.0
2026-03-26 16:00:00,T02,8.44,456.3,1.0
2026-03-26 16:00:00,T03,7.61,274.9,1.0
2026-03-26 16:00:00,T04,10.53,1140.4,1.0
2026-03-26 16:00:00,T05,15.62,171.9,1.0
2026-03-26 17:00:00,T01,8.13,377.2,1.0
2026-03-26 17:00:00,T02,8.14,361.2,1.0
2026-03-26 17:00:00,T03,10.14,958.6,1.0
2026-03-26 17:00:00,T04,3.45,0.0,1.0
2026-03-26 17:00:00,T05,24.55,1412.4,1.0
2026-03-26 18:00:00,T01,6.66,119.5,1.0
2026-03-26 18:00:00,T02,5.73,67.2,1.0
2026-03-26 18:00:00,T03,10.06,984.5,1.0
2026-03-26 18:00:00,T04,8.98,581.1,1.0
2026-03-26 18:00:00,T05,15.67,135.9,1.0
2026-03-26 19:00:00,T01,10.55,1215.2,1.0
2026-03-26 19:00:00,T02,7.99,314.7,1.0
2026-03-26 19:00:00,T03,8.16,353.5,1.0
2026-03-26 19:00:00,T04,7.48,256.8,1.0
2026-03-26 19:00:00,T05,17.15,260.4,1.0
2026-03-26 20:00:00,T01,5.63,39.1,1.0
2026-03-26 20:00:00,T02,7.21,242.5,1.0
2026-03-26 20:00:00,T03,10.41,1124.4,1.0
2026-03-26 20:00:00,T04,6.27,126.6,1.0
2026-03-26 20:00:00,T05,10.86,31.8,1.0
2026-03-26 21:00:00,T01,6.31,100.4,1.0
2026-03-26 21:00:00,T02,3.68,0.0,1.0
2026-03-26 21:00:00,T03,4.94,7.0,1.0
2026-03-26 21:00:00,T04,9.77,819.7,1.0
2026-03-26 21:00:00,T05,12.0,37.3,1.0
2026-03-26 22:00:00,T01,7.5,256.8,1.0
2026-03-26 22:00:00,T02,7.69,295.1,1.0
2026-03-26 22:00:00,T03,6.32,94.0,1.0
2026-03-26 22:00:00,T04,6.4,122.3,1.0
2026-03-26 22:00:00,T05,18.04,392.1,1.0
2026-03-26 23:00:00,T01,5.23,14.8,1.0
2026-03-26 23:00:00,T02,3.92,28.8,1.0
2026-03-26 23:00:00,T03,6.87,140.0,1.0
2026-03-26 23:00:00,T04,3.57,26.3,1.0
2026-03-26 23:00:00,T05,13.08,28.1,1.0
2026-03-27 00:00:00,T01,7.12,203.5,1.0
2026-03-27 00:00:00,T02,6.19,98.6,1.0
2026-03-27 00:00:00,T03,4.22,1.0,1.0
2026-03-27 00:00:00,T04,4.94,15.3,1.0
2026-03-27 00:00:00,T05,25.01,1559.5,1.0
2026-03-27 01:00:00,T01,4.74,1.1,1.0
2026-03-27 01:00:00,T02,4.93,22.0,1.0
2026-03-27 01:00:00,T03,7.71,333.3,1.0
2026-03-27 01:00:00,T04,9.03,599.4,1.0
2026-03-27 01:00:00,T05,13.48,37.6,1.0
2026-03-27 02:00:00,T01,5.36,25.8,1.0
2026-03-27 02:00:00,T02,5.08,25.1,1.0
2026-03-27 02:00:00,T03,8.76,557.7,1.0
2026-03-27 02:00:00,T04,9.85,893.5,1.0
2026-03-27 02:00:00,T05,18.19,320.0,1.0
2026-03-27 03:00:00,T01,8.86,585.6,1.0
2026-03-27 03:00:00,T02,5.05,22.1,1.0
2026-03-27 03:00:00,T03,6.36,112.8,1.0
2026-03-27 03:00:00,T04,8.07,365.4,1.0
2026-03-27 03:00:00,T05,11.01,18.0,1.0
2026-03-27 04:00:00,T01,4.83,0.0,1.0
2026-03-27 04:00:00,T02,6.69,122.9,1.0
2026-03-27 04:00:00,T03,7.66,276.2,1.0
2026-03-27 04:00:00,T04,8.96,595.5,1.0
2026-03-27 04:00:00,T05,23.89,1215.0,1.0
2026-03-27 05:00:00,T01,3.44,0.0,1.0
2026-03-27 05:00:00,T02,7.47,233.7,1.0
2026-03-27 05:00:00,T03,6.6,149.6,1.0
2026-03-27 05:00:00,T04,6.55,136.4,1.0
2026-03-27 05:00:00,T05,12.98,59.6,1.0
2026-03-27 06:00:00,T01,10.84,1363.5,1.0
2026-03-27 06:00:00,T02,5.73,92.6,1.0
2026-03-27 06:00:00,T03,5.44,68.2,1.0
2026-03-27 06:00:00,T04,5.44,15.3,1.0
2026-03-27 06:00:00,T05,28.76,1998.2,1.0
2026-03-27 07:00:00,T01,14.3,2000.0,1.0
2026-03-27 07:00:00,T02,10.23,1032.3,1.0
2026-03-27 07:00:00,T03,6.89,141.3,1.0
2026-03-27 07:00:00,T04,7.7,310.3,1.0
2026-03-27 07:00:00,T05,12.08,33.0,1.0
2026-03-27 08:00:00,T01,7.24,199.2,1.0
2026-03-27 08:00:00,T02,8.86,531.3,1.0
2026-03-27 08:00:00,T03,7.25,209.3,1.0
2026-03-27 08:00:00,T04,8.25,426.3,1.0
2026-03-27 08:00:00,T05,24.4,1334.4,1.0
2026-03-27 09:00:00,T01,5.4,0.0,1.0
2026-03-27 09:00:00,T02,9.26,661.1,1.0
2026-03-27 09:00:00,T03,9.53,717.9,1.0
2026-03-27 09:00:00,T04,7.0,180.8,1.0
2026-03-27 09:00:00,T05,18.51,413.9,1.0
2026-03-27 10:00:00,T01,8.55,461.7,1.0
2026-03-27 10:00:00,T02,12.85,2000.0,1.0
2026-03-27 10:00:00,T03,9.11,653.5,1.0
2026-03-27 10:00:00,T04,7.71,250.2,1.0
2026-03-27 10:00:00,T05,19.68,526.3,1.0
2026-03-27 11:00:00,T01,9.18,638.9,1.0
2026-03-27 11:00:00,T02,9.32,709.5,1.0
2026-03-27 11:00:00,T03,9.19,701.7,1.0
2026-03-27 11:00:00,T04,11.5,1680.1,1.0
2026-03-27 11:00:00,T05,11.34,51.9,1.0
2026-03-27 12:00:00,T01,9.51,751.4,1.0
2026-03-27 12:00:00,T02,8.62,499.9,1.0
2026-03-27 12:00:00,T03,8.83,546.4,1.0
2026-03-27 12:00:00,T04,10.17,1015.7,1.0
2026-03-27 12:00:00,T05,24.9,1470.0,1.0
2026-03-27 13:00:00,T01,7.0,147.4,1.0
2026-03-27 13:00:00,T02,7.33,215.7,1.0
2026-03-27 13:00:00,T03,8.16,323.7,1.0
2026-03-27 13:00:00,T04,7.66,248.3,1.0
2026-03-27 13:00:00,T05,24.46,1347.0,1.0
2026-03-27 14:00:00,T01,10.62,1228.2,1.0
2026-03-27 14:00:00,T02,6.58,140.4,1.0
2026-03-27 14:00:00,T03,8.88,572.4,1.0
2026-03-27 14:00:00,T04,9.03,593.4,1.0
2026-03-27 14:00:00,T05,22.21,870.6,1.0
2026-03-27 15:00:00,T01,11.11,1477.5,1.0
2026-03-27 15:00:00,T02,10.95,1364.8,1.0
2026-03-27 15:00:00,T03,10.88,1321.2,1.0
2026-03-27 15:00:00,T04,6.1,46.2,1.0
2026-03-27 15:00:00,T05,32.19,1995.7,1.0
2026-03-27 16:00:00,T01,5.31,0.0,1.0
2026-03-27 16:00:00,T02,6.85,149.6,1.0
2026-03-27 16:00:00,T03,8.22,372.9,1.0
2026-03-27 16:00:00,T04,8.99,604.1,1.0
2026-03-27 16:00:00,T05,22.69,967.7,1.0
2026-03-27 17:00:00,T01,9.58,797.4,1.0
2026-03-27 17:00:00,T02,14.16,2000.0,1.0
2026-03-27 17:00:00,T03,8.9,577.8,1.0
2026-03-27 17:00:00,T04,5.01,26.4,1.0
2026-03-27 17:00:00,T05,19.56,486.8,1.0
2026-03-27 18:00:00,T01,11.62,1805.7,1.0
2026-03-27 18:00:00,T02,13.08,2000.0,1.0
2026-03-27 18:00:00,T03,8.83,550.4,1.0
2026-03-27 18:00:00,T04,7.99,299.7,1.0
2026-03-27 18:00:00,T05,11.84,46.3,1.0
2026-03-27 19:00:00,T01,7.74,296.9,1.0
2026-03-27 19:00:00,T02,4.8,0.0,1.0
2026-03-27 19:00:00,T03,7.27,200.9,1.0
2026-03-27 19:00:00,T04,5.94,78.3,1.0
2026-03-27 19:00:00,T05,17.15,234.5,1.0
2026-03-27 20:00:00,T01,5.81,52.2,1.0
2026-03-27 20:00:00,T02,10.12,967.6,1.0
2026-03-27 20:00:00,T03,6.42,93.7,1.0
2026-03-27 20:00:00,T04,6.68,135.8,1.0
2026-03-27 20:00:00,T05,16.27,249.2,1.0
2026-03-27 21:00:00,T01,6.73,138.9,1.0
2026-03-27 21:00:00,T02,6.14,87.4,1.0
2026-03-27 21:00:00,T03,7.79,303.8,1.0
2026-03-27 21:00:00,T04,8.1,376.4,1.0
2026-03-27 21:00:00,T05,14.82,134.5,1.0
2026-03-27 22:00:00,T01,7.07,201.0,1.0
2026-03-27 22:00:00,T02,8.07,401.7,1.0
2026-03-27 22:00:00,T03,6.61,119.1,1.0
2026-03-27 22:00:00,T04,9.46,730.9,1.0
2026-03-27 22:00:00,T05,14.8,128.9,1.0
2026-03-27 23:00:00,T01,2.29,0.0,1.0
2026-03-27 23:00:00,T02,6.04,28.8,1.0
2026-03-27 23:00:00,T03,5.58,19.3,1.0
2026-03-27 23:00:00,T04,6.24,73.4,1.0
2026-03-27 23:00:00,T05,20.21,576.4,1.0
2026-03-28 00:00:00,T01,6.22,96.1,1.0
2026-03-28 00:00:00,T02,1.71,7.0,1.0
2026-03-28 00:00:00,T03,4.88,10.0,1.0
2026-03-28 00:00:00,T04,2.73,0.0,1.0
2026-03-28 00:00:00,T05,15.14,166.0,1.0
2026-03-28 01:00:00,T01,5.67,42.2,1.0
2026-03-28 01:00:00,T02,6.15,51.0,1.0
2026-03-28 01:00:00,T03,8.35,428.8,1.0
2026-03-28 01:00:00,T04,4.84,3.6,1.0
2026-03-28 01:00:00,T05,9.4,4.7,1.0
2026-03-28 02:00:00,T01,9.31,735.3,1.0
2026-03-28 02:00:00,T02,8.26,383.6,1.0
2026-03-28 02:00:00,T03,7.13,188.3,1.0
2026-03-28 02:00:00,T04,9.62,794.9,1.0
2026-03-28 02:00:00,T05,11.53,10.2,1.0
2026-03-28 03:00:00,T01,6.39,102.9,1.0
2026-03-28 03:00:00,T02,7.02,169.7,1.0
2026-03-28 03:00:00,T03,5.97,36.3,1.0
2026-03-28 03:00:00,T04,5.65,54.9,1.0
2026-03-28 03:00:00,T05,10.06,14.2,1.0
2026-03-28 04:00:00,T01,10.1,1024.0,1.0
2026-03-28 04:00:00,T02,10.69,1239.2,1.0
2026-03-28 04:00:00,T03,10.15,1029.2,1.0
2026-03-28 04:00:00,T04,8.35,415.7,1.0
2026-03-28 04:00:00,T05,14.04,54.6,1.0
2026-03-28 05:00:00,T01,5.27,4.7,1.0
2026-03-28 05:00:00,T02,7.42,223.1,1.0
2026-03-28 05:00:00,T03,6.25,25.9,1.0
2026-03-28 05:00:00,T04,5.57,35.8,1.0
2026-03-28 05:00:00,T05,10.51,0.0,1.0
2026-03-28 06:00:00,T01,9.11,639.5,1.0
2026-03-28 06:00:00,T02,10.79,1294.8,1.0
2026-03-28 06:00:00,T03,8.7,497.8,1.0
2026-03-28 06:00:00,T04,5.82,53.1,1.0
2026-03-28 06:00:00,T05,17.95,319.9,1.0
2026-03-28 07:00:00,T01,9.76,855.2,1.0
2026-03-28 07:00:00,T02,7.46,229.5,1.0
2026-03-28 07:00:00,T03,6.05,62.3,1.0
2026-03-28 07:00:00,T04,6.55,186.0,1.0
2026-03-28 07:00:00,T05,23.73,1217.8,1.0
2026-03-28 08:00:00,T01,7.03,158.1,1.0
2026-03-28 08:00:00,T02,7.24,173.2,1.0
2026-03-28 08:00:00,T03,7.38,233.8,1.0
2026-03-28 08:00:00,T04,9.64,782.5,1.0
2026-03-28 08:00:00,T05,13.27,69.1,1.0
2026-03-28 09:00:00,T01,10.07,972.0,1.0
2026-03-28 09:00:00,T02,9.6,806.8,1.0
2026-03-28 09:00:00,T03,10.16,1021.7,1.0
2026-03-28 09:00:00,T04,8.35,406.8,1.0
2026-03-28 09:00:00,T05,17.71,352.2,1.0
2026-03-28 10:00:00,T01,11.34,1619.0,1.0
2026-03-28 10:00:00,T02,12.31,2000.0,1.0
2026-03-28 10:00:00,T03,11.56,1746.1,1.0
2026-03-28 10:00:00,T04,9.46,820.6,1.0
2026-03-28 10:00:00,T05,16.66,218.6,1.0
2026-03-28 11:00:00,T01,8.46,438.4,1.0
2026-03-28 11:00:00,T02,8.57,494.5,1.0
2026-03-28 11:00:00,T03,13.23,1982.2,1.0
2026-03-28 11:00:00,T04,10.0,952.6,1.0
2026-03-28 11:00:00,T05,19.57,535.9,1.0
2026-03-28 12:00:00,T01,5.34,0.0,1.0
2026-03-28 12:00:00,T02,9.58,743.7,1.0
2026-03-28 12:00:00,T03,11.13,1487.3,1.0
2026-03-28 12:00:00,T04,11.27,1515.6,1.0
2026-03-28 12:00:00,T05,27.55,1997.2,1.0
2026-03-28 13:00:00,T01,10.87,1335.0,1.0
2026-03-28 13:00:00,T02,8.71,519.2,1.0
2026-03-28 13:00:00,T03,12.72,2000.0,1.0
2026-03-28 13:00:00,T04,7.92,348.0,1.0
2026-03-28 13:00:00,T05,25.36,1566.3,1.0
2026-03-28 14:00:00,T01,7.16,175.1,1.0
2026-03-28 14:00:00,T02,5.37,53.5,1.0
2026-03-28 14:00:00,T03,8.81,494.9,1.0
2026-03-28 14:00:00,T04,11.11,1440.9,1.0
2026-03-28 14:00:00,T05,32.17,2000.0,1.0
2026-03-28 15:00:00,T01,8.21,378.8,1.0
2026-03-28 15:00:00,T02,11.61,1727.9,1.0
2026-03-28 15:00:00,T03,6.29,145.1,1.0
2026-03-28 15:00:00,T04,11.38,1636.8,1.0
2026-03-28 15:00:00,T05,22.88,1034.1,1.0
2026-03-28 16:00:00,T01,10.4,1111.6,1.0
2026-03-28 16:00:00,T02,11.18,1501.3,1.0
2026-03-28 16:00:00,T03,3.84,0.0,1.0
2026-03-28 16:00:00,T04,10.28,1052.3,1.0
2026-03-28 16:00:00,T05,18.49,385.2,1.0
2026-03-28 17:00:00,T01,5.53,2.0,1.0
2026-03-28 17:00:00,T02,9.95,918.3,1.0
2026-03-28 17:00:00,T03,9.12,640.5,1.0
2026-03-28 17:00:00,T04,7.15,185.8,1.0
2026-03-28 17:00:00,T05,16.13,206.1,1.0
2026-03-28 18:00:00,T01,5.8,19.9,1.0
2026-03-28 18:00:00,T02,8.8,580.2,1.0
2026-03-28 18:00:00,T03,9.7,834.7,1.0
2026-03-28 18:00:00,T04,6.51,159.4,1.0
2026-03-28 18:00:00,T05,15.76,178.3,1.0
2026-03-28 19:00:00,T01,8.79,544.9,1.0
2026-03-28 19:00:00,T02,7.87,365.0,1.0
2026-03-28 19:00:00,T03,9.59,791.2,1.0
2026-03-28 19:00:00,T04,8.38,442.4,1.0
2026-03-28 19:00:00,T05,15.53,164.0,1.0
2026-03-28 20:00:00,T01,6.46,100.2,1.0
2026-03-28 20:00:00,T02,6.49,75.0,1.0
2026-03-28 20:00:00,T03,7.58,251.8,1.0
2026-03-28 20:00:00,T04,7.13,218.0,1.0
2026-03-28 20:00:00,T05,6.11,0.0,1.0
2026-03-28 21:00:00,T01,2.19,0.0,1.0
2026-03-28 21:00:00,T02,9.27,738.5,1.0
2026-03-28 21:00:00,T03,9.61,812.9,1.0
2026-03-28 21:00:00,T04,2.82,10.9,1.0
2026-03-28 21:00:00,T05,11.99,3.5,1.0
2026-03-28 22:00:00,T01,7.75,313.4,1.0
2026-03-28 22:00:00,T02,7.51,228.8,1.0
2026-03-28 22:00:00,T03,7.26,172.5,1.0
2026-03-28 22:00:00,T04,5.29,21.8,1.0
2026-03-28 22:00:00,T05,12.06,39.3,1.0
2026-03-28 23:00:00,T01,10.66,1237.9,1.0
2026-03-28 23:00:00,T02,3.34,24.6,1.0
2026-03-28 23:00:00,T03,10.36,1092.3,1.0
2026-03-28 23:00:00,T04,4.79,31.1,1.0
2026-03-28 23:00:00,T05,12.98,40.4,1.0
2026-03-29 00:00:00,T01,5.72,37.3,1.0
2026-03-29 00:00:00,T02,5.11,50.1,1.0
2026-03-29 00:00:00,T03,6.56,109.9,1.0
2026-03-29 00:00:00,T04,4.27,35.9,1.0
2026-03-29 00:00:00,T05,11.6,3.2,1.0
2026-03-29 01:00:00,T01,5.04,0.0,1.0
2026-03-29 01:00:00,T02,6.84,130.6,1.0
2026-03-29 01:00:00,T03,7.95,315.8,1.0
2026-03-29 01:00:00,T04,8.09,364.5,1.0
2026-03-29 01:00:00,T05,19.38,492.9,1.0
2026-03-29 02:00:00,T01,7.8,325.0,1.0
2026-03-29 02:00:00,T02,5.17,40.4,1.0
2026-03-29 02:00:00,T03,8.49,463.8,1.0
2026-03-29 02:00:00,T04,4.47,53.8,1.0
2026-03-29 02:00:00,T05,11.64,47.6,1.0
2026-03-29 03:00:00,T01,7.58,272.5,1.0
2026-03-29 03:00:00,T02,8.32,410.3,1.0
2026-03-29 03:00:00,T03,4.77,42.1,1.0
2026-03-29 03:00:00,T04,7.28,236.2,1.0
2026-03-29 03:00:00,T05,12.49,52.0,1.0
2026-03-29 04:00:00,T01,11.14,1538.0,1.0
2026-03-29 04:00:00,T02,9.89,910.9,1.0
2026-03-29 04:00:00,T03,8.21,378.7,1.0
2026-03-29 04:00:00,T04,10.05,967.7,1.0
2026-03-29 04:00:00,T05,16.83,240.6,1.0
2026-03-29 05:00:00,T01,8.66,507.6,1.0
2026-03-29 05:00:00,T02,10.45,1141.4,1.0
2026-03-29 05:00:00,T03,6.28,116.7,1.0
2026-03-29 05:00:00,T04,5.58,53.3,1.0
2026-03-29 05:00:00,T05,16.61,223.6,1.0
2026-03-29 06:00:00,T01,10.38,1113.7,1.0
2026-03-29 06:00:00,T02,8.23,421.7,1.0
2026-03-29 06:00:00,T03,8.64,492.9,1.0
2026-03-29 06:00:00,T04,7.72,291.6,1.0
2026-03-29 06:00:00,T05,27.25,2000.0,1.0
2026-03-29 07:00:00,T01,6.92,161.3,1.0
2026-03-29 07:00:00,T02,6.08,82.3,1.0
2026-03-29 07:00:00,T03,8.48,428.6,1.0
2026-03-29 07:00:00,T04,6.97,140.8,1.0
2026-03-29 07:00:00,T05,13.07,3.2,1.0
2026-03-29 08:00:00,T01,10.98,1414.0,1.0
2026-03-29 08:00:00,T02,9.92,906.0,1.0
2026-03-29 08:00:00,T03,11.12,1463.6,1.0
2026-03-29 08:00:00,T04,8.75,518.4,1.0
2026-03-29 08:00:00,T05,23.14,1107.2,1.0
2026-03-29 09:00:00,T01,10.84,1339.2,1.0
2026-03-29 09:00:00,T02,6.43,138.3,1.0
2026-03-29 09:00:00,T03,8.72,506.6,1.0
2026-03-29 09:00:00,T04,7.53,260.0,1.0
2026-03-29 09:00:00,T05,20.94,659.5,1.0
2026-03-29 10:00:00,T01,12.12,2000.0,1.0
2026-03-29 10:00:00,T02,7.83,323.8,1.0
2026-03-29 10:00:00,T03,8.44,424.5,1.0
2026-03-29 10:00:00,T04,9.39,704.9,1.0
2026-03-29 10:00:00,T05,28.33,1964.6,1.0
2026-03-29 11:00:00,T01,7.14,181.6,1.0
2026-03-29 11:00:00,T02,7.24,228.1,1.0
2026-03-29 11:00:00,T03,9.24,677.3,1.0
2026-03-29 11:00:00,T04,8.9,571.0,1.0
2026-03-29 11:00:00,T05,23.6,1167.3,1.0
2026-03-29 12:00:00,T01,8.2,374.1,1.0
2026-03-29 12:00:00,T02,8.89,543.3,1.0
2026-03-29 12:00:00,T03,5.36,42.0,1.0
2026-03-29 12:00:00,T04,10.05,960.4,1.0
2026-03-29 12:00:00,T05,17.04,324.3,1.0
2026-03-29 13:00:00,T01,8.08,347.3,1.0
2026-03-29 13:00:00,T02,9.68,790.3,1.0
2026-03-29 13:00:00,T03,11.91,1900.5,1.0
2026-03-29 13:00:00,T04,9.07,633.8,1.0
2026-03-29 13:00:00,T05,22.37,982.8,1.0
2026-03-29 14:00:00,T01,9.3,705.8,1.0
2026-03-29 14:00:00,T02,11.44,1634.7,1.0
2026-03-29 14:00:00,T03,8.41,393.0,1.0
2026-03-29 14:00:00,T04,10.82,1326.1,1.0
2026-03-29 14:00:00,T05,12.28,60.0,1.0
2026-03-29 15:00:00,T01,12.64,2000.0,1.0
2026-03-29 15:00:00,T02,8.7,493.5,1.0
2026-03-29 15:00:00,T03,10.27,1063.3,1.0
2026-03-29 15:00:00,T04,4.33,10.6,1.0
2026-03-29 15:00:00,T05,18.63,424.1,1.0
2026-03-29 16:00:00,T01,6.6,116.4,1.0
2026-03-29 16:00:00,T02,5.83,81.5,1.0
2026-03-29 16:00:00,T03,6.79,129.5,1.0
2026-03-29 16:00:00,T04,10.79,1261.0,1.0
2026-03-29 16:00:00,T05,26.25,1781.2,1.0
2026-03-29 17:00:00,T01,7.96,325.0,1.0
2026-03-29 17:00:00,T02,8.38,452.0,1.0
2026-03-29 17:00:00,T03,9.77,858.3,1.0
2026-03-29 17:00:00,T04,5.26,76.6,1.0
2026-03-29 17:00:00,T05,25.04,1513.7,1.0
2026-03-29 18:00:00,T01,8.03,357.7,1.0
2026-03-29 18:00:00,T02,10.57,1188.5,1.0
2026-03-29 18:00:00,T03,6.65,152.8,1.0
2026-03-29 18:00:00,T04,8.22,386.0,1.0
2026-03-29 18:00:00,T05,21.71,813.0,1.0
2026-03-29 19:00:00,T01,6.99,167.6,1.0
2026-03-29 19:00:00,T02,8.97,620.0,1.0
2026-03-29 19:00:00,T03,9.03,569.1,1.0
2026-03-29 19:00:00,T04,9.49,747.8,1.0
2026-03-29 19:00:00,T05,12.83,35.8,1.0
2026-03-29 20:00:00,T01,8.85,573.2,1.0
2026-03-29 20:00:00,T02,6.69,171.9,1.0
2026-03-29 20:00:00,T03,4.08,0.0,1.0
2026-03-29 20:00:00,T04,10.14,990.5,1.0
2026-03-29 20:00:00,T05,17.97,353.3,1.0
2026-03-29 21:00:00,T01,1.75,0.0,1.0
2026-03-29 21:00:00,T02,5.77,64.4,1.0
2026-03-29 21:00:00,T03,10.0,984.0,1.0
2026-03-29 21:00:00,T04,8.34,406.2,1.0
2026-03-29 21:00:00,T05,8.18,0.0,1.0
2026-03-29 22:00:00,T01,5.76,36.8,1.0
2026-03-29 22:00:00,T02,6.47,94.5,1.0
2026-03-29 22:00:00,T03,4.45,17.1,1.0
2026-03-29 22:00:00,T04,7.51,290.5,1.0
2026-03-29 22:00:00,T05,15.28,176.2,1.0
2026-03-29 23:00:00,T01,3.53,0.0,1.0
2026-03-29 23:00:00,T02,8.25,436.6,1.0
2026-03-29 23:00:00,T03,7.94,320.1,1.0
2026-03-29 23:00:00,T04,5.34,69.7,1.0
2026-03-29 23:00:00,T05,14.9,86.4,1.0
2026-03-30 00:00:00,T01,2.22,0.0,1.0
2026-03-30 00:00:00,T02,2.53,0.0,1.0
2026-03-30 00:00:00,T03,4.97,0.0,1.0
2026-03-30 00:00:00,T04,10.11,996.0,1.0
2026-03-30 00:00:00,T05,10.8,18.7,1.0
2026-03-30 01:00:00,T01,4.24,0.0,1.0
2026-03-30 01:00:00,T02,6.05,81.0,1.0
2026-03-30 01:00:00,T03,6.01,62.2,1.0
2026-03-30 01:00:00,T04,2.21,0.0,1.0
2026-03-30 01:00:00,T05,14.74,104.9,1.0
2026-03-30 02:00:00,T01,3.76,0.0,1.0
2026-03-30 02:00:00,T02,8.65,486.7,1.0
2026-03-30 02:00:00,T03,3.34,0.0,1.0
2026-03-30 02:00:00,T04,8.02,362.5,1.0
2026-03-30 02:00:00,T05,17.51,298.4,1.0
2026-03-30 03:00:00,T01,7.72,283.4,1.0
2026-03-30 03:00:00,T02,5.32,11.8,1.0
2026-03-30 03:00:00,T03,10.77,1308.3,1.0
2026-03-30 03:00:00,T04,4.46,10.3,1.0
2026-03-30 03:00:00,T05,16.45,234.4,1.0
2026-03-30 04:00:00,T01,8.14,399.4,1.0
2026-03-30 04:00:00,T02,10.3,1030.0,1.0
2026-03-30 04:00:00,T03,4.21,0.0,1.0
2026-03-30 04:00:00,T04,7.2,198.0,1.0
2026-03-30 04:00:00,T05,16.89,230.8,1.0
2026-03-30 05:00:00,T01,6.72,135.4,1.0
2026-03-30 05:00:00,T02,7.91,341.2,1.0
2026-03-30 05:00:00,T03,6.33,128.4,1.0
2026-03-30 05:00:00,T04,9.86,892.3,1.0
2026-03-30 05:00:00,T05,24.25,1326.1,1.0
2026-03-30 06:00:00,T01,5.47,15.6,1.0
2026-03-30 06:00:00,T02,3.61,0.0,1.0
2026-03-30 06:00:00,T03,10.07,957.9,1.0
2026-03-30 06:00:00,T04,6.12,72.4,1.0
2026-03-30 06:00:00,T05,22.26,916.0,1.0
2026-03-30 07:00:00,T01,8.82,540.6,1.0
2026-03-30 07:00:00,T02,5.44,116.2,1.0
2026-03-30 07:00:00,T03,10.09,949.7,1.0
2026-03-30 07:00:00,T04,11.89,1932.1,1.0
2026-03-30 07:00:00,T05,24.96,1473.9,1.0
2026-03-30 08:00:00,T01,10.25,1069.8,1.0
2026-03-30 08:00:00,T02,12.56,1972.8,1.0
2026-03-30 08:00:00,T03,8.24,384.2,1.0
2026-03-30 08:00:00,T04,10.24,1045.6,1.0
2026-03-30 08:00:00,T05,14.35,97.5,1.0
2026-03-30 09:00:00,T01,6.68,112.3,1.0
2026-03-30 09:00:00,T02,5.5,11.2,1.0
2026-03-30 09:00:00,T03,6.09,15.6,1.0
2026-03-30 09:00:00,T04,8.47,465.1,1.0
2026-03-30 09:00:00,T05,17.37,293.0,1.0
2026-03-30 10:00:00,T01,7.4,211.0,1.0
2026-03-30 10:00:00,T02,8.54,478.9,1.0
2026-03-30 10:00:00,T03,9.34,696.3,1.0
2026-03-30 10:00:00,T04,11.42,1622.4,1.0
2026-03-30 10:00:00,T05,17.26,268.3,1.0
2026-03-30 11:00:00,T01,10.97,1400.4,1.0
2026-03-30 11:00:00,T02,10.24,1080.6,1.0
2026-03-30 11:00:00,T03,9.72,829.8,1.0
2026-03-30 11:00:00,T04,13.4,2000.0,1.0
2026-03-30 11:00:00,T05,25.03,1505.9,1.0
2026-03-30 12:00:00,T01,9.31,682.7,1.0
2026-03-30 12:00:00,T02,9.76,849.6,1.0
2026-03-30 12:00:00,T03,7.72,309.9,1.0
2026-03-30 12:00:00,T04,10.97,1366.6,1.0
2026-03-30 12:00:00,T05,27.39,1993.0,1.0
2026-03-30 13:00:00,T01,9.66,827.2,1.0
2026-03-30 13:00:00,T02,11.18,1518.5,1.0
2026-03-30 13:00:00,T03,12.16,1952.8,1.0
2026-03-30 13:00:00,T04,7.6,251.9,1.0
2026-03-30 13:00:00,T05,20.66,649.4,1.0
2026-03-30 14:00:00,T01,10.72,1264.2,1.0
2026-03-30 14:00:00,T02,6.92,119.4,1.0
2026-03-30 14:00:00,T03,9.93,941.6,1.0
2026-03-30 14:00:00,T04,9.91,893.1,1.0
2026-03-30 14:00:00,T05,17.74,368.2,1.0
2026-03-30 15:00:00,T01,9.64,819.6,1.0
2026-03-30 15:00:00,T02,9.34,680.7,1.0
2026-03-30 15:00:00,T03,9.36,725.1,1.0
2026-03-30 15:00:00,T04,8.4,404.9,1.0
2026-03-30 15:00:00,T05,19.67,544.2,1.0
2026-03-30 16:00:00,T01,5.12,0.4,1.0
2026-03-30 16:00:00,T02,10.71,1232.0,1.0
2026-03-30 16:00:00,T03,7.82,339.1,1.0
2026-03-30 16:00:00,T04,5.16,53.2,1.0
2026-03-30 16:00:00,T05,12.46,37.1,1.0
2026-03-30 17:00:00,T01,10.74,1271.5,1.0
2026-03-30 17:00:00,T02,6.84,108.3,1.0
2026-03-30 17:00:00,T03,6.28,95.1,1.0
2026-03-30 17:00:00,T04,9.01,570.3,1.0
2026-03-30 17:00:00,T05,16.74,251.0,1.0
2026-03-30 18:00:00,T01,8.1,359.0,1.0
2026-03-30 18:00:00,T02,5.66,54.3,1.0
2026-03-30 18:00:00,T03,5.74,82.0,1.0
2026-03-30 18:00:00,T04,7.34,206.7,1.0
2026-03-30 18:00:00,T05,8.1,0.0,1.0
2026-03-30 19:00:00,T01,4.79,0.0,1.0
2026-03-30 19:00:00,T02,5.79,3.3,1.0
2026-03-30 19:00:00,T03,6.48,79.2,1.0
2026-03-30 19:00:00,T04,5.94,101.3,1.0
2026-03-30 19:00:00,T05,17.52,298.5,1.0
2026-03-30 20:00:00,T01,5.54,5.9,1.0
2026-03-30 20:00:00,T02,4.48,0.0,1.0
2026-03-30 20:00:00,T03,9.91,921.3,1.0
2026-03-30 20:00:00,T04,7.54,242.2,1.0
2026-03-30 20:00:00,T05,15.57,162.3,1.0
2026-03-30 21:00:00,T01,7.68,298.0,1.0
2026-03-30 21:00:00,T02,6.82,139.5,1.0
2026-03-30 21:00:00,T03,6.32,81.6,1.0
2026-03-30 21:00:00,T04,3.27,0.0,1.0
2026-03-30 21:00:00,T05,20.23,573.8,1.0
2026-03-30 22:00:00,T01,5.42,30.1,1.0
2026-03-30 22:00:00,T02,9.18,627.2,1.0
2026-03-30 22:00:00,T03,8.17,336.7,1.0
2026-03-30 22:00:00,T04,7.03,154.7,1.0
2026-03-30 22:00:00,T05,13.67,92.2,1.0
2026-03-30 23:00:00,T01,4.22,0.0,1.0
2026-03-30 23:00:00,T02,5.83,71.9,1.0
2026-03-30 23:00:00,T03,6.26,66.9,1.0
2026-03-30 23:00:00,T04,5.31,54.8,1.0
2026-03-30 23:00:00,T05,14.46,101.5,1.0
2026-03-31 00:00:00,T01,6.23,90.3,1.0
2026-03-31 00:00:00,T02,8.5,464.3,1.0
2026-03-31 00:00:00,T03,6.64,132.0,1.0
2026-03-31 00:00:00,T04,3.35,21.3,1.0
2026-03-31 00:00:00,T05,16.85,246.5,1.0
2026-03-31 01:00:00,T01,7.91,352.3,1.0
2026-03-31 01:00:00,T02,2.93,22.3,1.0
2026-03-31 01:00:00,T03,9.47,721.2,1.0
2026-03-31 01:00:00,T04,8.37,442.2,1.0
2026-03-31 01:00:00,T05,11.22,8.3,1.0
2026-03-31 02:00:00,T01,2.09,0.0,1.0
2026-03-31 02:00:00,T02,3.65,19.6,1.0
2026-03-31 02:00:00,T03,7.66,287.4,1.0
2026-03-31 02:00:00,T04,5.23,43.9,1.0
2026-03-31 02:00:00,T05,7.5,74.1,1.0
2026-03-31 03:00:00,T01,4.55,0.0,1.0
2026-03-31 03:00:00,T02,9.97,958.9,1.0
2026-03-31 03:00:00,T03,7.51,205.8,1.0
2026-03-31 03:00:00,T04,1.67,1.8,1.0
2026-03-31 03:00:00,T05,16.16,190.2,1.0
2026-03-31 04:00:00,T01,5.13,3.5,1.0
2026-03-31 04:00:00,T02,5.85,63.7,1.0
2026-03-31 04:00:00,T03,7.59,212.6,1.0
2026-03-31 04:00:00,T04,7.36,214.9,1.0
2026-03-31 04:00:00,T05,13.82,36.3,1.0
2026-03-31 05:00:00,T01,9.22,695.4,1.0
2026-03-31 05:00:00,T02,7.12,199.7,1.0
2026-03-31 05:00:00,T03,11.58,1769.8,1.0
2026-03-31 05:00:00,T04,2.24,0.0,1.0
2026-03-31 05:00:00,T05,21.32,723.8,1.0
2026-03-31 06:00:00,T01,7.88,326.0,1.0
2026-03-31 06:00:00,T02,5.27,45.1,1.0
2026-03-31 06:00:00,T03,5.19,51.4,1.0
2026-03-31 06:00:00,T04,5.58,79.4,1.0
2026-03-31 06:00:00,T05,10.46,31.9,1.0
2026-03-31 07:00:00,T01,9.47,761.1,1.0
2026-03-31 07:00:00,T02,5.77,62.0,1.0
2026-03-31 07:00:00,T03,9.69,793.9,1.0
2026-03-31 07:00:00,T04,8.43,458.1,1.0
2026-03-31 07:00:00,T05,8.56,35.0,1.0
2026-03-31 08:00:00,T01,6.69,109.7,1.0
2026-03-31 08:00:00,T02,10.46,1129.7,1.0
2026-03-31 08:00:00,T03,7.33,222.3,1.0
2026-03-31 08:00:00,T04,6.39,89.9,1.0
2026-03-31 08:00:00,T05,17.46,287.0,1.0
2026-03-31 09:00:00,T01,7.92,298.3,1.0
2026-03-31 09:00:00,T02,8.07,350.0,1.0
2026-03-31 09:00:00,T03,10.72,1287.8,1.0
2026-03-31 09:00:00,T04,8.57,475.3,1.0
2026-03-31 09:00:00,T05,20.74,708.4,1.0
2026-03-31 10:00:00,T01,10.29,1075.5,1.0
2026-03-31 10:00:00,T02,9.64,783.3,1.0
2026-03-31 10:00:00,T03,8.58,486.3,1.0
2026-03-31 10:00:00,T04,8.6,473.8,1.0
2026-03-31 10:00:00,T05,20.1,607.0,1.0
2026-03-31 11:00:00,T01,11.67,1790.1,1.0
2026-03-31 11:00:00,T02,9.54,779.6,1.0
2026-03-31 11:00:00,T03,9.81,870.0,1.0
2026-03-31 11:00:00,T04,7.86,287.2,1.0
2026-03-31 11:00:00,T05,21.02,713.1,1.0
2026-03-31 12:00:00,T01,9.03,616.6,1.0
2026-03-31 12:00:00,T02,11.18,1500.3,1.0
2026-03-31 12:00:00,T03,9.45,764.1,1.0
2026-03-31 12:00:00,T04,10.28,1062.3,1.0
2026-03-31 12:00:00,T05,20.84,684.6,1.0
2026-03-31 13:00:00,T01,9.36,701.8,1.0
2026-03-31 13:00:00,T02,9.44,717.0,1.0
2026-03-31 13:00:00,T03,3.17,0.0,1.0
2026-03-31 13:00:00,T04,7.18,189.6,1.0
2026-03-31 13:00:00,T05,18.09,365.9,1.0
2026-03-31 14:00:00,T01,8.91,572.8,1.0
2026-03-31 14:00:00,T02,4.95,3.9,1.0
2026-03-31 14:00:00,T03,7.72,290.1,1.0
2026-03-31 14:00:00,T04,6.43,86.6,1.0
2026-03-31 14:00:00,T05,23.52,1186.7,1.0
2026-03-31 15:00:00,T01,9.78,859.2,1.0
2026-03-31 15:00:00,T02,6.75,114.7,1.0
2026-03-31 15:00:00,T03,7.3,217.7,1.0
2026-03-31 15:00:00,T04,7.96,297.6,1.0
2026-03-31 15:00:00,T05,18.01,363.5,1.0
2026-03-31 16:00:00,T01,10.23,1056.2,1.0
2026-03-31 16:00:00,T02,9.69,847.0,1.0
2026-03-31 16:00:00,T03,6.11,75.9,1.0
2026-03-31 16:00:00,T04,9.4,681.0,1.0
2026-03-31 16:00:00,T05,20.24,589.8,1.0
2026-03-31 17:00:00,T01,9.63,819.3,1.0
2026-03-31 17:00:00,T02,8.44,442.5,1.0
2026-03-31 17:00:00,T03,4.23,0.0,1.0
2026-03-31 17:00:00,T04,11.62,1747.3,1.0
2026-03-31 17:00:00,T05,14.87,128.7,1.0
2026-03-31 18:00:00,T01,5.07,0.0,1.0
2026-03-31 18:00:00,T02,7.64,252.6,1.0
2026-03-31 18:00:00,T03,8.15,376.0,1.0
2026-03-31 18:00:00,T04,7.92,324.3,1.0
2026-03-31 18:00:00,T05,16.42,274.0,1.0
2026-03-31 19:00:00,T01,2.7,0.0,1.0
2026-03-31 19:00:00,T02,8.64,511.4,1.0
2026-03-31 19:00:00,T03,5.95,71.5,1.0
2026-03-31 19:00:00,T04,4.3,0.0,1.0
2026-03-31 19:00:00,T05,16.09,208.8,1.0
2026-03-31 20:00:00,T01,7.78,324.7,1.0
2026-03-31 20:00:00,T02,6.02,61.8,1.0
2026-03-31 20:00:00,T03,7.18,174.0,1.0
2026-03-31 20:00:00,T04,7.47,260.8,1.0
2026-03-31 20:00:00,T05,7.72,22.0,1.0
2026-03-31 21:00:00,T01,8.05,383.9,1.0
2026-03-31 21:00:00,T02,4.01,0.0,1.0
2026-03-31 21:00:00,T03,8.48,471.0,1.0
2026-03-31 21:00:00,T04,9.51,755.7,1.0
2026-03-31 21:00:00,T05,17.23,298.6,1.0
2026-03-31 22:00:00,T01,5.35,10.3,1.0
2026-03-31 22:00:00,T02,10.32,1100.4,1.0
2026-03-31 22:00:00,T03,4.12,0.0,1.0
2026-03-31 22:00:00,T04,7.39,245.8,1.0
2026-03-31 22:00:00,T05,12.97,67.0,1.0
2026-03-31 23:00:00,T01,2.38,0.0,1.0
2026-03-31 23:00:00,T02,4.77,1.9,1.0
2026-03-31 23:00:00,T03,5.31,28.4,1.0
2026-03-31 23:00:00,T04,8.02,342.8,1.0
2026-03-31 23:00:00,T05,15.04,144.4,1.0
2026-04-01 00:00:00,T01,7.19,204.6,1.0
2026-04-01 00:00:00,T02,6.73,131.8,1.0
2026-04-01 00:00:00,T03,8.64,485.9,1.0
2026-04-01 00:00:00,T04,6.6,108.7,1.0
2026-04-01 00:00:00,T05,16.43,247.8,1.0
2026-04-01 01:00:00,T01,7.1,212.9,1.0
2026-04-01 01:00:00,T02,3.45,1.3,1.0
2026-04-01 01:00:00,T03,4.87,26.8,1.0
2026-04-01 01:00:00,T04,8.23,395.4,1.0
2026-04-01 01:00:00,T05,11.2,40.1,1.0
2026-04-01 02:00:00,T01,9.54,811.9,1.0
2026-04-01 02:00:00,T02,5.43,68.0,1.0
2026-04-01 02:00:00,T03,5.94,17.0,1.0
2026-04-01 02:00:00,T04,8.45,411.9,1.0
2026-04-01 02:00:00,T05,14.35,116.0,1.0
2026-04-01 03:00:00,T01,7.82,319.3,1.0
2026-04-01 03:00:00,T02,5.14,27.4,1.0
2026-04-01 03:00:00,T03,2.75,22.3,1.0
2026-04-01 03:00:00,T04,8.31,423.2,1.0
2026-04-01 03:00:00,T05,11.83,15.5,1.0
2026-04-01 04:00:00,T01,7.05,173.3,1.0
2026-04-01 04:00:00,T02,9.88,863.3,1.0
2026-04-01 04:00:00,T03,10.8,1282.9,1.0
2026-04-01 04:00:00,T04,9.4,695.0,1.0
2026-04-01 04:00:00,T05,17.87,350.4,1.0
2026-04-01 05:00:00,T01,8.07,336.1,1.0
2026-04-01 05:00:00,T02,7.89,335.2,1.0
2026-04-01 05:00:00,T03,6.49,147.1,1.0
2026-04-01 05:00:00,T04,5.68,75.9,1.0
2026-04-01 05:00:00,T05,13.7,82.2,1.0
2026-04-01 06:00:00,T01,8.18,382.4,1.0
2026-04-01 06:00:00,T02,7.18,188.8,1.0
2026-04-01 06:00:00,T03,5.0,9.9,1.0
2026-04-01 06:00:00,T04,9.64,796.4,1.0
2026-04-01 06:00:00,T05,16.98,258.0,1.0
2026-04-01 07:00:00,T01,6.72,133.7,1.0
2026-04-01 07:00:00,T02,8.05,400.0,1.0
2026-04-01 07:00:00,T03,10.75,1274.2,1.0
2026-04-01 07:00:00,T04,5.14,53.3,1.0
2026-04-01 07:00:00,T05,14.34,175.6,1.0
2026-04-01 08:00:00,T01,6.05,52.5,1.0
2026-04-01 08:00:00,T02,8.24,393.6,1.0
2026-04-01 08:00:00,T03,6.89,209.0,1.0
2026-04-01 08:00:00,T04,6.7,111.0,1.0
2026-04-01 08:00:00,T05,22.85,992.6,1.0
2026-04-01 09:00:00,T01,11.4,1679.5,1.0
2026-04-01 09:00:00,T02,8.32,356.8,1.0
2026-04-01 09:00:00,T03,8.37,417.5,1.0
2026-04-01 09:00:00,T04,8.02,330.9,1.0
2026-04-01 09:00:00,T05,17.09,297.7,1.0
2026-04-01 10:00:00,T01,13.26,2000.0,1.0
2026-04-01 10:00:00,T02,10.1,989.6,1.0
2026-04-01 10:00:00,T03,7.39,263.1,1.0
2026-04-01 10:00:00,T04,9.36,713.9,1.0
2026-04-01 10:00:00,T05,23.13,1062.4,1.0
2026-04-01 11:00:00,T01,10.96,1414.4,1.0
2026-04-01 11:00:00,T02,13.47,2000.0,1.0
2026-04-01 11:00:00,T03,9.37,709.0,1.0
2026-04-01 11:00:00,T04,9.31,719.1,1.0
2026-04-01 11:00:00,T05,26.88,2000.0,1.0
2026-04-01 12:00:00,T01,7.97,314.8,1.0
2026-04-01 12:00:00,T02,7.82,346.0,1.0
2026-04-01 12:00:00,T03,9.74,851.5,1.0
2026-04-01 12:00:00,T04,9.86,927.4,1.0
2026-04-01 12:00:00,T05,18.65,481.7,1.0
2026-04-01 13:00:00,T01,10.54,1196.6,1.0
2026-04-01 13:00:00,T02,13.76,2000.0,1.0
2026-04-01 13:00:00,T03,7.79,302.4,1.0
2026-04-01 13:00:00,T04,7.95,334.3,1.0
2026-04-01 13:00:00,T05,21.62,787.4,1.0
2026-04-01 14:00:00,T01,10.42,1138.5,1.0
2026-04-01 14:00:00,T02,5.46,15.5,1.0
2026-04-01 14:00:00,T03,11.64,1790.9,1.0
2026-04-01 14:00:00,T04,9.99,984.0,1.0
2026-04-01 14:00:00,T05,17.47,287.4,1.0
2026-04-01 15:00:00,T01,9.92,919.5,1.0
2026-04-01 15:00:00,T02,8.12,391.4,1.0
2026-04-01 15:00:00,T03,11.57,1712.1,1.0
2026-04-01 15:00:00,T04,8.45,436.8,1.0
2026-04-01 15:00:00,T05,16.74,246.7,1.0
2026-04-01 16:00:00,T01,10.5,1186.7,1.0
2026-04-01 16:00:00,T02,6.62,112.6,1.0
2026-04-01 16:00:00,T03,8.73,490.9,1.0
2026-04-01 16:00:00,T04,6.24,120.9,1.0
2026-04-01 16:00:00,T05,25.0,1478.6,1.0
2026-04-01 17:00:00,T01,9.89,913.3,1.0
2026-04-01 17:00:00,T02,8.76,528.6,1.0
2026-04-01 17:00:00,T03,9.66,794.5,1.0
2026-04-01 17:00:00,T04,11.06,1414.4,1.0
2026-04-01 17:00:00,T05,22.41,971.2,1.0
2026-04-01 18:00:00,T01,9.01,612.7,1.0
2026-04-01 18:00:00,T02,6.59,95.4,1.0
2026-04-01 18:00:00,T03,10.86,1335.6,1.0
2026-04-01 18:00:00,T04,6.59,137.7,1.0
2026-04-01 18:00:00,T05,17.75,315.9,1.0
2026-04-01 19:00:00,T01,8.13,385.5,1.0
2026-04-01 19:00:00,T02,5.5,26.7,1.0
2026-04-01 19:00:00,T03,5.8,54.9,1.0
2026-04-01 19:00:00,T04,7.91,266.1,1.0
2026-04-01 19:00:00,T05,13.29,86.1,1.0
2026-04-01 20:00:00,T01,8.45,453.3,1.0
2026-04-01 20:00:00,T02,8.92,552.1,1.0
2026-04-01 20:00:00,T03,8.65,513.1,1.0
2026-04-01 20:00:00,T04,5.32,6.0,1.0
2026-04-01 20:00:00,T05,6.16,0.0,1.0
2026-04-01 21:00:00,T01,2.54,0.0,1.0
2026-04-01 21:00:00,T02,5.04,45.8,1.0
2026-04-01 21:00:00,T03,3.97,35.1,1.0
2026-04-01 21:00:00,T04,7.1,200.6,1.0
2026-04-01 21:00:00,T05,12.57,4.2,1.0
2026-04-01 22:00:00,T01,6.46,115.5,1.0
2026-04-01 22:00:00,T02,13.82,2000.0,1.0
2026-04-01 22:00:00,T03,4.83,0.0,1.0
2026-04-01 22:00:00,T04,3.42,0.0,1.0
2026-04-01 22:00:00,T05,12.48,41.5,1.0
2026-04-01 23:00:00,T01,4.62,0.0,1.0
2026-04-01 23:00:00,T02,8.84,552.2,1.0
2026-04-01 23:00:00,T03,5.84,44.4,1.0
2026-04-01 23:00:00,T04,9.79,869.2,1.0
2026-04-01 23:00:00,T05,12.41,6.1,1.0
2026-04-02 00:00:00,T01,3.55,0.0,1.0
2026-04-02 00:00:00,T02,7.7,250.5,1.0
2026-04-02 00:00:00,T03,7.15,160.1,1.0
2026-04-02 00:00:00,T04,4.37,29.7,1.0
2026-04-02 00:00:00,T05,17.9,381.3,1.0
2026-04-02 01:00:00,T01,8.84,589.5,1.0
2026-04-02 01:00:00,T02,6.36,96.3,1.0
2026-04-02 01:00:00,T03,7.76,346.5,1.0
2026-04-02 01:00:00,T04,3.1,0.0,1.0
2026-04-02 01:00:00,T05,6.88,0.0,1.0
2026-04-02 02:00:00,T01,9.07,655.9,1.0
2026-04-02 02:00:00,T02,7.86,296.9,1.0
2026-04-02 02:00:00,T03,4.69,20.9,1.0
2026-04-02 02:00:00,T04,3.65,0.0,1.0
2026-04-02 02:00:00,T05,11.39,0.0,1.0
2026-04-02 03:00:00,T01,8.34,451.2,1.0
2026-04-02 03:00:00,T02,5.08,46.6,1.0
2026-04-02 03:00:00,T03,7.5,261.4,1.0
2026-04-02 03:00:00,T04,7.45,230.3,1.0
2026-04-02 03:00:00,T05,11.78,42.3,1.0
2026-04-02 04:00:00,T01,7.13,199.6,1.0
2026-04-02 04:00:00,T02,7.62,299.1,1.0
2026-04-02 04:00:00,T03,6.71,106.4,1.0
2026-04-02 04:00:00,T04,8.51,433.6,1.0
2026-04-02 04:00:00,T05,17.15,264.2,1.0
2026-04-02 05:00:00,T01,10.1,1017.7,1.0
2026-04-02 05:00:00,T02,7.54,282.7,1.0
2026-04-02 05:00:00,T03,8.37,423.9,1.0
2026-04-02 05:00:00,T04,6.49,113.7,1.0
2026-04-02 05:00:00,T05,20.28,574.7,1.0
2026-04-02 06:00:00,T01,8.76,525.6,1.0
2026-04-02 06:00:00,T02,4.73,0.0,1.0
2026-04-02 06:00:00,T03,6.85,169.8,1.0
2026-04-02 06:00:00,T04,5.78,61.8,1.0
2026-04-02 06:00:00,T05,16.36,270.9,1.0
2026-04-02 07:00:00,T01,8.18,387.1,1.0
2026-04-02 07:00:00,T02,7.69,214.5,1.0
2026-04-02 07:00:00,T03,8.5,450.6,1.0
2026-04-02 07:00:00,T04,8.15,366.2,1.0
2026-04-02 07:00:00,T05,23.89,1218.5,1.0
2026-04-02 08:00:00,T01,7.78,271.5,1.0
2026-04-02 08:00:00,T02,11.45,1610.5,1.0
2026-04-02 08:00:00,T03,8.49,481.5,1.0
2026-04-02 08:00:00,T04,7.35,268.0,1.0
2026-04-02 08:00:00,T05,29.79,1995.1,1.0
2026-04-02 09:00:00,T01,9.93,924.2,1.0
2026-04-02 09:00:00,T02,9.02,633.9,1.0
2026-04-02 09:00:00,T03,9.43,787.3,1.0
2026-04-02 09:00:00,T04,5.71,36.7,1.0
2026-04-02 09:00:00,T05,24.46,1365.3,1.0
2026-04-02 10:00:00,T01,10.45,1138.2,1.0
2026-04-02 10:00:00,T02,11.66,1773.2,1.0
2026-04-02 10:00:00,T03,14.29,1976.3,1.0
2026-04-02 10:00:00,T04,12.09,2000.0,1.0
2026-04-02 10:00:00,T05,24.04,1293.1,1.0
2026-04-02 11:00:00,T01,6.62,98.1,1.0
2026-04-02 11:00:00,T02,10.81,1288.9,1.0
2026-04-02 11:00:00,T03,9.11,599.7,1.0
2026-04-02 11:00:00,T04,4.78,0.0,1.0
2026-04-02 11:00:00,T05,19.51,525.1,1.0
2026-04-02 12:00:00,T01,9.84,875.7,1.0
2026-04-02 12:00:00,T02,13.22,2000.0,1.0
2026-04-02 12:00:00,T03,10.79,1276.6,1.0
2026-04-02 12:00:00,T04,8.16,378.9,1.0
2026-04-02 12:00:00,T05,14.34,88.2,1.0
2026-04-02 13:00:00,T01,8.72,512.2,1.0
2026-04-02 13:00:00,T02,9.18,680.3,1.0
2026-04-02 13:00:00,T03,11.22,1564.4,1.0
2026-04-02 13:00:00,T04,5.34,64.6,1.0
2026-04-02 13:00:00,T05,20.0,567.0,1.0
2026-04-02 14:00:00,T01,11.65,1818.8,1.0
2026-04-02 14:00:00,T02,9.26,674.0,1.0
2026-04-02 14:00:00,T03,5.81,87.1,1.0
2026-04-02 14:00:00,T04,8.2,414.0,1.0
2026-04-02 14:00:00,T05,18.93,441.3,1.0
2026-04-02 15:00:00,T01,9.72,856.1,1.0
2026-04-02 15:00:00,T02,7.27,205.7,1.0
2026-04-02 15:00:00,T03,8.62,482.4,1.0
2026-04-02 15:00:00,T04,6.61,118.6,1.0
2026-04-02 15:00:00,T05,17.14,296.5,1.0
2026-04-02 16:00:00,T01,8.75,520.7,1.0
2026-04-02 16:00:00,T02,10.43,1122.8,1.0
2026-04-02 16:00:00,T03,9.82,872.1,1.0
2026-04-02 16:00:00,T04,8.31,425.3,1.0
2026-04-02 16:00:00,T05,16.9,230.4,1.0
2026-04-02 17:00:00,T01,8.35,426.6,1.0
2026-04-02 17:00:00,T02,7.46,249.6,1.0
2026-04-02 17:00:00,T03,5.18,8.0,1.0
2026-04-02 17:00:00,T04,8.65,504.7,1.0
2026-04-02 17:00:00,T05,20.84,741.3,1.0
2026-04-02 18:00:00,T01,7.57,263.0,1.0
2026-04-02 18:00:00,T02,9.47,782.4,1.0
2026-04-02 18:00:00,T03,5.8,82.6,1.0
2026-04-02 18:00:00,T04,5.31,20.3,1.0
2026-04-02 18:00:00,T05,16.21,191.1,1.0
2026-04-02 19:00:00,T01,6.89,156.5,1.0
2026-04-02 19:00:00,T02,4.44,18.7,1.0
2026-04-02 19:00:00,T03,14.0,1990.5,1.0
2026-04-02 19:00:00,T04,5.3,48.7,1.0
2026-04-02 19:00:00,T05,22.27,923.6,1.0
2026-04-02 20:00:00,T01,4.64,0.0,1.0
2026-04-02 20:00:00,T02,6.66,152.8,1.0
2026-04-02 20:00:00,T03,7.35,219.2,1.0
2026-04-02 20:00:00,T04,2.57,46.6,1.0
2026-04-02 20:00:00,T05,22.08,861.4,1.0
2026-04-02 21:00:00,T01,6.91,160.1,1.0
2026-04-02 21:00:00,T02,9.56,804.4,1.0
2026-04-02 21:00:00,T03,5.24,45.9,1.0
2026-04-02 21:00:00,T04,8.56,482.8,1.0
2026-04-02 21:00:00,T05,7.26,0.0,1.0
2026-04-02 22:00:00,T01,3.92,0.0,1.0
2026-04-02 22:00:00,T02,7.35,196.6,1.0
2026-04-02 22:00:00,T03,5.72,50.4,1.0
2026-04-02 22:00:00,T04,5.36,50.4,1.0
2026-04-02 22:00:00,T05,11.47,4.6,1.0
2026-04-02 23:00:00,T01,5.04,0.0,1.0
2026-04-02 23:00:00,T02,8.78,549.6,1.0
2026-04-02 23:00:00,T03,5.85,57.6,1.0
2026-04-02 23:00:00,T04,5.42,55.9,1.0
2026-04-02 23:00:00,T05,14.32,83.5,1.0
2026-04-03 00:00:00,T01,6.45,125.4,1.0
2026-04-03 00:00:00,T02,6.07,72.1,1.0
2026-04-03 00:00:00,T03,5.95,70.4,1.0
2026-04-03 00:00:00,T04,8.14,335.1,1.0
2026-04-03 00:00:00,T05,7.09,0.0,1.0
2026-04-03 01:00:00,T01,6.69,147.4,1.0
2026-04-03 01:00:00,T02,5.94,7.0,1.0
2026-04-03 01:00:00,T03,6.11,102.2,1.0
2026-04-03 01:00:00,T04,6.14,96.2,1.0
2026-04-03 01:00:00,T05,6.04,0.0,1.0
2026-04-03 02:00:00,T01,3.62,0.0,1.0
2026-04-03 02:00:00,T02,3.63,0.0,1.0
2026-04-03 02:00:00,T03,6.73,183.9,1.0
2026-04-03 02:00:00,T04,6.79,123.5,1.0
2026-04-03 02:00:00,T05,11.79,49.6,1.0
2026-04-03 03:00:00,T01,5.9,63.7,1.0
2026-04-03 03:00:00,T02,6.75,118.8,1.0
2026-04-03 03:00:00,T03,8.48,466.0,1.0
2026-04-03 03:00:00,T04,7.19,186.9,1.0
2026-04-03 03:00:00,T05,10.66,0.0,1.0
2026-04-03 04:00:00,T01,9.87,913.0,1.0
2026-04-03 04:00:00,T02,7.79,314.4,1.0
2026-04-03 04:00:00,T03,9.5,775.2,1.0
2026-04-03 04:00:00,T04,6.32,154.2,1.0
2026-04-03 04:00:00,T05,20.89,676.5,1.0
2026-04-03 05:00:00,T01,8.65,520.3,1.0
2026-04-03 05:00:00,T02,6.9,165.1,1.0
2026-04-03 05:00:00,T03,8.87,549.1,1.0
2026-04-03 05:00:00,T04,8.84,541.0,1.0
2026-04-03 05:00:00,T05,23.21,1090.4,1.0
2026-04-03 06:00:00,T01,9.28,705.5,1.0
2026-04-03 06:00:00,T02,7.09,192.0,1.0
2026-04-03 06:00:00,T03,5.95,53.0,1.0
2026-04-03 06:00:00,T04,7.25,191.4,1.0
2026-04-03 06:00:00,T05,17.99,376.6,1.0
2026-04-03 07:00:00,T01,9.11,626.3,1.0
2026-04-03 07:00:00,T02,6.31,148.4,1.0
2026-04-03 07:00:00,T03,6.02,92.3,1.0
2026-04-03 07:00:00,T04,7.85,342.1,1.0
2026-04-03 07:00:00,T05,20.62,664.7,1.0
2026-04-03 08:00:00,T01,8.09,340.0,1.0
2026-04-03 08:00:00,T02,6.14,52.9,1.0
2026-04-03 08:00:00,T03,5.93,73.0,1.0
2026-04-03 08:00:00,T04,10.23,1011.1,1.0
2026-04-03 08:00:00,T05,20.42,629.6,1.0
2026-04-03 09:00:00,T01,6.28,69.3,1.0
2026-04-03 09:00:00,T02,8.01,345.2,1.0
2026-04-03 09:00:00,T03,9.28,645.5,1.0
2026-04-03 09:00:00,T04,9.49,737.7,1.0
2026-04-03 09:00:00,T05,18.61,377.1,1.0
2026-04-03 10:00:00,T01,9.92,916.4,1.0
2026-04-03 10:00:00,T02,11.89,1932.3,1.0
2026-04-03 10:00:00,T03,10.3,1058.9,1.0
2026-04-03 10:00:00,T04,8.23,423.1,1.0
2026-04-03 10:00:00,T05,17.48,277.7,1.0
2026-04-03 11:00:00,T01,9.02,607.7,1.0
2026-04-03 11:00:00,T02,9.3,667.9,1.0
2026-04-03 11:00:00,T03,7.64,271.3,1.0
2026-04-03 11:00:00,T04,8.93,573.5,1.0
2026-04-03 11:00:00,T05,20.01,545.1,1.0
2026-04-03 12:00:00,T01,10.96,1415.8,1.0
2026-04-03 12:00:00,T02,12.4,2000.0,1.0
2026-04-03 12:00:00,T03,7.36,215.3,1.0
2026-04-03 12:00:00,T04,5.98,33.8,1.0
2026-04-03 12:00:00,T05,26.69,1986.0,1.0
2026-04-03 13:00:00,T01,10.68,1269.8,1.0
2026-04-03 13:00:00,T02,11.25,1501.6,1.0
2026-04-03 13:00:00,T03,10.17,1047.9,1.0
2026-04-03 13:00:00,T04,11.37,1623.1,1.0
2026-04-03 13:00:00,T05,27.18,2000.0,1.0
2026-04-03 14:00:00,T01,9.09,616.4,1.0
2026-04-03 14:00:00,T02,8.39,464.9,1.0
2026-04-03 14:00:00,T03,8.77,537.8,1.0
2026-04-03 14:00:00,T04,10.61,1199.5,1.0
2026-04-03 14:00:00,T05,27.7,1978.5,1.0
2026-04-03 15:00:00,T01,6.05,46.8,1.0
2026-04-03 15:00:00,T02,10.06,949.0,1.0
2026-04-03 15:00:00,T03,6.54,156.0,1.0
2026-04-03 15:00:00,T04,9.36,744.8,1.0
2026-04-03 15:00:00,T05,20.71,657.9,1.0
2026-04-03 16:00:00,T01,6.88,152.3,1.0
2026-04-03 16:00:00,T02,4.3,56.8,1.0
2026-04-03 16:00:00,T03,11.17,1502.5,1.0
2026-04-03 16:00:00,T04,9.03,587.5,1.0
2026-04-03 16:00:00,T05,20.21,582.3,1.0
2026-04-03 17:00:00,T01,9.54,772.8,1.0
2026-04-03 17:00:00,T02,7.55,257.6,1.0
2026-04-03 17:00:00,T03,8.5,458.8,1.0
2026-04-03 17:00:00,T04,12.23,2000.0,1.0
2026-04-03 17:00:00,T05,23.68,1174.7,1.0
2026-04-03 18:00:00,T01,7.55,252.9,1.0
2026-04-03 18:00:00,T02,6.31,125.2,1.0
2026-04-03 18:00:00,T03,7.05,159.4,1.0
2026-04-03 18:00:00,T04,7.16,241.6,1.0
2026-04-03 18:00:00,T05,13.45,86.6,1.0
2026-04-03 19:00:00,T01,6.72,126.3,1.0
2026-04-03 19:00:00,T02,7.79,300.6,1.0
2026-04-03 19:00:00,T03,8.78,529.2,1.0
2026-04-03 19:00:00,T04,6.21,69.9,1.0
2026-04-03 19:00:00,T05,17.02,261.0,1.0
2026-04-03 20:00:00,T01,7.47,251.8,1.0
2026-04-03 20:00:00,T02,5.16,26.8,1.0
2026-04-03 20:00:00,T03,5.08,25.0,1.0
2026-04-03 20:00:00,T04,7.18,195.0,1.0
2026-04-03 20:00:00,T05,10.71,67.7,1.0
2026-04-03 21:00:00,T01,5.2,16.6,1.0
2026-04-03 21:00:00,T02,6.34,87.4,1.0
2026-04-03 21:00:00,T03,9.06,575.0,1.0
2026-04-03 21:00:00,T04,6.0,83.8,1.0
2026-04-03 21:00:00,T05,8.33,32.3,1.0
2026-04-03 22:00:00,T01,5.18,12.9,1.0
2026-04-03 22:00:00,T02,7.27,216.5,1.0
2026-04-03 22:00:00,T03,9.01,583.3,1.0
2026-04-03 22:00:00,T04,3.06,0.0,1.0
2026-04-03 22:00:00,T05,19.56,552.9,1.0
2026-04-03 23:00:00,T01,6.56,131.6,1.0
2026-04-03 23:00:00,T02,5.59,55.8,1.0
2026-04-03 23:00:00,T03,7.12,184.1,1.0
2026-04-03 23:00:00,T04,7.74,298.4,1.0
2026-04-03 23:00:00,T05,12.18,57.0,1.0
2026-04-04 00:00:00,T01,5.71,44.5,1.0
2026-04-04 00:00:00,T02,6.93,146.6,1.0
2026-04-04 00:00:00,T03,10.71,1267.7,1.0
2026-04-04 00:00:00,T04,7.86,309.5,1.0
2026-04-04 00:00:00,T05,22.54,961.8,1.0
2026-04-04 01:00:00,T01,7.47,250.5,1.0
2026-04-04 01:00:00,T02,5.35,32.7,1.0
2026-04-04 01:00:00,T03,4.84,28.6,1.0
2026-04-04 01:00:00,T04,4.41,1.5,1.0
2026-04-04 01:00:00,T05,21.76,850.5,1.0
2026-04-04 02:00:00,T01,7.24,215.9,1.0
2026-04-04 02:00:00,T02,5.92,53.4,1.0
2026-04-04 02:00:00,T03,7.05,167.5,1.0
2026-04-04 02:00:00,T04,4.08,4.7,1.0
2026-04-04 02:00:00,T05,18.66,409.1,1.0
2026-04-04 03:00:00,T01,3.83,0.0,1.0
2026-04-04 03:00:00,T02,4.89,76.0,1.0
2026-04-04 03:00:00,T03,5.85,75.5,1.0
2026-04-04 03:00:00,T04,8.25,398.1,1.0
2026-04-04 03:00:00,T05,21.04,761.5,1.0
2026-04-04 04:00:00,T01,5.78,46.6,1.0
2026-04-04 04:00:00,T02,8.25,394.1,1.0
2026-04-04 04:00:00,T03,4.91,14.4,1.0
2026-04-04 04:00:00,T04,5.11,29.9,1.0
2026-04-04 04:00:00,T05,20.74,687.2,1.0
2026-04-04 05:00:00,T01,9.99,972.4,1.0
2026-04-04 05:00:00,T02,8.02,386.0,1.0
2026-04-04 05:00:00,T03,5.74,0.0,1.0
2026-04-04 05:00:00,T04,7.16,183.0,1.0
2026-04-04 05:00:00,T05,15.63,180.4,1.0
2026-04-04 06:00:00,T01,4.98,0.0,1.0
2026-04-04 06:00:00,T02,9.49,745.7,1.0
2026-04-04 06:00:00,T03,9.68,806.0,1.0
2026-04-04 06:00:00,T04,4.49,0.0,1.0
2026-04-04 06:00:00,T05,20.42,634.9,1.0
2026-04-04 07:00:00,T01,5.54,0.0,1.0
2026-04-04 07:00:00,T02,4.97,27.4,1.0
2026-04-04 07:00:00,T03,7.64,301.9,1.0
2026-04-04 07:00:00,T04,6.93,163.3,1.0
2026-04-04 07:00:00,T05,13.39,116.6,1.0
2026-04-04 08:00:00,T01,5.47,0.0,1.0
2026-04-04 08:00:00,T02,7.82,274.1,1.0
2026-04-04 08:00:00,T03,6.69,95.7,1.0
2026-04-04 08:00:00,T04,5.47,40.0,1.0
2026-04-04 08:00:00,T05,16.8,215.9,1.0
2026-04-04 09:00:00,T01,9.26,672.3,1.0
2026-04-04 09:00:00,T02,7.94,318.9,1.0
2026-04-04 09:00:00,T03,8.62,489.9,1.0
2026-04-04 09:00:00,T04,5.09,14.1,1.0
2026-04-04 09:00:00,T05,30.06,2000.0,1.0
2026-04-04 10:00:00,T01,7.83,309.3,1.0
2026-04-04 10:00:00,T02,7.26,217.7,1.0
2026-04-04 10:00:00,T03,14.2,2000.0,1.0
2026-04-04 10:00:00,T04,10.49,1159.5,1.0
2026-04-04 10:00:00,T05,18.1,357.2,1.0
2026-04-04 11:00:00,T01,8.45,441.5,1.0
2026-04-04 11:00:00,T02,9.5,791.9,1.0
2026-04-04 11:00:00,T03,8.81,517.7,1.0
2026-04-04 11:00:00,T04,8.91,521.1,1.0
2026-04-04 11:00:00,T05,19.95,533.5,1.0
2026-04-04 12:00:00,T01,11.04,1458.1,1.0
2026-04-04 12:00:00,T02,10.51,1166.8,1.0
2026-04-04 12:00:00,T03,6.95,168.6,1.0
2026-04-04 12:00:00,T04,11.18,1481.1,1.0
2026-04-04 12:00:00,T05,20.01,557.1,1.0
2026-04-04 13:00:00,T01,7.15,129.3,1.0
2026-04-04 13:00:00,T02,9.7,858.4,1.0
2026-04-04 13:00:00,T03,7.6,233.6,1.0
2026-04-04 13:00:00,T04,9.32,684.4,1.0
2026-04-04 13:00:00,T05,25.31,1534.6,1.0
2026-04-04 14:00:00,T01,10.3,1076.6,1.0
2026-04-04 14:00:00,T02,10.1,996.7,1.0
2026-04-04 14:00:00,T03,11.61,1790.3,1.0
2026-04-04 14:00:00,T04,7.42,215.2,1.0
2026-04-04 14:00:00,T05,21.26,771.6,1.0
2026-04-04 15:00:00,T01,11.2,1550.0,1.0
2026-04-04 15:00:00,T02,8.52,502.7,1.0
2026-04-04 15:00:00,T03,9.27,674.5,1.0
2026-04-04 15:00:00,T04,6.73,183.5,1.0
2026-04-04 15:00:00,T05,22.33,908.1,1.0
2026-04-04 16:00:00,T01,6.49,88.8,1.0
2026-04-04 16:00:00,T02,9.54,764.5,1.0
2026-04-04 16:00:00,T03,9.0,593.9,1.0
2026-04-04 16:00:00,T04,11.96,1976.0,1.0
2026-04-04 16:00:00,T05,21.56,806.1,1.0
2026-04-04 17:00:00,T01,6.46,104.6,1.0
2026-04-04 17:00:00,T02,11.11,1521.8,1.0
2026-04-04 17:00:00,T03,8.06,389.4,1.0
2026-04-04 17:00:00,T04,7.13,198.2,1.0
2026-04-04 17:00:00,T05,20.14,621.7,1.0
2026-04-04 18:00:00,T01,5.75,38.3,1.0
2026-04-04 18:00:00,T02,7.4,221.8,1.0
2026-04-04 18:00:00,T03,5.46,57.4,1.0
2026-04-04 18:00:00,T04,9.22,649.1,1.0
2026-04-04 18:00:00,T05,20.27,593.9,1.0
2026-04-04 19:00:00,T01,5.64,28.3,1.0
2026-04-04 19:00:00,T02,5.76,38.3,1.0
2026-04-04 19:00:00,T03,7.2,182.1,1.0
2026-04-04 19:00:00,T04,9.66,811.1,1.0
2026-04-04 19:00:00,T05,15.17,141.7,1.0
2026-04-04 20:00:00,T01,5.79,51.6,1.0
2026-04-04 20:00:00,T02,7.79,270.9,1.0
2026-04-04 20:00:00,T03,9.08,599.3,1.0
2026-04-04 20:00:00,T04,5.85,33.3,1.0
2026-04-04 20:00:00,T05,17.22,252.3,1.0
2026-04-04 21:00:00,T01,8.05,388.5,1.0
2026-04-04 21:00:00,T02,8.05,410.9,1.0
2026-04-04 21:00:00,T03,5.94,82.1,1.0
2026-04-04 21:00:00,T04,5.21,25.3,1.0
2026-04-04 21:00:00,T05,15.41,151.8,1.0
2026-04-04 22:00:00,T01,9.62,842.1,1.0
2026-04-04 22:00:00,T02,7.18,220.2,1.0
2026-04-04 22:00:00,T03,7.34,209.3,1.0
2026-04-04 22:00:00,T04,3.72,0.0,1.0
2026-04-04 22:00:00,T05,11.15,85.7,1.0
2026-04-04 23:00:00,T01,5.25,22.9,1.0
2026-04-04 23:00:00,T02,4.44,0.0,1.0
2026-04-04 23:00:00,T03,3.11,0.0,1.0
2026-04-04 23:00:00,T04,7.22,199.5,1.0
2026-04-04 23:00:00,T05,12.11,58.1,1.0
2026-04-05 00:00:00,T01,8.7,555.3,1.0
2026-04-05 00:00:00,T02,7.54,288.3,1.0
2026-04-05 00:00:00,T03,7.11,189.3,1.0
2026-04-05 00:00:00,T04,9.99,871.2,1.0
2026-04-05 00:00:00,T05,8.14,365.8,1.0
2026-04-05 01:00:00,T01,6.69,138.4,1.0
2026-04-05 01:00:00,T02,5.39,54.5,1.0
2026-04-05 01:00:00,T03,8.83,505.9,1.0
2026-04-05 01:00:00,T04,4.61,0.0,1.0
2026-04-05 01:00:00,T05,9.83,857.0,1.0
2026-04-05 02:00:00,T01,8.71,554.6,1.0
2026-04-05 02:00:00,T02,4.35,55.9,1.0
2026-04-05 02:00:00,T03,7.6,307.9,1.0
2026-04-05 02:00:00,T04,7.68,318.5,1.0
2026-04-05 02:00:00,T05,9.07,612.6,1.0
2026-04-05 03:00:00,T01,7.46,240.3,1.0
2026-04-05 03:00:00,T02,7.95,293.7,1.0
2026-04-05 03:00:00,T03,8.43,444.1,1.0
2026-04-05 03:00:00,T04,5.83,83.1,1.0
2026-04-05 03:00:00,T05,8.12,371.4,1.0
2026-04-05 04:00:00,T01,6.78,151.0,1.0
2026-04-05 04:00:00,T02,7.28,208.2,1.0
2026-04-05 04:00:00,T03,5.14,4.2,1.0
2026-04-05 04:00:00,T04,9.44,765.2,1.0
2026-04-05 04:00:00,T05,3.5,0.0,1.0
2026-04-05 05:00:00,T01,7.33,232.1,1.0
2026-04-05 05:00:00,T02,6.03,64.6,1.0
2026-04-05 05:00:00,T03,7.55,241.7,1.0
2026-04-05 05:00:00,T04,7.91,360.3,1.0
2026-04-05 05:00:00,T05,7.3,230.7,1.0
2026-04-05 06:00:00,T01,13.07,2000.0,1.0
2026-04-05 06:00:00,T02,8.24,346.3,1.0
2026-04-05 06:00:00,T03,10.29,1017.0,1.0
2026-04-05 06:00:00,T04,10.61,1226.9,1.0
2026-04-05 06:00:00,T05,7.56,236.2,1.0
2026-04-05 07:00:00,T01,9.46,761.5,1.0
2026-04-05 07:00:00,T02,9.48,773.3,1.0
2026-04-05 07:00:00,T03,3.97,0.0,1.0
2026-04-05 07:00:00,T04,9.47,733.4,1.0
2026-04-05 07:00:00,T05,8.49,429.4,1.0
2026-04-05 08:00:00,T01,6.81,134.5,1.0
2026-04-05 08:00:00,T02,4.49,2.3,1.0
2026-04-05 08:00:00,T03,11.66,1806.7,1.0
2026-04-05 08:00:00,T04,7.68,254.5,1.0
2026-04-05 08:00:00,T05,9.61,803.2,1.0
2026-04-05 09:00:00,T01,11.2,1536.4,1.0
2026-04-05 09:00:00,T02,8.83,562.9,1.0
2026-04-05 09:00:00,T03,10.59,1254.8,1.0
2026-04-05 09:00:00,T04,12.71,2000.0,1.0
2026-04-05 09:00:00,T05,9.92,881.4,1.0
2026-04-05 10:00:00,T01,8.81,528.2,1.0
2026-04-05 10:00:00,T02,8.69,563.2,1.0
2026-04-05 10:00:00,T03,9.43,748.6,1.0
2026-04-05 10:00:00,T04,6.95,171.2,1.0
2026-04-05 10:00:00,T05,8.94,592.6,1.0
2026-04-05 11:00:00,T01,8.57,461.9,1.0
2026-04-05 11:00:00,T02,9.37,698.9,1.0
2026-04-05 11:00:00,T03,6.22,88.9,1.0
2026-04-05 11:00:00,T04,6.2,152.5,1.0
2026-04-05 11:00:00,T05,9.54,768.5,1.0
2026-04-05 12:00:00,T01,10.5,1179.8,1.0
2026-04-05 12:00:00,T02,4.97,10.5,1.0
2026-04-05 12:00:00,T03,8.65,482.9,1.0
2026-04-05 12:00:00,T04,9.6,781.1,1.0
2026-04-05 12:00:00,T05,11.64,1724.6,1.0
2026-04-05 13:00:00,T01,9.14,634.3,1.0
2026-04-05 13:00:00,T02,12.72,2000.0,1.0
2026-04-05 13:00:00,T03,7.84,287.6,1.0
2026-04-05 13:00:00,T04,7.91,374.6,1.0
2026-04-05 13:00:00,T05,12.01,2000.0,1.0
2026-04-05 14:00:00,T01,9.87,896.2,1.0
2026-04-05 14:00:00,T02,8.14,396.5,1.0
2026-04-05 14:00:00,T03,10.79,1348.7,1.0
2026-04-05 14:00:00,T04,9.43,725.4,1.0
2026-04-05 14:00:00,T05,8.15,331.9,1.0
2026-04-05 15:00:00,T01,7.93,329.6,1.0
2026-04-05 15:00:00,T02,7.62,257.0,1.0
2026-04-05 15:00:00,T03,8.11,360.8,1.0
2026-04-05 15:00:00,T04,6.96,203.8,1.0
2026-04-05 15:00:00,T05,6.29,115.4,1.0
2026-04-05 16:00:00,T01,9.11,635.5,1.0
2026-04-05 16:00:00,T02,8.56,456.9,1.0
2026-04-05 16:00:00,T03,7.68,334.0,1.0
2026-04-05 16:00:00,T04,7.12,234.5,1.0
2026-04-05 16:00:00,T05,10.44,1122.3,1.0
2026-04-05 17:00:00,T01,8.77,538.0,1.0
2026-04-05 17:00:00,T02,8.68,529.8,1.0
2026-04-05 17:00:00,T03,9.72,868.1,1.0
2026-04-05 17:00:00,T04,7.2,178.1,1.0
2026-04-05 17:00:00,T05,5.29,79.2,1.0
2026-04-05 18:00:00,T01,4.2,0.0,1.0
2026-04-05 18:00:00,T02,6.27,105.2,1.0
2026-04-05 18:00:00,T03,9.21,612.4,1.0
2026-04-05 18:00:00,T04,7.73,278.5,1.0
2026-04-05 18:00:00,T05,9.0,620.0,1.0
2026-04-05 19:00:00,T01,9.07,631.6,1.0
2026-04-05 19:00:00,T02,9.86,833.4,1.0
2026-04-05 19:00:00,T03,7.64,257.6,1.0
2026-04-05 19:00:00,T04,4.96,0.0,1.0
2026-04-05 19:00:00,T05,7.96,307.5,1.0
2026-04-05 20:00:00,T01,4.62,0.0,1.0
2026-04-05 20:00:00,T02,6.23,61.9,1.0
2026-04-05 20:00:00,T03,5.52,27.0,1.0
2026-04-05 20:00:00,T04,7.34,193.7,1.0
2026-04-05 20:00:00,T05,10.47,1091.4,1.0
2026-04-05 21:00:00,T01,3.95,0.0,1.0
2026-04-05 21:00:00,T02,10.12,1029.5,1.0
2026-04-05 21:00:00,T03,4.78,13.4,1.0
2026-04-05 21:00:00,T04,9.13,648.8,1.0
2026-04-05 21:00:00,T05,3.61,0.0,1.0
2026-04-05 22:00:00,T01,8.36,420.7,1.0
2026-04-05 22:00:00,T02,5.23,40.3,1.0
2026-04-05 22:00:00,T03,4.61,9.9,1.0
2026-04-05 22:00:00,T04,6.57,120.4,1.0
2026-04-05 22:00:00,T05,8.01,315.5,1.0
2026-04-05 23:00:00,T01,5.28,34.5,1.0
2026-04-05 23:00:00,T02,6.61,110.4,1.0
2026-04-05 23:00:00,T03,4.67,87.7,1.0
2026-04-05 23:00:00,T04,5.34,36.6,1.0
2026-04-05 23:00:00,T05,3.29,45.7,1.0
2026-04-06 00:00:00,T01,4.23,0.0,1.0
2026-04-06 00:00:00,T02,2.84,0.0,1.0
2026-04-06 00:00:00,T03,6.12,56.3,1.0
2026-04-06 00:00:00,T04,7.28,228.8,1.0
2026-04-06 00:00:00,T05,6.28,96.4,1.0
2026-04-06 01:00:00,T01,7.19,222.4,1.0
2026-04-06 01:00:00,T02,5.74,56.8,1.0
2026-04-06 01:00:00,T03,7.82,312.9,1.0
2026-04-06 01:00:00,T04,3.97,0.0,1.0
2026-04-06 01:00:00,T05,4.05,26.5,1.0
2026-04-06 02:00:00,T01,3.15,0.0,1.0
2026-04-06 02:00:00,T02,6.08,98.6,1.0
2026-04-06 02:00:00,T03,6.49,132.5,1.0
2026-04-06 02:00:00,T04,4.75,46.9,1.0
2026-04-06 02:00:00,T05,6.19,82.1,1.0
2026-04-06 03:00:00,T01,4.98,11.1,1.0
2026-04-06 03:00:00,T02,3.96,0.0,1.0
2026-04-06 03:00:00,T03,5.85,63.5,1.0
2026-04-06 03:00:00,T04,8.44,432.6,1.0
2026-04-06 03:00:00,T05,4.1,0.0,1.0
2026-04-06 04:00:00,T01,6.02,60.9,1.0
2026-04-06 04:00:00,T02,10.82,1291.5,1.0
2026-04-06 04:00:00,T03,2.08,2.8,1.0
2026-04-06 04:00:00,T04,5.99,86.9,1.0
2026-04-06 04:00:00,T05,7.47,244.4,1.0
2026-04-06 05:00:00,T01,6.85,155.4,1.0
2026-04-06 05:00:00,T02,7.87,324.1,1.0
2026-04-06 05:00:00,T03,8.66,472.4,1.0
2026-04-06 05:00:00,T04,6.92,180.4,1.0
2026-04-06 05:00:00,T05,6.35,131.1,1.0
2026-04-06 06:00:00,T01,7.83,315.5,1.0
2026-04-06 06:00:00,T02,6.19,86.6,1.0
2026-04-06 06:00:00,T03,6.47,117.5,1.0
2026-04-06 06:00:00,T04,12.73,2000.0,1.0
2026-04-06 06:00:00,T05,10.41,1123.8,1.0
2026-04-06 07:00:00,T01,6.56,98.6,1.0
2026-04-06 07:00:00,T02,7.07,199.8,1.0
2026-04-06 07:00:00,T03,8.34,431.6,1.0
2026-04-06 07:00:00,T04,8.01,342.2,1.0
2026-04-06 07:00:00,T05,7.95,306.6,1.0
2026-04-06 08:00:00,T01,10.17,1028.3,1.0
2026-04-06 08:00:00,T02,10.73,1237.2,1.0
2026-04-06 08:00:00,T03,8.59,488.4,1.0
2026-04-06 08:00:00,T04,7.91,270.9,1.0
2026-04-06 08:00:00,T05,9.73,876.9,1.0
2026-04-06 09:00:00,T01,9.72,835.9,1.0
2026-04-06 09:00:00,T02,9.56,784.6,1.0
2026-04-06 09:00:00,T03,7.32,235.2,1.0
2026-04-06 09:00:00,T04,7.3,219.8,1.0
2026-04-06 09:00:00,T05,11.41,1622.3,1.0
2026-04-06 10:00:00,T01,5.13,0.0,1.0
2026-04-06 10:00:00,T02,5.89,93.5,1.0
2026-04-06 10:00:00,T03,9.42,760.0,1.0
2026-04-06 10:00:00,T04,8.45,449.0,1.0
2026-04-06 10:00:00,T05,5.78,47.6,1.0
2026-04-06 11:00:00,T01,4.95,0.0,1.0
2026-04-06 11:00:00,T02,8.44,454.3,1.0
2026-04-06 11:00:00,T03,5.83,85.7,1.0
2026-04-06 11:00:00,T04,4.35,0.0,1.0
2026-04-06 11:00:00,T05,8.25,327.3,1.0
2026-04-06 12:00:00,T01,8.54,466.8,1.0
2026-04-06 12:00:00,T02,9.91,909.8,1.0
2026-04-06 12:00:00,T03,8.13,371.3,1.0
2026-04-06 12:00:00,T04,7.5,253.2,1.0
2026-04-06 12:00:00,T05,7.0,192.1,1.0
2026-04-06 13:00:00,T01,8.91,560.7,1.0
2026-04-06 13:00:00,T02,6.76,144.0,1.0
2026-04-06 13:00:00,T03,11.23,1498.6,1.0
2026-04-06 13:00:00,T04,11.52,1690.4,1.0
2026-04-06 13:00:00,T05,9.37,712.8,1.0
2026-04-06 14:00:00,T01,9.27,674.5,1.0
2026-04-06 14:00:00,T02,9.63,777.5,1.0
2026-04-06 14:00:00,T03,7.42,221.4,1.0
2026-04-06 14:00:00,T04,10.53,1138.8,1.0
2026-04-06 14:00:00,T05,8.21,391.5,1.0
2026-04-06 15:00:00,T01,8.59,478.1,1.0
2026-04-06 15:00:00,T02,4.22,3.2,1.0
2026-04-06 15:00:00,T03,9.59,780.2,1.0
2026-04-06 15:00:00,T04,10.79,1313.6,1.0
2026-04-06 15:00:00,T05,10.43,1115.5,1.0
2026-04-06 16:00:00,T01,8.57,480.0,1.0
2026-04-06 16:00:00,T02,7.45,273.2,1.0
2026-04-06 16:00:00,T03,8.68,508.9,1.0
2026-04-06 16:00:00,T04,7.17,185.0,1.0
2026-04-06 16:00:00,T05,7.67,265.8,1.0
2026-04-06 17:00:00,T01,8.81,563.0,1.0
2026-04-06 17:00:00,T02,10.26,1047.9,1.0
2026-04-06 17:00:00,T03,6.76,133.5,1.0
2026-04-06 17:00:00,T04,10.88,1331.7,1.0
2026-04-06 17:00:00,T05,6.04,67.8,1.0
2026-04-06 18:00:00,T01,4.83,0.0,1.0
2026-04-06 18:00:00,T02,8.03,326.9,1.0
2026-04-06 18:00:00,T03,11.03,1399.0,1.0
2026-04-06 18:00:00,T04,8.06,344.1,1.0
2026-04-06 18:00:00,T05,7.78,312.0,1.0
2026-04-06 19:00:00,T01,4.23,0.0,1.0
2026-04-06 19:00:00,T02,7.44,228.0,1.0
2026-04-06 19:00:00,T03,5.96,41.3,1.0
2026-04-06 19:00:00,T04,12.02,2000.0,1.0
2026-04-06 19:00:00,T05,11.8,1887.6,1.0
2026-04-06 20:00:00,T01,4.17,0.0,1.0
2026-04-06 20:00:00,T02,8.29,412.2,1.0
2026-04-06 20:00:00,T03,7.73,248.4,1.0
2026-04-06 20:00:00,T04,2.89,0.0,1.0
2026-04-06 20:00:00,T05,8.0,337.0,1.0
2026-04-06 21:00:00,T01,6.0,81.6,1.0
2026-04-06 21:00:00,T02,3.74,0.0,1.0
2026-04-06 21:00:00,T03,9.97,924.2,1.0
2026-04-06 21:00:00,T04,7.8,304.8,1.0
2026-04-06 21:00:00,T05,5.27,56.0,1.0
2026-04-06 22:00:00,T01,8.49,485.1,1.0
2026-04-06 22:00:00,T02,6.92,177.4,1.0
2026-04-06 22:00:00,T03,2.9,0.0,1.0
2026-04-06 22:00:00,T04,8.08,349.5,1.0
2026-04-06 22:00:00,T05,10.33,1078.8,1.0
2026-04-06 23:00:00,T01,6.85,146.4,1.0
2026-04-06 23:00:00,T02,7.87,330.6,1.0
2026-04-06 23:00:00,T03,5.69,28.2,1.0
2026-04-06 23:00:00,T04,3.48,11.9,1.0
2026-04-06 23:00:00,T05,2.57,0.0,1.0
2026-04-07 00:00:00,T01,2.73,0.0,1.0
2026-04-07 00:00:00,T02,4.73,36.5,1.0
2026-04-07 00:00:00,T03,6.77,137.1,1.0
2026-04-07 00:00:00,T04,7.19,236.0,1.0
2026-04-07 00:00:00,T05,7.32,226.6,1.0
2026-04-07 01:00:00,T01,3.17,0.0,1.0
2026-04-07 01:00:00,T02,8.51,493.4,1.0
2026-04-07 01:00:00,T03,4.91,0.0,1.0
2026-04-07 01:00:00,T04,7.62,287.3,1.0
2026-04-07 01:00:00,T05,6.69,104.0,1.0
2026-04-07 02:00:00,T01,5.19,8.0,1.0
2026-04-07 02:00:00,T02,6.89,186.0,1.0
2026-04-07 02:00:00,T03,9.12,638.1,1.0
2026-04-07 02:00:00,T04,7.75,310.4,1.0
2026-04-07 02:00:00,T05,9.07,618.0,1.0
2026-04-07 03:00:00,T01,6.21,76.4,1.0
2026-04-07 03:00:00,T02,4.3,0.0,1.0
2026-04-07 03:00:00,T03,7.88,336.7,1.0
2026-04-07 03:00:00,T04,9.56,790.2,1.0
2026-04-07 03:00:00,T05,9.45,698.8,1.0
2026-04-07 04:00:00,T01,5.1,15.3,1.0
2026-04-07 04:00:00,T02,8.47,425.9,1.0
2026-04-07 04:00:00,T03,6.53,107.4,1.0
2026-04-07 04:00:00,T04,5.69,18.7,1.0
2026-04-07 04:00:00,T05,7.17,172.9,1.0
2026-04-07 05:00:00,T01,7.86,315.0,1.0
2026-04-07 05:00:00,T02,5.63,47.8,1.0
2026-04-07 05:00:00,T03,9.68,808.6,1.0
2026-04-07 05:00:00,T04,10.32,1052.1,1.0
2026-04-07 05:00:00,T05,7.84,260.2,1.0
2026-04-07 06:00:00,T01,6.0,66.1,1.0
2026-04-07 06:00:00,T02,5.95,59.3,1.0
2026-04-07 06:00:00,T03,5.41,51.6,1.0
2026-04-07 06:00:00,T04,6.31,94.0,1.0
2026-04-07 06:00:00,T05,9.11,622.8,1.0
2026-04-07 07:00:00,T01,9.32,718.3,1.0
2026-04-07 07:00:00,T02,5.74,27.7,1.0
2026-04-07 07:00:00,T03,5.37,18.5,1.0
2026-04-07 07:00:00,T04,8.07,340.0,1.0
2026-04-07 07:00:00,T05,7.51,292.2,1.0
2026-04-07 08:00:00,T01,6.77,130.5,1.0
2026-04-07 08:00:00,T02,7.83,297.8,1.0
2026-04-07 08:00:00,T03,4.8,0.0,1.0
2026-04-07 08:00:00,T04,6.34,75.5,1.0
2026-04-07 08:00:00,T05,7.32,217.7,1.0
2026-04-07 09:00:00,T01,6.69,116.3,1.0
2026-04-07 09:00:00,T02,4.06,0.0,1.0
2026-04-07 09:00:00,T03,8.97,613.6,1.0
2026-04-07 09:00:00,T04,7.59,217.7,1.0
2026-04-07 09:00:00,T05,10.15,1017.9,1.0
2026-04-07 10:00:00,T01,9.96,936.7,1.0
2026-04-07 10:00:00,T02,9.89,878.7,1.0
2026-04-07 10:00:00,T03,6.57,147.4,1.0
2026-04-07 10:00:00,T04,7.71,253.2,1.0
2026-04-07 10:00:00,T05,9.41,781.5,1.0
2026-04-07 11:00:00,T01,5.91,29.4,1.0
2026-04-07 11:00:00,T02,11.99,1987.5,1.0
2026-04-07 11:00:00,T03,13.14,2000.0,1.0
2026-04-07 11:00:00,T04,6.51,111.9,1.0
2026-04-07 11:00:00,T05,6.46,123.9,1.0
2026-04-07 12:00:00,T01,10.4,1120.3,1.0
2026-04-07 12:00:00,T02,9.33,724.3,1.0
2026-04-07 12:00:00,T03,7.14,217.6,1.0
2026-04-07 12:00:00,T04,7.64,272.5,1.0
2026-04-07 12:00:00,T05,8.16,358.2,1.0
2026-04-07 13:00:00,T01,8.27,404.0,1.0
2026-04-07 13:00:00,T02,5.26,36.6,1.0
2026-04-07 13:00:00,T03,5.12,0.0,1.0
2026-04-07 13:00:00,T04,8.31,390.0,1.0
2026-04-07 13:00:00,T05,9.61,778.3,1.0
2026-04-07 14:00:00,T01,8.9,558.4,1.0
2026-04-07 14:00:00,T02,7.33,285.1,1.0
2026-04-07 14:00:00,T03,5.8,94.0,1.0
2026-04-07 14:00:00,T04,7.34,226.1,1.0
2026-04-07 14:00:00,T05,8.08,359.6,1.0
2026-04-07 15:00:00,T01,11.9,1973.1,1.0
2026-04-07 15:00:00,T02,8.11,370.2,1.0
2026-04-07 15:00:00,T03,10.77,1298.5,1.0
2026-04-07 15:00:00,T04,11.23,1520.3,1.0
2026-04-07 15:00:00,T05,9.63,784.7,1.0
2026-04-07 16:00:00,T01,6.74,128.5,1.0
2026-04-07 16:00:00,T02,9.22,652.9,1.0
2026-04-07 16:00:00,T03,7.79,327.1,1.0
2026-04-07 16:00:00,T04,7.71,314.2,1.0
2026-04-07 16:00:00,T05,10.31,1058.6,1.0
2026-04-07 17:00:00,T01,11.3,1620.6,1.0
2026-04-07 17:00:00,T02,7.93,329.8,1.0
2026-04-07 17:00:00,T03,9.29,693.5,1.0
2026-04-07 17:00:00,T04,6.59,122.8,1.0
2026-04-07 17:00:00,T05,6.68,161.7,1.0
2026-04-07 18:00:00,T01,7.14,189.4,1.0
2026-04-07 18:00:00,T02,9.23,669.4,1.0
2026-04-07 18:00:00,T03,4.29,7.2,1.0
2026-04-07 18:00:00,T04,8.09,378.6,1.0
2026-04-07 18:00:00,T05,8.59,504.5,1.0
2026-04-07 19:00:00,T01,4.55,0.0,1.0
2026-04-07 19:00:00,T02,5.97,82.9,1.0
2026-04-07 19:00:00,T03,11.02,1409.2,1.0
2026-04-07 19:00:00,T04,7.63,276.6,1.0
2026-04-07 19:00:00,T05,11.03,1379.3,1.0
2026-04-07 20:00:00,T01,7.67,280.4,1.0
2026-04-07 20:00:00,T02,5.56,98.0,1.0
2026-04-07 20:00:00,T03,4.37,16.3,1.0
2026-04-07 20:00:00,T04,3.22,0.0,1.0
2026-04-07 20:00:00,T05,3.93,0.0,1.0
2026-04-07 21:00:00,T01,4.17,0.0,1.0
2026-04-07 21:00:00,T02,6.39,86.1,1.0
2026-04-07 21:00:00,T03,6.05,70.1,1.0
2026-04-07 21:00:00,T04,5.64,48.2,1.0
2026-04-07 21:00:00,T05,4.92,7.8,1.0
2026-04-07 22:00:00,T01,5.28,13.6,1.0
2026-04-07 22:00:00,T02,8.52,484.0,1.0
2026-04-07 22:00:00,T03,5.18,50.3,1.0
2026-04-07 22:00:00,T04,8.59,449.3,1.0
2026-04-07 22:00:00,T05,4.47,23.6,1.0
2026-04-07 23:00:00,T01,7.19,211.5,1.0
2026-04-07 23:00:00,T02,5.46,46.2,1.0
2026-04-07 23:00:00,T03,8.75,481.6,1.0
2026-04-07 23:00:00,T04,3.47,0.0,1.0
2026-04-07 23:00:00,T05,4.62,40.2,1.0
2026-04-08 00:00:00,T01,7.77,312.4,1.0
2026-04-08 00:00:00,T02,6.56,84.9,1.0
2026-04-08 00:00:00,T03,3.32,0.0,1.0
2026-04-08 00:00:00,T04,3.98,0.0,1.0
2026-04-08 00:00:00,T05,7.57,328.7,1.0
2026-04-08 01:00:00,T01,5.21,14.0,1.0
2026-04-08 01:00:00,T02,5.87,83.9,1.0
2026-04-08 01:00:00,T03,4.75,65.9,1.0
2026-04-08 01:00:00,T04,2.29,9.5,1.0
2026-04-08 01:00:00,T05,6.78,136.8,1.0
2026-04-08 02:00:00,T01,8.26,423.2,1.0
2026-04-08 02:00:00,T02,7.64,305.8,1.0
2026-04-08 02:00:00,T03,5.44,24.1,1.0
2026-04-08 02:00:00,T04,7.99,307.3,1.0
2026-04-08 02:00:00,T05,6.56,113.8,1.0
2026-04-08 03:00:00,T01,8.55,499.2,1.0
2026-04-08 03:00:00,T02,3.87,0.0,1.0
2026-04-08 03:00:00,T03,6.21,84.4,1.0
2026-04-08 03:00:00,T04,2.97,0.4,1.0
2026-04-08 03:00:00,T05,6.37,119.6,1.0
2026-04-08 04:00:00,T01,10.0,976.0,1.0
2026-04-08 04:00:00,T02,8.06,354.2,1.0
2026-04-08 04:00:00,T03,6.47,92.9,1.0
2026-04-08 04:00:00,T04,7.39,246.4,1.0
2026-04-08 04:00:00,T05,6.06,61.6,1.0
2026-04-08 05:00:00,T01,8.72,525.8,1.0
2026-04-08 05:00:00,T02,9.69,780.0,1.0
2026-04-08 05:00:00,T03,9.32,700.1,1.0
2026-04-08 05:00:00,T04,11.58,1758.1,1.0
2026-04-08 05:00:00,T05,8.29,402.0,1.0
2026-04-08 06:00:00,T01,9.83,908.2,1.0
2026-04-08 06:00:00,T02,6.99,142.8,1.0
2026-04-08 06:00:00,T03,9.19,633.8,1.0
2026-04-08 06:00:00,T04,7.34,204.7,1.0
2026-04-08 06:00:00,T05,8.9,554.3,1.0
2026-04-08 07:00:00,T01,5.42,0.0,1.0
2026-04-08 07:00:00,T02,4.02,29.1,1.0
2026-04-08 07:00:00,T03,6.48,111.0,1.0
2026-04-08 07:00:00,T04,9.57,778.9,1.0
2026-04-08 07:00:00,T05,7.06,117.5,1.0
2026-04-08 08:00:00,T01,7.31,211.6,1.0
2026-04-08 08:00:00,T02,7.88,306.4,1.0
2026-04-08 08:00:00,T03,7.98,360.0,1.0
2026-04-08 08:00:00,T04,8.53,469.5,1.0
2026-04-08 08:00:00,T05,9.76,849.5,1.0
2026-04-08 09:00:00,T01,6.09,59.1,1.0
2026-04-08 09:00:00,T02,10.38,1073.7,1.0
2026-04-08 09:00:00,T03,8.45,427.4,1.0
2026-04-08 09:00:00,T04,6.23,130.8,1.0
2026-04-08 09:00:00,T05,6.81,147.2,1.0
2026-04-08 10:00:00,T01,9.09,621.8,1.0
2026-04-08 10:00:00,T02,9.1,629.4,1.0
2026-04-08 10:00:00,T03,9.59,803.5,1.0
2026-04-08 10:00:00,T04,6.24,56.6,1.0
2026-04-08 10:00:00,T05,10.39,1139.8,1.0
2026-04-08 11:00:00,T01,7.14,180.0,1.0
2026-04-08 11:00:00,T02,6.34,89.4,1.0
2026-04-08 11:00:00,T03,10.66,1251.2,1.0
2026-04-08 11:00:00,T04,8.39,406.4,1.0
2026-04-08 11:00:00,T05,6.11,82.9,1.0
2026-04-08 12:00:00,T01,9.78,851.3,1.0
2026-04-08 12:00:00,T02,12.19,1988.2,1.0
2026-04-08 12:00:00,T03,10.03,979.4,1.0
2026-04-08 12:00:00,T04,11.95,2000.0,1.0
2026-04-08 12:00:00,T05,7.79,269.8,1.0
2026-04-08 13:00:00,T01,13.93,2000.0,1.0
2026-04-08 13:00:00,T02,12.0,2000.0,1.0
2026-04-08 13:00:00,T03,9.09,624.0,1.0
2026-04-08 13:00:00,T04,12.62,1993.2,1.0
2026-04-08 13:00:00,T05,7.88,313.0,1.0
2026-04-08 14:00:00,T01,8.06,351.8,1.0
2026-04-08 14:00:00,T02,9.19,623.1,1.0
2026-04-08 14:00:00,T03,10.54,1255.7,1.0
2026-04-08 14:00:00,T04,9.15,591.3,1.0
2026-04-08 14:00:00,T05,7.5,198.3,1.0
2026-04-08 15:00:00,T01,8.81,547.2,1.0
2026-04-08 15:00:00,T02,14.56,1977.4,1.0
2026-04-08 15:00:00,T03,7.56,286.2,1.0
2026-04-08 15:00:00,T04,9.65,793.2,1.0
2026-04-08 15:00:00,T05,8.1,333.8,1.0
2026-04-08 16:00:00,T01,7.18,194.0,1.0
2026-04-08 16:00:00,T02,7.79,304.9,1.0
2026-04-08 16:00:00,T03,8.23,401.0,1.0
2026-04-08 16:00:00,T04,11.31,1504.2,1.0
2026-04-08 16:00:00,T05,9.67,831.7,1.0
2026-04-08 17:00:00,T01,9.44,734.8,1.0
2026-04-08 17:00:00,T02,5.07,48.4,1.0
2026-04-08 17:00:00,T03,7.8,282.0,1.0
2026-04-08 17:00:00,T04,4.39,13.3,1.0
2026-04-08 17:00:00,T05,8.74,512.8,1.0
2026-04-08 18:00:00,T01,6.98,173.0,1.0
2026-04-08 18:00:00,T02,6.61,160.4,1.0
2026-04-08 18:00:00,T03,3.76,0.0,1.0
2026-04-08 18:00:00,T04,9.05,628.6,1.0
2026-04-08 18:00:00,T05,7.33,246.3,1.0
2026-04-08 19:00:00,T01,8.08,370.6,1.0
2026-04-08 19:00:00,T02,7.99,324.0,1.0
2026-04-08 19:00:00,T03,5.46,76.4,1.0
2026-04-08 19:00:00,T04,6.12,60.6,1.0
2026-04-08 19:00:00,T05,8.71,460.5,1.0
2026-04-08 20:00:00,T01,9.17,672.5,1.0
2026-04-08 20:00:00,T02,3.83,25.0,1.0
2026-04-08 20:00:00,T03,6.47,157.7,1.0
2026-04-08 20:00:00,T04,4.93,8.1,1.0
2026-04-08 20:00:00,T05,10.29,1058.5,1.0
2026-04-08 21:00:00,T01,10.11,1026.6,1.0
2026-04-08 21:00:00,T02,7.65,256.9,1.0
2026-04-08 21:00:00,T03,6.67,173.0,1.0
2026-04-08 21:00:00,T04,7.16,220.2,1.0
2026-04-08 21:00:00,T05,7.73,278.0,1.0
2026-04-08 22:00:00,T01,5.44,47.5,1.0
2026-04-08 22:00:00,T02,7.39,277.8,1.0
2026-04-08 22:00:00,T03,4.76,34.6,1.0
2026-04-08 22:00:00,T04,12.22,1956.2,1.0
2026-04-08 22:00:00,T05,7.04,205.4,1.0
2026-04-08 23:00:00,T01,8.45,458.8,1.0
2026-04-08 23:00:00,T02,2.37,0.0,1.0
2026-04-08 23:00:00,T03,6.88,129.0,1.0
2026-04-08 23:00:00,T04,6.4,74.3,1.0
2026-04-08 23:00:00,T05,8.35,437.8,1.0
2026-04-09 00:00:00,T01,3.29,0.0,1.0
2026-04-09 00:00:00,T02,5.21,62.8,1.0
2026-04-09 00:00:00,T03,8.59,490.3,1.0
2026-04-09 00:00:00,T04,6.86,152.7,1.0
2026-04-09 00:00:00,T05,2.91,16.1,1.0
2026-04-09 01:00:00,T01,5.58,45.1,1.0
2026-04-09 01:00:00,T02,4.21,0.0,1.0
2026-04-09 01:00:00,T03,9.32,660.8,1.0
2026-04-09 01:00:00,T04,3.47,0.0,1.0
2026-04-09 01:00:00,T05,6.4,146.1,1.0
2026-04-09 02:00:00,T01,7.42,261.0,1.0
2026-04-09 02:00:00,T02,4.16,54.6,1.0
2026-04-09 02:00:00,T03,7.76,259.6,1.0
2026-04-09 02:00:00,T04,7.53,247.2,1.0
2026-04-09 02:00:00,T05,7.4,224.0,1.0
2026-04-09 03:00:00,T01,7.57,282.9,1.0
2026-04-09 03:00:00,T02,7.44,254.6,1.0
2026-04-09 03:00:00,T03,3.86,7.7,1.0
2026-04-09 03:00:00,T04,6.14,53.3,1.0
2026-04-09 03:00:00,T05,5.69,86.6,1.0
2026-04-09 04:00:00,T01,6.43,115.7,1.0
2026-04-09 04:00:00,T02,7.13,167.3,1.0
2026-04-09 04:00:00,T03,7.56,273.6,1.0
2026-04-09 04:00:00,T04,7.22,212.0,1.0
2026-04-09 04:00:00,T05,6.67,110.0,1.0
2026-04-09 05:00:00,T01,9.36,728.1,1.0
2026-04-09 05:00:00,T02,7.11,177.7,1.0
2026-04-09 05:00:00,T03,9.05,629.0,1.0
2026-04-09 05:00:00,T04,6.45,108.7,1.0
2026-04-09 05:00:00,T05,7.74,265.5,1.0
2026-04-09 06:00:00,T01,12.34,2000.0,1.0
2026-04-09 06:00:00,T02,8.36,441.5,1.0
2026-04-09 06:00:00,T03,9.83,885.9,1.0
2026-04-09 06:00:00,T04,6.05,91.7,1.0
2026-04-09 06:00:00,T05,7.19,220.9,1.0
2026-04-09 07:00:00,T01,9.8,891.8,1.0
2026-04-09 07:00:00,T02,6.64,158.5,1.0
2026-04-09 07:00:00,T03,7.64,287.9,1.0
2026-04-09 07:00:00,T04,6.62,135.1,1.0
2026-04-09 07:00:00,T05,10.28,1020.6,1.0
2026-04-09 08:00:00,T01,8.96,588.2,1.0
2026-04-09 08:00:00,T02,7.23,205.3,1.0
2026-04-09 08:00:00,T03,9.75,818.0,1.0
2026-04-09 08:00:00,T04,6.47,120.1,1.0
2026-04-09 08:00:00,T05,12.19,2000.0,1.0
2026-04-09 09:00:00,T01,8.83,533.6,1.0
2026-04-09 09:00:00,T02,8.67,501.1,1.0
2026-04-09 09:00:00,T03,8.43,436.4,1.0
2026-04-09 09:00:00,T04,7.67,243.4,1.0
2026-04-09 09:00:00,T05,5.43,41.9,1.0
2026-04-09 10:00:00,T01,10.04,966.3,1.0
2026-04-09 10:00:00,T02,9.19,670.5,1.0
2026-04-09 10:00:00,T03,8.13,333.5,1.0
2026-04-09 10:00:00,T04,7.64,286.3,1.0
2026-04-09 10:00:00,T05,8.13,397.0,1.0
2026-04-09 11:00:00,T01,3.91,0.0,1.0
2026-04-09 11:00:00,T02,9.7,829.2,1.0
2026-04-09 11:00:00,T03,11.23,1479.5,1.0
2026-04-09 11:00:00,T04,10.48,1141.9,1.0
2026-04-09 11:00:00,T05,9.91,905.0,1.0
2026-04-09 12:00:00,T01,10.95,1387.2,1.0
2026-04-09 12:00:00,T02,9.29,651.5,1.0
2026-04-09 12:00:00,T03,9.38,732.3,1.0
2026-04-09 12:00:00,T04,10.5,1151.8,1.0
2026-04-09 12:00:00,T05,9.57,779.9,1.0
2026-04-09 13:00:00,T01,3.77,0.0,1.0
2026-04-09 13:00:00,T02,8.28,383.4,1.0
2026-04-09 13:00:00,T03,7.41,215.9,1.0
2026-04-09 13:00:00,T04,12.16,2000.0,1.0
2026-04-09 13:00:00,T05,10.17,1023.5,1.0
2026-04-09 14:00:00,T01,4.84,0.0,1.0
2026-04-09 14:00:00,T02,7.82,312.9,1.0
2026-04-09 14:00:00,T03,8.34,439.1,1.0
2026-04-09 14:00:00,T04,13.53,1982.0,1.0
2026-04-09 14:00:00,T05,5.62,32.6,1.0
2026-04-09 15:00:00,T01,9.65,817.0,1.0
2026-04-09 15:00:00,T02,7.44,271.3,1.0
2026-04-09 15:00:00,T03,10.29,1088.9,1.0
2026-04-09 15:00:00,T04,8.01,378.9,1.0
2026-04-09 15:00:00,T05,9.85,863.8,1.0
2026-04-09 16:00:00,T01,7.96,345.7,1.0
2026-04-09 16:00:00,T02,8.15,414.4,1.0
2026-04-09 16:00:00,T03,6.97,155.7,1.0
2026-04-09 16:00:00,T04,6.42,145.4,1.0
2026-04-09 16:00:00,T05,10.4,1125.1,1.0
2026-04-09 17:00:00,T01,4.75,0.0,1.0
2026-04-09 17:00:00,T02,9.01,614.9,1.0
2026-04-09 17:00:00,T03,7.33,237.1,1.0
2026-04-09 17:00:00,T04,8.57,492.2,1.0
2026-04-09 17:00:00,T05,7.59,265.3,1.0
2026-04-09 18:00:00,T01,7.02,160.5,1.0
2026-04-09 18:00:00,T02,6.13,91.2,1.0
2026-04-09 18:00:00,T03,8.18,364.9,1.0
2026-04-09 18:00:00,T04,6.7,114.3,1.0
2026-04-09 18:00:00,T05,6.39,97.0,1.0
2026-04-09 19:00:00,T01,9.12,663.2,1.0
2026-04-09 19:00:00,T02,6.48,134.3,1.0
2026-04-09 19:00:00,T03,7.9,277.5,1.0
2026-04-09 19:00:00,T04,8.22,335.4,1.0
2026-04-09 19:00:00,T05,8.9,560.1,1.0
2026-04-09 20:00:00,T01,5.61,36.5,1.0
2026-04-09 20:00:00,T02,4.91,2.6,1.0
2026-04-09 20:00:00,T03,6.53,123.3,1.0
2026-04-09 20:00:00,T04,7.42,263.5,1.0
2026-04-09 20:00:00,T05,6.18,128.1,1.0
2026-04-09 21:00:00,T01,10.06,1019.8,1.0
2026-04-09 21:00:00,T02,6.81,147.7,1.0
2026-04-09 21:00:00,T03,7.04,169.0,1.0
2026-04-09 21:00:00,T04,5.39,40.1,1.0
2026-04-09 21:00:00,T05,6.73,131.2,1.0
2026-04-09 22:00:00,T01,7.25,210.0,1.0
2026-04-09 22:00:00,T02,7.24,187.9,1.0
2026-04-09 22:00:00,T03,8.46,435.4,1.0
2026-04-09 22:00:00,T04,6.42,90.8,1.0
2026-04-09 22:00:00,T05,7.45,230.6,1.0
2026-04-09 23:00:00,T01,7.4,243.5,1.0
2026-04-09 23:00:00,T02,5.84,31.4,1.0
2026-04-09 23:00:00,T03,4.92,68.8,1.0
2026-04-09 23:00:00,T04,5.32,63.8,1.0
2026-04-09 23:00:00,T05,4.82,0.0,1.0
2026-04-10 00:00:00,T01,10.1,1021.9,1.0
2026-04-10 00:00:00,T02,9.22,667.5,1.0
2026-04-10 00:00:00,T03,4.01,0.0,1.0
2026-04-10 00:00:00,T04,1.32,0.0,1.0
2026-04-10 00:00:00,T05,5.31,32.9,1.0
2026-04-10 01:00:00,T01,6.0,77.5,1.0
2026-04-10 01:00:00,T02,2.46,4.6,1.0
2026-04-10 01:00:00,T03,2.74,9.6,1.0
2026-04-10 01:00:00,T04,6.67,124.8,1.0
2026-04-10 01:00:00,T05,7.32,238.4,1.0
2026-04-10 02:00:00,T01,3.19,0.0,1.0
2026-04-10 02:00:00,T02,4.34,23.7,1.0
2026-04-10 02:00:00,T03,7.17,173.8,1.0
2026-04-10 02:00:00,T04,4.5,22.4,1.0
2026-04-10 02:00:00,T05,6.85,177.1,1.0
2026-04-10 03:00:00,T01,5.84,60.3,1.0
2026-04-10 03:00:00,T02,8.13,384.0,1.0
2026-04-10 03:00:00,T03,6.54,143.9,1.0
2026-04-10 03:00:00,T04,7.73,261.9,1.0
2026-04-10 03:00:00,T05,4.0,5.4,1.0
2026-04-10 04:00:00,T01,6.22,90.9,1.0
2026-04-10 04:00:00,T02,4.52,15.7,1.0
2026-04-10 04:00:00,T03,5.23,38.1,1.0
2026-04-10 04:00:00,T04,6.15,82.6,1.0
2026-04-10 04:00:00,T05,7.98,362.0,1.0
2026-04-10 05:00:00,T01,3.46,0.0,1.0
2026-04-10 05:00:00,T02,7.14,208.6,1.0
2026-04-10 05:00:00,T03,3.43,9.7,1.0
2026-04-10 05:00:00,T04,5.86,91.4,1.0
2026-04-10 05:00:00,T05,8.15,393.5,1.0
2026-04-10 06:00:00,T01,6.63,124.5,1.0
2026-04-10 06:00:00,T02,8.07,355.8,1.0
2026-04-10 06:00:00,T03,6.14,61.0,1.0
2026-04-10 06:00:00,T04,9.33,699.8,1.0
2026-04-10 06:00:00,T05,8.51,486.3,1.0
2026-04-10 07:00:00,T01,8.13,351.8,1.0
2026-04-10 07:00:00,T02,7.52,263.2,1.0
2026-04-10 07:00:00,T03,6.07,60.2,1.0
2026-04-10 07:00:00,T04,13.66,2000.0,1.0
2026-04-10 07:00:00,T05,8.71,536.6,1.0
2026-04-10 08:00:00,T01,9.15,662.1,1.0
2026-04-10 08:00:00,T02,9.11,606.5,1.0
2026-04-10 08:00:00,T03,7.5,273.8,1.0
2026-04-10 08:00:00,T04,4.69,41.7,1.0
2026-04-10 08:00:00,T05,6.28,135.9,1.0
2026-04-10 09:00:00,T01,8.76,524.0,1.0
2026-04-10 09:00:00,T02,9.94,924.8,1.0
2026-04-10 09:00:00,T03,7.41,278.8,1.0
2026-04-10 09:00:00,T04,9.33,694.8,1.0
2026-04-10 09:00:00,T05,8.19,378.5,1.0
2026-04-10 10:00:00,T01,11.21,1509.3,1.0
2026-04-10 10:00:00,T02,10.06,982.0,1.0
2026-04-10 10:00:00,T03,8.54,479.1,1.0
2026-04-10 10:00:00,T04,9.73,777.2,1.0
2026-04-10 10:00:00,T05,7.42,203.3,1.0
2026-04-10 11:00:00,T01,8.62,484.6,1.0
2026-04-10 11:00:00,T02,6.88,143.1,1.0
2026-04-10 11:00:00,T03,11.31,1549.2,1.0
2026-04-10 11:00:00,T04,6.95,141.2,1.0
2026-04-10 11:00:00,T05,9.9,917.1,1.0
2026-04-10 12:00:00,T01,8.45,448.7,1.0
2026-04-10 12:00:00,T02,6.78,149.7,1.0
2026-04-10 12:00:00,T03,8.9,571.8,1.0
2026-04-10 12:00:00,T04,6.52,139.2,1.0
2026-04-10 12:00:00,T05,9.07,634.0,1.0
2026-04-10 13:00:00,T01,10.44,1145.1,1.0
2026-04-10 13:00:00,T02,8.54,451.6,1.0
2026-04-10 13:00:00,T03,8.77,588.5,1.0
2026-04-10 13:00:00,T04,7.24,170.9,1.0
2026-04-10 13:00:00,T05,10.7,1293.0,1.0
2026-04-10 14:00:00,T01,6.89,136.0,1.0
2026-04-10 14:00:00,T02,6.43,98.0,1.0
2026-04-10 14:00:00,T03,7.42,239.0,1.0
2026-04-10 14:00:00,T04,8.61,475.7,1.0
2026-04-10 14:00:00,T05,7.8,335.0,1.0
2026-04-10 15:00:00,T01,7.33,196.7,1.0
2026-04-10 15:00:00,T02,11.89,1901.6,1.0
2026-04-10 15:00:00,T03,7.66,313.8,1.0
2026-04-10 15:00:00,T04,10.39,1117.7,1.0
2026-04-10 15:00:00,T05,12.23,2000.0,1.0
2026-04-10 16:00:00,T01,11.58,1761.2,1.0
2026-04-10 16:00:00,T02,8.09,393.5,1.0
2026-04-10 16:00:00,T03,8.18,362.4,1.0
2026-04-10 16:00:00,T04,8.85,587.0,1.0
2026-04-10 16:00:00,T05,7.44,254.8,1.0
2026-04-10 17:00:00,T01,8.28,393.5,1.0
2026-04-10 17:00:00,T02,8.21,414.4,1.0
2026-04-10 17:00:00,T03,8.74,518.9,1.0
2026-04-10 17:00:00,T04,5.79,45.0,1.0
2026-04-10 17:00:00,T05,8.1,370.7,1.0
2026-04-10 18:00:00,T01,4.44,0.0,1.0
2026-04-10 18:00:00,T02,6.26,108.2,1.0
2026-04-10 18:00:00,T03,7.87,332.7,1.0
2026-04-10 18:00:00,T04,5.74,40.2,1.0
2026-04-10 18:00:00,T05,7.28,180.4,1.0
2026-04-10 19:00:00,T01,7.14,205.9,1.0
2026-04-10 19:00:00,T02,7.04,230.4,1.0
2026-04-10 19:00:00,T03,6.55,132.6,1.0
2026-04-10 19:00:00,T04,4.3,4.7,1.0
2026-04-10 19:00:00,T05,10.77,1296.7,1.0
2026-04-10 20:00:00,T01,8.35,431.1,1.0
2026-04-10 20:00:00,T02,5.15,22.4,1.0
2026-04-10 20:00:00,T03,7.31,199.8,1.0
2026-04-10 20:00:00,T04,4.78,24.1,1.0
2026-04-10 20:00:00,T05,7.63,258.7,1.0
2026-04-10 21:00:00,T01,3.97,0.0,1.0
2026-04-10 21:00:00,T02,8.97,658.4,1.0
2026-04-10 21:00:00,T03,6.49,96.7,1.0
2026-04-10 21:00:00,T04,5.7,50.3,1.0
2026-04-10 21:00:00,T05,4.91,24.3,1.0
2026-04-10 22:00:00,T01,7.17,204.9,1.0
2026-04-10 22:00:00,T02,6.39,100.8,1.0
2026-04-10 22:00:00,T03,5.31,58.5,1.0
2026-04-10 22:00:00,T04,5.93,95.1,1.0
2026-04-10 22:00:00,T05,7.92,328.1,1.0
2026-04-10 23:00:00,T01,9.18,664.9,1.0
2026-04-10 23:00:00,T02,3.09,6.4,1.0
2026-04-10 23:00:00,T03,5.79,89.4,1.0
2026-04-10 23:00:00,T04,4.49,0.0,1.0
2026-04-10 23:00:00,T05,7.03,191.3,1.0
2026-04-11 00:00:00,T01,6.44,121.1,1.0
2026-04-11 00:00:00,T02,4.33,0.0,1.0
2026-04-11 00:00:00,T03,5.56,83.9,1.0
2026-04-11 00:00:00,T04,4.66,15.6,1.0
2026-04-11 00:00:00,T05,5.74,53.8,1.0
2026-04-11 01:00:00,T01,6.71,156.3,1.0
2026-04-11 01:00:00,T02,5.93,78.2,1.0
2026-04-11 01:00:00,T03,3.27,45.2,1.0
2026-04-11 01:00:00,T04,5.88,76.8,1.0
2026-04-11 01:00:00,T05,3.2,23.4,1.0
2026-04-11 02:00:00,T01,3.28,0.0,1.0
2026-04-11 02:00:00,T02,6.83,174.5,1.0
2026-04-11 02:00:00,T03,7.96,337.7,1.0
2026-04-11 02:00:00,T04,6.24,83.0,1.0
2026-04-11 02:00:00,T05,7.86,247.7,1.0
2026-04-11 03:00:00,T01,7.1,196.7,1.0
2026-04-11 03:00:00,T02,8.7,504.0,1.0
2026-04-11 03:00:00,T03,6.5,109.6,1.0
2026-04-11 03:00:00,T04,8.3,428.5,1.0
2026-04-11 03:00:00,T05,5.34,39.8,1.0
2026-04-11 04:00:00,T01,5.96,63.9,1.0
2026-04-11 04:00:00,T02,5.99,117.5,1.0
2026-04-11 04:00:00,T03,6.96,203.9,1.0
2026-04-11 04:00:00,T04,8.28,406.9,1.0
2026-04-11 04:00:00,T05,4.86,47.7,1.0
2026-04-11 05:00:00,T01,7.26,200.4,1.0
2026-04-11 05:00:00,T02,6.09,86.8,1.0
2026-04-11 05:00:00,T03,7.63,289.8,1.0
2026-04-11 05:00:00,T04,5.11,45.4,1.0
2026-04-11 05:00:00,T05,6.48,162.6,1.0
2026-04-11 06:00:00,T01,9.77,872.3,1.0
2026-04-11 06:00:00,T02,6.56,130.2,1.0
2026-04-11 06:00:00,T03,5.35,11.2,1.0
2026-04-11 06:00:00,T04,7.25,215.7,1.0
2026-04-11 06:00:00,T05,8.14,390.9,1.0
2026-04-11 07:00:00,T01,9.59,820.8,1.0
2026-04-11 07:00:00,T02,9.11,602.8,1.0
2026-04-11 07:00:00,T03,6.23,66.2,1.0
2026-04-11 07:00:00,T04,8.16,385.7,1.0
2026-04-11 07:00:00,T05,7.09,229.6,1.0
2026-04-11 08:00:00,T01,10.89,1392.6,1.0
2026-04-11 08:00:00,T02,9.73,848.4,1.0
2026-04-11 08:00:00,T03,8.6,494.9,1.0
2026-04-11 08:00:00,T04,6.89,145.3,1.0
2026-04-11 08:00:00,T05,8.07,361.6,1.0
2026-04-11 09:00:00,T01,9.99,969.2,1.0
2026-04-11 09:00:00,T02,6.58,122.1,1.0
2026-04-11 09:00:00,T03,6.7,134.0,1.0
2026-04-11 09:00:00,T04,8.9,546.4,1.0
2026-04-11 09:00:00,T05,10.7,1253.5,1.0
2026-04-11 10:00:00,T01,7.68,278.3,1.0
2026-04-11 10:00:00,T02,8.38,412.5,1.0
2026-04-11 10:00:00,T03,11.11,1461.9,1.0
2026-04-11 10:00:00,T04,9.63,828.8,1.0
2026-04-11 10:00:00,T05,6.57,138.6,1.0
2026-04-11 11:00:00,T01,9.18,655.7,1.0
2026-04-11 11:00:00,T02,9.99,915.7,1.0
2026-04-11 11:00:00,T03,7.02,204.5,1.0
2026-04-11 11:00:00,T04,12.1,2000.0,1.0
2026-04-11 11:00:00,T05,7.36,226.8,1.0
2026-04-11 12:00:00,T01,9.42,745.1,1.0
2026-04-11 12:00:00,T02,10.0,1006.8,1.0
2026-04-11 12:00:00,T03,12.48,2000.0,1.0
2026-04-11 12:00:00,T04,6.12,57.5,1.0
2026-04-11 12:00:00,T05,7.61,249.7,1.0
2026-04-11 13:00:00,T01,9.16,643.5,1.0
2026-04-11 13:00:00,T02,8.79,525.4,1.0
2026-04-11 13:00:00,T03,9.63,834.1,1.0
2026-04-11 13:00:00,T04,8.58,480.1,1.0
2026-04-11 13:00:00,T05,9.93,900.2,1.0
2026-04-11 14:00:00,T01,12.02,2000.0,1.0
2026-04-11 14:00:00,T02,10.37,1061.7,1.0
2026-04-11 14:00:00,T03,9.17,597.6,1.0
2026-04-11 14:00:00,T04,12.88,1940.7,1.0
2026-04-11 14:00:00,T05,9.75,817.1,1.0
2026-04-11 15:00:00,T01,11.3,1591.4,1.0
2026-04-11 15:00:00,T02,9.16,624.6,1.0
2026-04-11 15:00:00,T03,6.36,110.7,1.0
2026-04-11 15:00:00,T04,8.14,359.3,1.0
2026-04-11 15:00:00,T05,11.34,1603.1,1.0
2026-04-11 16:00:00,T01,9.05,606.4,1.0
2026-04-11 16:00:00,T02,9.12,626.2,1.0
2026-04-11 16:00:00,T03,7.73,307.9,1.0
2026-04-11 16:00:00,T04,7.99,364.1,1.0
2026-04-11 16:00:00,T05,11.5,1683.2,1.0
2026-04-11 17:00:00,T01,7.57,243.6,1.0
2026-04-11 17:00:00,T02,9.09,634.2,1.0
2026-04-11 17:00:00,T03,7.8,264.5,1.0
2026-04-11 17:00:00,T04,9.1,620.3,1.0
2026-04-11 17:00:00,T05,6.91,155.0,1.0
2026-04-11 18:00:00,T01,6.87,148.4,1.0
2026-04-11 18:00:00,T02,7.53,268.4,1.0
2026-04-11 18:00:00,T03,9.99,919.7,1.0
2026-04-11 18:00:00,T04,7.77,300.4,1.0
2026-04-11 18:00:00,T05,3.65,0.0,1.0
2026-04-11 19:00:00,T01,7.75,309.9,1.0
2026-04-11 19:00:00,T02,6.67,152.0,1.0
2026-04-11 19:00:00,T03,12.16,1979.0,1.0
2026-04-11 19:00:00,T04,8.83,468.6,1.0
2026-04-11 19:00:00,T05,5.84,75.7,1.0
2026-04-11 20:00:00,T01,6.1,81.6,1.0
2026-04-11 20:00:00,T02,4.44,0.0,1.0
2026-04-11 20:00:00,T03,10.13,993.8,1.0
2026-04-11 20:00:00,T04,7.11,180.9,1.0
2026-04-11 20:00:00,T05,6.73,161.9,1.0
2026-04-11 21:00:00,T01,6.73,150.7,1.0
2026-04-11 21:00:00,T02,6.15,94.1,1.0
2026-04-11 21:00:00,T03,2.54,40.7,1.0
2026-04-11 21:00:00,T04,9.91,912.8,1.0
2026-04-11 21:00:00,T05,4.53,0.0,1.0
2026-04-11 22:00:00,T01,8.12,384.9,1.0
2026-04-11 22:00:00,T02,7.72,266.3,1.0
2026-04-11 22:00:00,T03,5.48,92.6,1.0
2026-04-11 22:00:00,T04,8.18,393.9,1.0
2026-04-11 22:00:00,T05,4.54,0.0,1.0
2026-04-11 23:00:00,T01,4.79,6.3,1.0
2026-04-11 23:00:00,T02,7.14,178.9,1.0
2026-04-11 23:00:00,T03,3.51,0.0,1.0
2026-04-11 23:00:00,T04,2.87,24.1,1.0
2026-04-11 23:00:00,T05,5.59,71.6,1.0
2026-04-12 00:00:00,T01,7.46,262.3,1.0
2026-04-12 00:00:00,T02,4.96,0.0,1.0
2026-04-12 00:00:00,T03,8.11,379.3,1.0
2026-04-12 00:00:00,T04,9.27,672.4,1.0
2026-04-12 00:00:00,T05,3.44,0.0,1.0
2026-04-12 01:00:00,T01,8.94,583.8,1.0
2026-04-12 01:00:00,T02,5.13,0.0,1.0
2026-04-12 01:00:00,T03,4.96,34.6,1.0
2026-04-12 01:00:00,T04,5.5,38.8,1.0
2026-04-12 01:00:00,T05,5.19,42.6,1.0
2026-04-12 02:00:00,T01,4.25,0.0,1.0
2026-04-12 02:00:00,T02,7.19,228.6,1.0
2026-04-12 02:00:00,T03,2.92,9.7,1.0
2026-04-12 02:00:00,T04,4.7,0.0,1.0
2026-04-12 02:00:00,T05,9.02,639.4,1.0
2026-04-12 03:00:00,T01,9.18,684.5,1.0
2026-04-12 03:00:00,T02,5.68,70.2,1.0
2026-04-12 03:00:00,T03,3.56,10.5,1.0
2026-04-12 03:00:00,T04,6.58,120.4,1.0
2026-04-12 03:00:00,T05,10.42,1161.5,1.0
2026-04-12 04:00:00,T01,6.13,71.6,1.0
2026-04-12 04:00:00,T02,7.94,354.6,1.0
2026-04-12 04:00:00,T03,7.99,347.6,1.0
2026-04-12 04:00:00,T04,7.43,207.8,1.0
2026-04-12 04:00:00,T05,5.82,79.7,1.0
2026-04-12 05:00:00,T01,3.42,0.0,1.0
2026-04-12 05:00:00,T02,6.81,152.9,1.0
2026-04-12 05:00:00,T03,6.47,156.7,1.0
2026-04-12 05:00:00,T04,7.43,192.5,1.0
2026-04-12 05:00:00,T05,5.92,86.3,1.0
2026-04-12 06:00:00,T01,5.0,0.0,1.0
2026-04-12 06:00:00,T02,7.89,340.4,1.0
2026-04-12 06:00:00,T03,7.19,229.3,1.0
2026-04-12 06:00:00,T04,5.14,0.0,1.0
2026-04-12 06:00:00,T05,6.7,195.5,1.0
2026-04-12 07:00:00,T01,5.54,19.4,1.0
2026-04-12 07:00:00,T02,10.29,1016.9,1.0
2026-04-12 07:00:00,T03,8.05,327.7,1.0
2026-04-12 07:00:00,T04,7.54,294.4,1.0
2026-04-12 07:00:00,T05,6.64,73.8,1.0
2026-04-12 08:00:00,T01,9.08,616.7,1.0
2026-04-12 08:00:00,T02,10.95,1401.9,1.0
2026-04-12 08:00:00,T03,7.27,232.8,1.0
2026-04-12 08:00:00,T04,6.96,163.3,1.0
2026-04-12 08:00:00,T05,7.19,190.2,1.0
2026-04-12 09:00:00,T01,7.36,220.3,1.0
2026-04-12 09:00:00,T02,10.03,959.4,1.0
2026-04-12 09:00:00,T03,9.96,946.1,1.0
2026-04-12 09:00:00,T04,6.36,109.7,1.0
2026-04-12 09:00:00,T05,6.49,138.0,1.0
2026-04-12 10:00:00,T01,7.71,278.0,1.0
2026-04-12 10:00:00,T02,5.71,70.2,1.0
2026-04-12 10:00:00,T03,8.74,527.5,1.0
2026-04-12 10:00:00,T04,6.16,73.4,1.0
2026-04-12 10:00:00,T05,7.79,293.2,1.0
2026-04-12 11:00:00,T01,10.57,1205.7,1.0
2026-04-12 11:00:00,T02,7.02,187.8,1.0
2026-04-12 11:00:00,T03,10.29,1090.5,1.0
2026-04-12 11:00:00,T04,7.86,269.5,1.0
2026-04-12 11:00:00,T05,6.67,166.9,1.0
2026-04-12 12:00:00,T01,9.17,653.7,1.0
2026-04-12 12:00:00,T02,7.12,167.6,1.0
2026-04-12 12:00:00,T03,6.22,96.7,1.0
2026-04-12 12:00:00,T04,9.37,731.4,1.0
2026-04-12 12:00:00,T05,7.18,199.0,1.0
2026-04-12 13:00:00,T01,9.35,711.0,1.0
2026-04-12 13:00:00,T02,9.37,671.4,1.0
2026-04-12 13:00:00,T03,8.91,572.1,1.0
2026-04-12 13:00:00,T04,11.16,1434.7,1.0
2026-04-12 13:00:00,T05,12.3,2000.0,1.0
2026-04-12 14:00:00,T01,9.45,746.0,1.0
2026-04-12 14:00:00,T02,10.45,1116.5,1.0
2026-04-12 14:00:00,T03,7.8,306.8,1.0
2026-04-12 14:00:00,T04,7.14,181.0,1.0
2026-04-12 14:00:00,T05,5.38,30.0,1.0
2026-04-12 15:00:00,T01,10.53,1186.7,1.0
2026-04-12 15:00:00,T02,9.56,787.0,1.0
2026-04-12 15:00:00,T03,6.73,92.4,1.0
2026-04-12 15:00:00,T04,7.08,185.3,1.0
2026-04-12 15:00:00,T05,10.1,968.4,1.0
2026-04-12 16:00:00,T01,4.23,0.0,1.0
2026-04-12 16:00:00,T02,7.45,258.8,1.0
2026-04-12 16:00:00,T03,6.84,153.0,1.0
2026-04-12 16:00:00,T04,6.0,79.9,1.0
2026-04-12 16:00:00,T05,8.9,550.1,1.0
2026-04-12 17:00:00,T01,8.16,368.4,1.0
2026-04-12 17:00:00,T02,7.61,234.1,1.0
2026-04-12 17:00:00,T03,7.83,291.9,1.0
2026-04-12 17:00:00,T04,6.94,149.4,1.0
2026-04-12 17:00:00,T05,7.52,259.3,1.0
2026-04-12 18:00:00,T01,4.18,0.0,1.0
2026-04-12 18:00:00,T02,6.74,119.5,1.0
2026-04-12 18:00:00,T03,8.64,462.4,1.0
2026-04-12 18:00:00,T04,9.46,693.0,1.0
2026-04-12 18:00:00,T05,9.46,721.5,1.0
2026-04-12 19:00:00,T01,7.92,328.4,1.0
2026-04-12 19:00:00,T02,5.5,24.9,1.0
2026-04-12 19:00:00,T03,6.68,172.2,1.0
2026-04-12 19:00:00,T04,4.15,0.0,1.0
2026-04-12 19:00:00,T05,7.06,207.2,1.0
2026-04-12 20:00:00,T01,5.64,50.5,1.0
2026-04-12 20:00:00,T02,8.12,358.6,1.0
2026-04-12 20:00:00,T03,9.14,648.4,1.0
2026-04-12 20:00:00,T04,5.81,42.1,1.0
2026-04-12 20:00:00,T05,6.78,164.8,1.0
2026-04-12 21:00:00,T01,8.55,495.4,1.0
2026-04-12 21:00:00,T02,4.95,0.0,1.0
2026-04-12 21:00:00,T03,5.19,28.1,1.0
2026-04-12 21:00:00,T04,3.72,0.0,1.0
2026-04-12 21:00:00,T05,7.72,316.1,1.0
2026-04-12 22:00:00,T01,8.41,463.0,1.0
2026-04-12 22:00:00,T02,7.12,155.9,1.0
2026-04-12 22:00:00,T03,5.1,11.2,1.0
2026-04-12 22:00:00,T04,3.89,26.2,1.0
2026-04-12 22:00:00,T05,7.21,176.9,1.0
2026-04-12 23:00:00,T01,6.55,128.2,1.0
2026-04-12 23:00:00,T02,4.49,0.0,1.0
2026-04-12 23:00:00,T03,9.71,834.6,1.0
2026-04-12 23:00:00,T04,3.99,0.0,1.0
2026-04-12 23:00:00,T05,6.96,128.5,1.0
2026-04-13 00:00:00,T01,4.17,0.0,1.0
2026-04-13 00:00:00,T02,7.35,228.7,1.0
2026-04-13 00:00:00,T03,6.65,158.5,1.0
2026-04-13 00:00:00,T04,6.14,92.1,1.0
2026-04-13 00:00:00,T05,5.66,51.4,1.0
2026-04-13 01:00:00,T01,6.61,140.8,1.0
2026-04-13 01:00:00,T02,3.95,0.0,1.0
2026-04-13 01:00:00,T03,8.49,432.2,1.0
2026-04-13 01:00:00,T04,6.26,98.9,1.0
2026-04-13 01:00:00,T05,7.64,346.5,1.0
2026-04-13 02:00:00,T01,4.26,0.0,1.0
2026-04-13 02:00:00,T02,5.36,33.0,1.0
2026-04-13 02:00:00,T03,5.66,51.4,1.0
2026-04-13 02:00:00,T04,6.15,109.6,1.0
2026-04-13 02:00:00,T05,6.91,195.4,1.0
2026-04-13 03:00:00,T01,6.62,130.2,1.0
2026-04-13 03:00:00,T02,7.17,225.3,1.0
2026-04-13 03:00:00,T03,7.36,248.5,1.0
2026-04-13 03:00:00,T04,4.45,5.1,1.0
2026-04-13 03:00:00,T05,6.19,75.3,1.0
2026-04-13 04:00:00,T01,9.35,727.5,1.0
2026-04-13 04:00:00,T02,9.29,648.7,1.0
2026-04-13 04:00:00,T03,7.78,251.2,1.0
2026-04-13 04:00:00,T04,6.58,145.7,1.0
2026-04-13 04:00:00,T05,5.0,32.4,1.0
2026-04-13 05:00:00,T01,5.79,45.9,1.0
2026-04-13 05:00:00,T02,5.84,58.0,1.0
2026-04-13 05:00:00,T03,8.56,468.8,1.0
2026-04-13 05:00:00,T04,8.61,479.9,1.0
2026-04-13 05:00:00,T05,8.68,521.0,1.0
2026-04-13 06:00:00,T01,9.03,620.5,1.0
2026-04-13 06:00:00,T02,5.57,72.2,1.0
2026-04-13 06:00:00,T03,9.06,598.8,1.0
2026-04-13 06:00:00,T04,7.2,214.0,1.0
2026-04-13 06:00:00,T05,5.4,3.7,1.0
2026-04-13 07:00:00,T01,8.38,443.7,1.0
2026-04-13 07:00:00,T02,7.89,310.5,1.0
2026-04-13 07:00:00,T03,11.68,1788.7,1.0
2026-04-13 07:00:00,T04,5.81,23.2,1.0
2026-04-13 07:00:00,T05,8.41,467.5,1.0
2026-04-13 08:00:00,T01,5.64,26.6,1.0
2026-04-13 08:00:00,T02,10.52,1153.1,1.0
2026-04-13 08:00:00,T03,8.84,533.4,1.0
2026-04-13 08:00:00,T04,7.75,228.0,1.0
2026-04-13 08:00:00,T05,8.1,360.1,1.0
2026-04-13 09:00:00,T01,10.14,1022.2,1.0
2026-04-13 09:00:00,T02,9.04,635.0,1.0
2026-04-13 09:00:00,T03,7.46,246.2,1.0
2026-04-13 09:00:00,T04,6.52,129.0,1.0
2026-04-13 09:00:00,T05,14.18,1997.7,1.0
2026-04-13 10:00:00,T01,8.85,567.0,1.0
2026-04-13 10:00:00,T02,8.98,578.8,1.0
2026-04-13 10:00:00,T03,5.95,118.8,1.0
2026-04-13 10:00:00,T04,10.05,973.2,1.0
2026-04-13 10:00:00,T05,7.76,297.1,1.0
2026-04-13 11:00:00,T01,8.82,542.3,1.0
2026-04-13 11:00:00,T02,8.16,405.4,1.0
2026-04-13 11:00:00,T03,7.23,199.7,1.0
2026-04-13 11:00:00,T04,9.09,630.1,1.0
2026-04-13 11:00:00,T05,8.77,554.4,1.0
2026-04-13 12:00:00,T01,7.87,298.1,1.0
2026-04-13 12:00:00,T02,10.3,1080.1,1.0
2026-04-13 12:00:00,T03,10.09,985.8,1.0
2026-04-13 12:00:00,T04,8.79,519.0,1.0
2026-04-13 12:00:00,T05,10.41,1096.4,1.0
2026-04-13 13:00:00,T01,7.19,180.7,1.0
2026-04-13 13:00:00,T02,9.6,781.9,1.0
2026-04-13 13:00:00,T03,7.24,259.0,1.0
2026-04-13 13:00:00,T04,9.08,653.0,1.0
2026-04-13 13:00:00,T05,7.47,202.6,1.0
2026-04-13 14:00:00,T01,9.34,686.5,1.0
2026-04-13 14:00:00,T02,8.84,557.3,1.0
2026-04-13 14:00:00,T03,8.39,416.0,1.0
2026-04-13 14:00:00,T04,4.13,0.0,1.0
2026-04-13 14:00:00,T05,9.36,715.4,1.0
2026-04-13 15:00:00,T01,8.79,546.7,1.0
2026-04-13 15:00:00,T02,9.21,665.1,1.0
2026-04-13 15:00:00,T03,9.99,982.4,1.0
2026-04-13 15:00:00,T04,12.5,2000.0,1.0
2026-04-13 15:00:00,T05,6.15,34.8,1.0
2026-04-13 16:00:00,T01,7.42,212.6,1.0
2026-04-13 16:00:00,T02,9.02,623.4,1.0
2026-04-13 16:00:00,T03,10.88,1341.8,1.0
2026-04-13 16:00:00,T04,7.3,232.5,1.0
2026-04-13 16:00:00,T05,7.22,199.0,1.0
2026-04-13 17:00:00,T01,8.82,551.4,1.0
2026-04-13 17:00:00,T02,3.1,0.0,1.0
2026-04-13 17:00:00,T03,5.87,109.2,1.0
2026-04-13 17:00:00,T04,7.69,326.9,1.0
2026-04-13 17:00:00,T05,10.7,1284.1,1.0
2026-04-13 18:00:00,T01,4.92,0.0,1.0
2026-04-13 18:00:00,T02,4.34,7.7,1.0
2026-04-13 18:00:00,T03,6.95,188.0,1.0
2026-04-13 18:00:00,T04,6.01,67.2,1.0
2026-04-13 18:00:00,T05,8.82,556.4,1.0
2026-04-13 19:00:00,T01,8.16,372.2,1.0
2026-04-13 19:00:00,T02,5.48,40.1,1.0
2026-04-13 19:00:00,T03,6.55,130.9,1.0
2026-04-13 19:00:00,T04,8.77,511.8,1.0
2026-04-13 19:00:00,T05,7.08,212.1,1.0
2026-04-13 20:00:00,T01,7.98,342.4,1.0
2026-04-13 20:00:00,T02,6.19,106.6,1.0
2026-04-13 20:00:00,T03,8.01,344.2,1.0
2026-04-13 20:00:00,T04,8.66,461.2,1.0
2026-04-13 20:00:00,T05,4.44,23.6,1.0
2026-04-13 21:00:00,T01,10.27,1117.4,1.0
2026-04-13 21:00:00,T02,4.65,0.0,1.0
2026-04-13 21:00:00,T03,7.27,198.7,1.0
2026-04-13 21:00:00,T04,10.0,979.5,1.0
2026-04-13 21:00:00,T05,7.3,278.6,1.0
2026-04-13 22:00:00,T01,4.82,0.0,1.0
2026-04-13 22:00:00,T02,3.18,25.4,1.0
2026-04-13 22:00:00,T03,6.38,107.4,1.0
2026-04-13 22:00:00,T04,6.6,139.0,1.0
2026-04-13 22:00:00,T05,7.53,240.6,1.0
2026-04-13 23:00:00,T01,8.5,492.5,1.0
2026-04-13 23:00:00,T02,9.14,645.2,1.0
2026-04-13 23:00:00,T03,3.21,22.5,1.0
2026-04-13 23:00:00,T04,5.14,38.4,1.0
2026-04-13 23:00:00,T05,4.38,17.2,1.0
2026-04-14 00:00:00,T01,6.33,105.5,1.0
2026-04-14 00:00:00,T02,8.08,327.7,1.0
2026-04-14 00:00:00,T03,5.79,59.2,1.0
2026-04-14 00:00:00,T04,7.89,399.5,1.0
2026-04-14 00:00:00,T05,6.58,115.0,1.0
2026-04-14 01:00:00,T01,7.14,204.3,1.0
2026-04-14 01:00:00,T02,6.03,106.4,1.0
2026-04-14 01:00:00,T03,2.11,0.0,1.0
2026-04-14 01:00:00,T04,6.53,129.0,1.0
2026-04-14 01:00:00,T05,8.78,553.0,1.0
2026-04-14 02:00:00,T01,6.88,163.8,1.0
2026-04-14 02:00:00,T02,7.52,309.4,1.0
2026-04-14 02:00:00,T03,6.8,143.9,1.0
2026-04-14 02:00:00,T04,4.91,0.0,1.0
2026-04-14 02:00:00,T05,6.63,130.1,1.0
2026-04-14 03:00:00,T01,6.55,134.0,1.0
2026-04-14 03:00:00,T02,9.67,840.0,1.0
2026-04-14 03:00:00,T03,6.64,157.4,1.0
2026-04-14 03:00:00,T04,5.02,17.6,1.0
2026-04-14 03:00:00,T05,7.46,285.9,1.0
2026-04-14 04:00:00,T01,5.34,31.2,1.0
2026-04-14 04:00:00,T02,6.37,140.7,1.0
2026-04-14 04:00:00,T03,5.52,74.5,1.0
2026-04-14 04:00:00,T04,8.3,384.0,1.0
2026-04-14 04:00:00,T05,8.12,354.5,1.0
2026-04-14 05:00:00,T01,10.39,1144.0,1.0
2026-04-14 05:00:00,T02,6.16,88.5,1.0
2026-04-14 05:00:00,T03,7.4,217.8,1.0
2026-04-14 05:00:00,T04,8.62,478.2,1.0
2026-04-14 05:00:00,T05,4.55,45.3,1.0
2026-04-14 06:00:00,T01,5.5,31.7,1.0
2026-04-14 06:00:00,T02,5.81,19.2,1.0
2026-04-14 06:00:00,T03,8.92,551.4,1.0
2026-04-14 06:00:00,T04,5.21,19.7,1.0
2026-04-14 06:00:00,T05,5.08,39.5,1.0
2026-04-14 07:00:00,T01,9.51,785.9,1.0
2026-04-14 07:00:00,T02,7.28,169.7,1.0
2026-04-14 07:00:00,T03,6.18,97.3,1.0
2026-04-14 07:00:00,T04,7.88,304.3,1.0
2026-04-14 07:00:00,T05,6.83,153.6,1.0
2026-04-14 08:00:00,T01,6.6,111.7,1.0
2026-04-14 08:00:00,T02,6.57,131.4,1.0
2026-04-14 08:00:00,T03,10.25,1085.3,1.0
2026-04-14 08:00:00,T04,9.88,859.9,1.0
2026-04-14 08:00:00,T05,11.33,1601.2,1.0
2026-04-14 09:00:00,T01,7.85,310.7,1.0
2026-04-14 09:00:00,T02,10.05,944.8,1.0
2026-04-14 09:00:00,T03,9.04,633.1,1.0
2026-04-14 09:00:00,T04,5.94,109.9,1.0
2026-04-14 09:00:00,T05,9.87,895.7,1.0
2026-04-14 10:00:00,T01,6.27,69.3,1.0
2026-04-14 10:00:00,T02,9.04,581.5,1.0
2026-04-14 10:00:00,T03,7.65,244.5,1.0
2026-04-14 10:00:00,T04,9.91,912.6,1.0
2026-04-14 10:00:00,T05,9.49,757.3,1.0
2026-04-14 11:00:00,T01,8.96,593.3,1.0
2026-04-14 11:00:00,T02,9.88,890.0,1.0
2026-04-14 11:00:00,T03,7.64,267.4,1.0
2026-04-14 11:00:00,T04,9.21,652.3,1.0
2026-04-14 11:00:00,T05,8.19,379.1,1.0
2026-04-14 12:00:00,T01,11.37,1643.4,1.0
2026-04-14 12:00:00,T02,11.7,1822.3,1.0
2026-04-14 12:00:00,T03,8.58,453.6,1.0
2026-04-14 12:00:00,T04,8.66,516.1,1.0
2026-04-14 12:00:00,T05,9.8,843.5,1.0
2026-04-14 13:00:00,T01,8.49,451.7,1.0
2026-04-14 13:00:00,T02,8.51,422.2,1.0
2026-04-14 13:00:00,T03,9.98,925.5,1.0
2026-04-14 13:00:00,T04,10.32,1088.3,1.0
2026-04-14 13:00:00,T05,8.66,490.1,1.0
2026-04-14 14:00:00,T01,8.52,457.1,1.0
2026-04-14 14:00:00,T02,11.37,1595.9,1.0
2026-04-14 14:00:00,T03,10.34,1123.5,1.0
2026-04-14 14:00:00,T04,8.41,441.9,1.0
2026-04-14 14:00:00,T05,8.63,447.9,1.0
2026-04-14 15:00:00,T01,7.39,203.5,1.0
2026-04-14 15:00:00,T02,6.26,133.1,1.0
2026-04-14 15:00:00,T03,5.79,23.8,1.0
2026-04-14 15:00:00,T04,5.28,49.5,1.0
2026-04-14 15:00:00,T05,6.72,162.4,1.0
2026-04-14 16:00:00,T01,7.3,211.8,1.0
2026-04-14 16:00:00,T02,9.98,907.0,1.0
2026-04-14 16:00:00,T03,7.08,146.5,1.0
2026-04-14 16:00:00,T04,7.77,301.4,1.0
2026-04-14 16:00:00,T05,12.48,1969.1,1.0
2026-04-14 17:00:00,T01,6.56,83.6,1.0
2026-04-14 17:00:00,T02,6.89,182.9,1.0
2026-04-14 17:00:00,T03,8.23,370.9,1.0
2026-04-14 17:00:00,T04,9.35,719.6,1.0
2026-04-14 17:00:00,T05,11.29,1558.7,1.0
2026-04-14 18:00:00,T01,6.04,54.6,1.0
2026-04-14 18:00:00,T02,7.84,298.2,1.0
2026-04-14 18:00:00,T03,7.5,257.1,1.0
2026-04-14 18:00:00,T04,5.6,67.1,1.0
2026-04-14 18:00:00,T05,7.7,300.4,1.0
2026-04-14 19:00:00,T01,8.42,441.3,1.0
2026-04-14 19:00:00,T02,5.08,38.5,1.0
2026-04-14 19:00:00,T03,5.92,84.0,1.0
2026-04-14 19:00:00,T04,7.05,186.9,1.0
2026-04-14 19:00:00,T05,4.31,27.2,1.0
2026-04-14 20:00:00,T01,9.56,808.1,1.0
2026-04-14 20:00:00,T02,13.57,2000.0,1.0
2026-04-14 20:00:00,T03,3.21,11.0,1.0
2026-04-14 20:00:00,T04,6.95,163.9,1.0
2026-04-14 20:00:00,T05,5.18,0.0,1.0
2026-04-14 21:00:00,T01,10.99,1469.4,1.0
2026-04-14 21:00:00,T02,4.44,26.8,1.0
2026-04-14 21:00:00,T03,5.79,89.1,1.0
2026-04-14 21:00:00,T04,5.48,80.3,1.0
2026-04-14 21:00:00,T05,4.0,0.5,1.0
2026-04-14 22:00:00,T01,4.65,0.0,1.0
2026-04-14 22:00:00,T02,6.95,191.8,1.0
2026-04-14 22:00:00,T03,8.73,472.8,1.0
2026-04-14 22:00:00,T04,7.19,189.9,1.0
2026-04-14 22:00:00,T05,8.12,380.0,1.0
2026-04-14 23:00:00,T01,8.5,492.0,1.0
2026-04-14 23:00:00,T02,6.27,67.0,1.0
2026-04-14 23:00:00,T03,5.0,51.8,1.0
2026-04-14 23:00:00,T04,4.83,26.6,1.0
2026-04-14 23:00:00,T05,6.0,75.7,1.0
2026-04-15 00:00:00,T01,7.35,232.6,1.0
2026-04-15 00:00:00,T02,5.82,89.1,1.0
2026-04-15 00:00:00,T03,3.54,0.0,1.0
2026-04-15 00:00:00,T04,1.03,10.3,1.0
2026-04-15 00:00:00,T05,8.29,439.5,1.0
2026-04-15 01:00:00,T01,5.62,45.4,1.0
2026-04-15 01:00:00,T02,3.88,0.0,1.0
2026-04-15 01:00:00,T03,4.02,21.2,1.0
2026-04-15 01:00:00,T04,3.89,0.0,1.0
2026-04-15 01:00:00,T05,6.58,104.9,1.0
2026-04-15 02:00:00,T01,6.98,183.3,1.0
2026-04-15 02:00:00,T02,6.73,148.8,1.0
2026-04-15 02:00:00,T03,8.36,388.8,1.0
2026-04-15 02:00:00,T04,4.72,0.0,1.0
2026-04-15 02:00:00,T05,6.36,52.5,1.0
2026-04-15 03:00:00,T01,5.9,68.5,1.0
2026-04-15 03:00:00,T02,4.34,13.0,1.0
2026-04-15 03:00:00,T03,3.85,1.8,1.0
2026-04-15 03:00:00,T04,10.04,948.3,1.0
2026-04-15 03:00:00,T05,5.04,43.5,1.0
2026-04-15 04:00:00,T01,6.53,123.4,1.0
2026-04-15 04:00:00,T02,10.02,959.2,1.0
2026-04-15 04:00:00,T03,5.12,32.2,1.0
2026-04-15 04:00:00,T04,5.42,26.6,1.0
2026-04-15 04:00:00,T05,6.46,100.7,1.0
2026-04-15 05:00:00,T01,6.1,71.8,1.0
2026-04-15 05:00:00,T02,5.8,68.4,1.0
2026-04-15 05:00:00,T03,7.2,232.5,1.0
2026-04-15 05:00:00,T04,7.28,179.0,1.0
2026-04-15 05:00:00,T05,6.67,92.0,1.0
2026-04-15 06:00:00,T01,4.72,0.0,1.0
2026-04-15 06:00:00,T02,4.27,0.0,1.0
2026-04-15 06:00:00,T03,5.36,0.0,1.0
2026-04-15 06:00:00,T04,10.47,1125.3,1.0
2026-04-15 06:00:00,T05,8.98,582.1,1.0
2026-04-15 07:00:00,T01,3.87,0.0,1.0
2026-04-15 07:00:00,T02,8.55,434.8,1.0
2026-04-15 07:00:00,T03,11.58,1736.0,1.0
2026-04-15 07:00:00,T04,5.77,65.0,1.0
2026-04-15 07:00:00,T05,10.69,1279.1,1.0
2026-04-15 08:00:00,T01,8.71,526.4,1.0
2026-04-15 08:00:00,T02,9.09,641.5,1.0
2026-04-15 08:00:00,T03,8.1,337.8,1.0
2026-04-15 08:00:00,T04,8.48,482.8,1.0
2026-04-15 08:00:00,T05,10.4,1080.5,1.0
2026-04-15 09:00:00,T01,7.77,291.7,1.0
2026-04-15 09:00:00,T02,8.26,404.7,1.0
2026-04-15 09:00:00,T03,8.05,365.0,1.0
2026-04-15 09:00:00,T04,6.9,176.8,1.0
2026-04-15 09:00:00,T05,4.98,79.8,1.0
2026-04-15 10:00:00,T01,7.47,229.8,1.0
2026-04-15 10:00:00,T02,6.46,142.7,1.0
2026-04-15 10:00:00,T03,10.26,1070.7,1.0
2026-04-15 10:00:00,T04,8.65,429.2,1.0
2026-04-15 10:00:00,T05,8.83,522.1,1.0
2026-04-15 11:00:00,T01,10.62,1213.6,1.0
2026-04-15 11:00:00,T02,3.96,1.3,1.0
2026-04-15 11:00:00,T03,8.6,514.7,1.0
2026-04-15 11:00:00,T04,7.84,326.2,1.0
2026-04-15 11:00:00,T05,10.4,1114.1,1.0
2026-04-15 12:00:00,T01,9.28,700.6,1.0
2026-04-15 12:00:00,T02,7.53,219.7,1.0
2026-04-15 12:00:00,T03,5.26,18.2,1.0
2026-04-15 12:00:00,T04,5.86,50.5,1.0
2026-04-15 12:00:00,T05,7.78,268.8,1.0
2026-04-15 13:00:00,T01,9.33,699.8,1.0
2026-04-15 13:00:00,T02,7.81,330.0,1.0
2026-04-15 13:00:00,T03,8.16,400.0,1.0
2026-04-15 13:00:00,T04,9.45,746.8,1.0
2026-04-15 13:00:00,T05,8.09,362.7,1.0
2026-04-15 14:00:00,T01,7.83,292.5,1.0
2026-04-15 14:00:00,T02,6.5,108.1,1.0
2026-04-15 14:00:00,T03,7.9,355.9,1.0
2026-04-15 14:00:00,T04,8.12,367.3,1.0
2026-04-15 14:00:00,T05,12.08,1996.7,1.0
2026-04-15 15:00:00,T01,9.04,636.0,1.0
2026-04-15 15:00:00,T02,7.38,239.6,1.0
2026-04-15 15:00:00,T03,6.6,87.4,1.0
2026-04-15 15:00:00,T04,9.6,784.4,1.0
2026-04-15 15:00:00,T05,10.48,1111.5,1.0
2026-04-15 16:00:00,T01,10.43,1163.3,1.0
2026-04-15 16:00:00,T02,11.8,1852.2,1.0
2026-04-15 16:00:00,T03,11.13,1488.6,1.0
2026-04-15 16:00:00,T04,6.47,111.9,1.0
2026-04-15 16:00:00,T05,5.58,117.8,1.0
2026-04-15 17:00:00,T01,10.07,981.5,1.0
2026-04-15 17:00:00,T02,5.72,96.1,1.0
2026-04-15 17:00:00,T03,6.52,143.9,1.0
2026-04-15 17:00:00,T04,6.11,82.0,1.0
2026-04-15 17:00:00,T05,8.4,418.6,1.0
2026-04-15 18:00:00,T01,10.38,1125.7,1.0
2026-04-15 18:00:00,T02,7.7,262.0,1.0
2026-04-15 18:00:00,T03,9.55,764.7,1.0
2026-04-15 18:00:00,T04,6.5,150.9,1.0
2026-04-15 18:00:00,T05,8.63,478.5,1.0
2026-04-15 19:00:00,T01,11.01,1442.8,1.0
2026-04-15 19:00:00,T02,7.4,225.8,1.0
2026-04-15 19:00:00,T03,6.33,70.8,1.0
2026-04-15 19:00:00,T04,5.7,53.7,1.0
2026-04-15 19:00:00,T05,10.67,1261.2,1.0
2026-04-15 20:00:00,T01,8.31,438.6,1.0
2026-04-15 20:00:00,T02,6.9,165.5,1.0
2026-04-15 20:00:00,T03,7.29,240.4,1.0
2026-04-15 20:00:00,T04,5.93,96.2,1.0
2026-04-15 20:00:00,T05,6.73,187.6,1.0
2026-04-15 21:00:00,T01,8.57,490.6,1.0
2026-04-15 21:00:00,T02,4.94,0.0,1.0
2026-04-15 21:00:00,T03,9.45,706.4,1.0
2026-04-15 21:00:00,T04,6.31,123.4,1.0
2026-04-15 21:00:00,T05,4.09,31.7,1.0
2026-04-15 22:00:00,T01,6.15,100.6,1.0
2026-04-15 22:00:00,T02,11.53,1711.9,1.0
2026-04-15 22:00:00,T03,5.38,32.6,1.0
2026-04-15 22:00:00,T04,8.91,582.1,1.0
2026-04-15 22:00:00,T05,6.17,57.3,1.0
2026-04-15 23:00:00,T01,5.84,76.1,1.0
2026-04-15 23:00:00,T02,4.75,55.0,1.0
2026-04-15 23:00:00,T03,5.44,38.7,1.0
2026-04-15 23:00:00,T04,3.79,0.0,1.0
2026-04-15 23:00:00,T05,3.29,5.4,1.0
2026-04-16 00:00:00,T01,3.63,0.0,1.0
2026-04-16 00:00:00,T02,9.45,722.3,1.0
2026-04-16 00:00:00,T03,8.39,448.3,1.0
2026-04-16 00:00:00,T04,10.84,1350.9,1.0
2026-04-16 00:00:00,T05,3.46,0.0,1.0
2026-04-16 01:00:00,T01,6.8,168.2,1.0
2026-04-16 01:00:00,T02,8.94,586.2,1.0
2026-04-16 01:00:00,T03,5.7,38.1,1.0
2026-04-16 01:00:00,T04,6.15,74.1,1.0
2026-04-16 01:00:00,T05,6.71,162.7,1.0
2026-04-16 02:00:00,T01,3.86,0.0,1.0
2026-04-16 02:00:00,T02,5.52,0.0,1.0
2026-04-16 02:00:00,T03,3.59,0.0,1.0
2026-04-16 02:00:00,T04,4.55,28.0,1.0
2026-04-16 02:00:00,T05,4.12,0.0,1.0
2026-04-16 03:00:00,T01,6.1,61.8,1.0
2026-04-16 03:00:00,T02,3.83,0.6,1.0
2026-04-16 03:00:00,T03,4.91,21.7,1.0
2026-04-16 03:00:00,T04,5.43,15.1,1.0
2026-04-16 03:00:00,T05,6.21,70.7,1.0
2026-04-16 04:00:00,T01,8.38,460.1,1.0
2026-04-16 04:00:00,T02,3.95,0.0,1.0
2026-04-16 04:00:00,T03,8.88,582.9,1.0
2026-04-16 04:00:00,T04,9.44,701.7,1.0
2026-04-16 04:00:00,T05,6.41,109.0,1.0
2026-04-16 05:00:00,T01,9.42,747.3,1.0
2026-04-16 05:00:00,T02,4.52,0.0,1.0
2026-04-16 05:00:00,T03,4.27,62.8,1.0
2026-04-16 05:00:00,T04,5.59,96.9,1.0
2026-04-16 05:00:00,T05,4.59,22.2,1.0
2026-04-16 06:00:00,T01,11.08,1485.6,1.0
2026-04-16 06:00:00,T02,10.01,972.9,1.0
2026-04-16 06:00:00,T03,10.15,964.6,1.0
2026-04-16 06:00:00,T04,8.86,527.6,1.0
2026-04-16 06:00:00,T05,9.13,624.5,1.0
2026-04-16 07:00:00,T01,7.45,234.3,1.0
2026-04-16 07:00:00,T02,11.93,1942.7,1.0
2026-04-16 07:00:00,T03,11.11,1469.8,1.0
2026-04-16 07:00:00,T04,7.78,327.9,1.0
2026-04-16 07:00:00,T05,11.74,1871.7,1.0
2026-04-16 08:00:00,T01,8.26,369.7,1.0
2026-04-16 08:00:00,T02,6.56,119.7,1.0
2026-04-16 08:00:00,T03,7.92,300.0,1.0
2026-04-16 08:00:00,T04,7.84,313.7,1.0
2026-04-16 08:00:00,T05,6.85,174.8,1.0
2026-04-16 09:00:00,T01,7.92,320.3,1.0
2026-04-16 09:00:00,T02,9.91,894.4,1.0
2026-04-16 09:00:00,T03,8.86,578.5,1.0
2026-04-16 09:00:00,T04,7.97,327.1,1.0
2026-04-16 09:00:00,T05,5.47,57.6,1.0
2026-04-16 10:00:00,T01,8.31,413.1,1.0
2026-04-16 10:00:00,T02,8.48,404.5,1.0
2026-04-16 10:00:00,T03,10.13,971.2,1.0
2026-04-16 10:00:00,T04,9.62,796.4,1.0
2026-04-16 10:00:00,T05,8.01,313.7,1.0
2026-04-16 11:00:00,T01,8.25,399.5,1.0
2026-04-16 11:00:00,T02,9.72,805.8,1.0
2026-04-16 11:00:00,T03,8.11,348.7,1.0
2026-04-16 11:00:00,T04,6.63,98.4,1.0
2026-04-16 11:00:00,T05,5.66,94.4,1.0
2026-04-16 12:00:00,T01,10.53,1201.5,1.0
2026-04-16 12:00:00,T02,7.8,327.8,1.0
2026-04-16 12:00:00,T03,8.89,545.4,1.0
2026-04-16 12:00:00,T04,8.24,395.1,1.0
2026-04-16 12:00:00,T05,10.06,946.9,1.0
2026-04-16 13:00:00,T01,7.37,219.5,1.0
2026-04-16 13:00:00,T02,9.73,782.7,1.0
2026-04-16 13:00:00,T03,4.58,9.0,1.0
2026-04-16 13:00:00,T04,9.87,861.6,1.0
2026-04-16 13:00:00,T05,9.26,715.2,1.0
2026-04-16 14:00:00,T01,9.27,684.4,1.0
2026-04-16 14:00:00,T02,4.6,0.0,1.0
2026-04-16 14:00:00,T03,5.01,30.3,1.0
2026-04-16 14:00:00,T04,9.44,723.8,1.0
2026-04-16 14:00:00,T05,9.64,853.5,1.0
2026-04-16 15:00:00,T01,5.84,38.3,1.0
2026-04-16 15:00:00,T02,7.79,291.6,1.0
2026-04-16 15:00:00,T03,5.85,75.9,1.0
2026-04-16 15:00:00,T04,8.29,430.2,1.0
2026-04-16 15:00:00,T05,7.7,297.1,1.0
2026-04-16 16:00:00,T01,8.71,522.3,1.0
2026-04-16 16:00:00,T02,6.57,168.0,1.0
2026-04-16 16:00:00,T03,7.08,186.5,1.0
2026-04-16 16:00:00,T04,6.68,142.7,1.0
2026-04-16 16:00:00,T05,7.25,236.3,1.0
2026-04-16 17:00:00,T01,8.16,377.1,1.0
2026-04-16 17:00:00,T02,8.88,578.3,1.0
2026-04-16 17:00:00,T03,8.05,320.4,1.0
2026-04-16 17:00:00,T04,4.26,0.0,1.0
2026-04-16 17:00:00,T05,5.44,0.0,1.0
2026-04-16 18:00:00,T01,4.95,1.7,1.0
2026-04-16 18:00:00,T02,7.97,322.1,1.0
2026-04-16 18:00:00,T03,7.09,205.3,1.0
2026-04-16 18:00:00,T04,8.4,452.4,1.0
2026-04-16 18:00:00,T05,10.11,979.6,1.0
2026-04-16 19:00:00,T01,6.81,145.3,1.0
2026-04-16 19:00:00,T02,8.8,567.6,1.0
2026-04-16 19:00:00,T03,8.28,402.7,1.0
2026-04-16 19:00:00,T04,3.48,0.1,1.0
2026-04-16 19:00:00,T05,4.94,47.6,1.0
2026-04-16 20:00:00,T01,8.03,344.9,1.0
2026-04-16 20:00:00,T02,7.23,188.5,1.0
2026-04-16 20:00:00,T03,5.71,83.5,1.0
2026-04-16 20:00:00,T04,5.86,50.4,1.0
2026-04-16 20:00:00,T05,6.93,189.2,1.0
2026-04-16 21:00:00,T01,6.16,79.5,1.0
2026-04-16 21:00:00,T02,9.01,619.3,1.0
2026-04-16 21:00:00,T03,5.43,21.8,1.0
2026-04-16 21:00:00,T04,7.12,210.6,1.0
2026-04-16 21:00:00,T05,7.03,148.8,1.0
2026-04-16 22:00:00,T01,9.29,727.9,1.0
2026-04-16 22:00:00,T02,3.86,0.0,1.0
2026-04-16 22:00:00,T03,6.65,93.5,1.0
2026-04-16 22:00:00,T04,6.42,105.2,1.0
2026-04-16 22:00:00,T05,5.17,20.6,1.0
2026-04-16 23:00:00,T01,5.81,58.3,1.0
2026-04-16 23:00:00,T02,6.78,174.7,1.0
2026-04-16 23:00:00,T03,5.49,41.5,1.0
2026-04-16 23:00:00,T04,7.6,237.1,1.0
2026-04-16 23:00:00,T05,6.34,38.8,1.0
2026-04-17 00:00:00,T01,5.17,21.9,1.0
2026-04-17 00:00:00,T02,4.52,0.0,1.0
2026-04-17 00:00:00,T03,5.42,71.5,1.0
2026-04-17 00:00:00,T04,5.65,97.0,1.0
2026-04-17 00:00:00,T05,7.46,253.0,1.0
2026-04-17 01:00:00,T01,1.25,0.0,1.0
2026-04-17 01:00:00,T02,4.71,0.0,1.0
2026-04-17 01:00:00,T03,3.83,5.6,1.0
2026-04-17 01:00:00,T04,7.72,287.2,1.0
2026-04-17 01:00:00,T05,8.18,334.5,1.0
2026-04-17 02:00:00,T01,4.66,0.0,1.0
2026-04-17 02:00:00,T02,1.01,0.0,1.0
2026-04-17 02:00:00,T03,4.63,6.9,1.0
2026-04-17 02:00:00,T04,7.04,178.4,1.0
2026-04-17 02:00:00,T05,6.52,147.6,1.0
2026-04-17 03:00:00,T01,5.58,40.3,1.0
2026-04-17 03:00:00,T02,7.45,248.6,1.0
2026-04-17 03:00:00,T03,4.98,0.0,1.0
2026-04-17 03:00:00,T04,6.2,79.7,1.0
2026-04-17 03:00:00,T05,0.77,29.6,1.0
2026-04-17 04:00:00,T01,5.47,24.0,1.0
2026-04-17 04:00:00,T02,3.12,0.0,1.0
2026-04-17 04:00:00,T03,6.3,142.8,1.0
2026-04-17 04:00:00,T04,5.73,85.2,1.0
2026-04-17 04:00:00,T05,6.51,107.1,1.0
2026-04-17 05:00:00,T01,8.7,541.3,1.0
2026-04-17 05:00:00,T02,6.68,150.3,1.0
2026-04-17 05:00:00,T03,4.87,0.0,1.0
2026-04-17 05:00:00,T04,3.98,0.0,1.0
2026-04-17 05:00:00,T05,5.88,78.6,1.0
2026-04-17 06:00:00,T01,7.68,277.6,1.0
2026-04-17 06:00:00,T02,10.24,1028.4,1.0
2026-04-17 06:00:00,T03,8.63,470.2,1.0
2026-04-17 06:00:00,T04,9.02,558.5,1.0
2026-04-17 06:00:00,T05,6.73,136.8,1.0
2026-04-17 07:00:00,T01,10.96,1413.9,1.0
2026-04-17 07:00:00,T02,9.6,805.7,1.0
2026-04-17 07:00:00,T03,7.96,349.9,1.0
2026-04-17 07:00:00,T04,7.97,318.9,1.0
2026-04-17 07:00:00,T05,10.04,961.7,1.0
2026-04-17 08:00:00,T01,7.99,343.4,1.0
2026-04-17 08:00:00,T02,6.94,178.6,1.0
2026-04-17 08:00:00,T03,9.04,559.6,1.0
2026-04-17 08:00:00,T04,5.38,70.2,1.0
2026-04-17 08:00:00,T05,7.75,264.6,1.0
2026-04-17 09:00:00,T01,7.98,339.8,1.0
2026-04-17 09:00:00,T02,13.14,1998.5,1.0
2026-04-17 09:00:00,T03,11.0,1434.0,1.0
2026-04-17 09:00:00,T04,9.87,908.4,1.0
2026-04-17 09:00:00,T05,7.18,216.0,1.0
2026-04-17 10:00:00,T01,7.78,297.0,1.0
2026-04-17 10:00:00,T02,9.83,863.4,1.0
2026-04-17 10:00:00,T03,8.68,518.9,1.0
2026-04-17 10:00:00,T04,7.83,302.7,1.0
2026-04-17 10:00:00,T05,8.22,348.6,1.0
2026-04-17 11:00:00,T01,8.44,441.7,1.0
2026-04-17 11:00:00,T02,6.52,123.2,1.0
2026-04-17 11:00:00,T03,11.35,1619.7,1.0
2026-04-17 11:00:00,T04,6.53,154.9,1.0
2026-04-17 11:00:00,T05,11.78,1810.3,1.0
2026-04-17 12:00:00,T01,11.27,1594.2,1.0
2026-04-17 12:00:00,T02,7.86,328.7,1.0
2026-04-17 12:00:00,T03,7.04,195.3,1.0
2026-04-17 12:00:00,T04,8.59,496.9,1.0
2026-04-17 12:00:00,T05,4.03,0.0,1.0
2026-04-17 13:00:00,T01,4.6,0.0,1.0
2026-04-17 13:00:00,T02,12.08,2000.0,1.0
2026-04-17 13:00:00,T03,5.78,54.7,1.0
2026-04-17 13:00:00,T04,7.49,240.9,1.0
2026-04-17 13:00:00,T05,10.36,1088.9,1.0
2026-04-17 14:00:00,T01,6.65,82.9,1.0
2026-04-17 14:00:00,T02,10.88,1367.0,1.0
2026-04-17 14:00:00,T03,7.74,264.7,1.0
2026-04-17 14:00:00,T04,10.7,1250.7,1.0
2026-04-17 14:00:00,T05,12.42,2000.0,1.0
2026-04-17 15:00:00,T01,8.25,382.8,1.0
2026-04-17 15:00:00,T02,7.93,352.5,1.0
2026-04-17 15:00:00,T03,7.59,262.4,1.0
2026-04-17 15:00:00,T04,8.85,558.2,1.0
2026-04-17 15:00:00,T05,9.23,648.1,1.0
2026-04-17 16:00:00,T01,9.62,797.2,1.0
2026-04-17 16:00:00,T02,4.79,93.0,1.0
2026-04-17 16:00:00,T03,7.02,153.4,1.0
2026-04-17 16:00:00,T04,7.41,214.6,1.0
2026-04-17 16:00:00,T05,8.43,486.9,1.0
2026-04-17 17:00:00,T01,9.09,636.3,1.0
2026-04-17 17:00:00,T02,6.7,152.1,1.0
2026-04-17 17:00:00,T03,5.52,55.9,1.0
2026-04-17 17:00:00,T04,5.39,37.7,1.0
2026-04-17 17:00:00,T05,8.27,405.3,1.0
2026-04-17 18:00:00,T01,7.98,351.5,1.0
2026-04-17 18:00:00,T02,8.09,374.4,1.0
2026-04-17 18:00:00,T03,8.25,416.2,1.0
2026-04-17 18:00:00,T04,7.4,241.0,1.0
2026-04-17 18:00:00,T05,9.37,716.2,1.0
2026-04-17 19:00:00,T01,6.32,90.3,1.0
2026-04-17 19:00:00,T02,9.06,628.0,1.0
2026-04-17 19:00:00,T03,4.66,49.5,1.0
2026-04-17 19:00:00,T04,10.02,907.1,1.0
2026-04-17 19:00:00,T05,6.17,92.7,1.0
2026-04-17 20:00:00,T01,8.1,390.1,1.0
2026-04-17 20:00:00,T02,6.64,106.6,1.0
2026-04-17 20:00:00,T03,5.19,38.1,1.0
2026-04-17 20:00:00,T04,10.11,979.9,1.0
2026-04-17 20:00:00,T05,7.01,202.2,1.0
2026-04-17 21:00:00,T01,7.95,358.1,1.0
2026-04-17 21:00:00,T02,5.3,22.4,1.0
2026-04-17 21:00:00,T03,7.09,210.3,1.0
2026-04-17 21:00:00,T04,3.41,0.0,1.0
2026-04-17 21:00:00,T05,4.2,19.1,1.0
2026-04-17 22:00:00,T01,5.86,68.5,1.0
2026-04-17 22:00:00,T02,6.12,70.4,1.0
2026-04-17 22:00:00,T03,7.87,308.5,1.0
2026-04-17 22:00:00,T04,8.51,483.6,1.0
2026-04-17 22:00:00,T05,6.7,150.4,1.0
2026-04-17 23:00:00,T01,7.12,216.6,1.0
2026-04-17 23:00:00,T02,6.59,142.6,1.0
2026-04-17 23:00:00,T03,6.37,93.5,1.0
2026-04-17 23:00:00,T04,5.52,0.0,1.0
2026-04-17 23:00:00,T05,7.6,285.8,1.0
2026-04-18 00:00:00,T01,6.46,120.7,1.0
2026-04-18 00:00:00,T02,3.57,0.0,1.0
2026-04-18 00:00:00,T03,5.36,47.7,1.0
2026-04-18 00:00:00,T04,8.11,357.3,1.0
2026-04-18 00:00:00,T05,0.26,0.0,1.0
2026-04-18 01:00:00,T01,4.95,6.3,1.0
2026-04-18 01:00:00,T02,5.88,69.2,1.0
2026-04-18 01:00:00,T03,5.95,60.7,1.0
2026-04-18 01:00:00,T04,3.81,0.0,1.0
2026-04-18 01:00:00,T05,7.42,192.4,1.0
2026-04-18 02:00:00,T01,6.93,183.6,1.0
2026-04-18 02:00:00,T02,6.44,139.2,1.0
2026-04-18 02:00:00,T03,4.95,27.1,1.0
2026-04-18 02:00:00,T04,6.76,169.6,1.0
2026-04-18 02:00:00,T05,8.0,341.7,1.0
2026-04-18 03:00:00,T01,6.09,83.6,1.0
2026-04-18 03:00:00,T02,7.46,265.7,1.0
2026-04-18 03:00:00,T03,8.05,326.9,1.0
2026-04-18 03:00:00,T04,4.7,12.3,1.0
2026-04-18 03:00:00,T05,6.94,163.1,1.0
2026-04-18 04:00:00,T01,6.73,142.0,1.0
2026-04-18 04:00:00,T02,5.01,18.2,1.0
2026-04-18 04:00:00,T03,1.67,0.0,1.0
2026-04-18 04:00:00,T04,7.46,288.8,1.0
2026-04-18 04:00:00,T05,5.26,46.0,1.0
2026-04-18 05:00:00,T01,9.7,862.1,1.0
2026-04-18 05:00:00,T02,7.32,205.0,1.0
2026-04-18 05:00:00,T03,6.8,166.5,1.0
2026-04-18 05:00:00,T04,5.79,76.1,1.0
2026-04-18 05:00:00,T05,8.81,538.7,1.0
2026-04-18 06:00:00,T01,2.37,0.0,1.0
2026-04-18 06:00:00,T02,5.8,88.7,1.0
2026-04-18 06:00:00,T03,6.96,192.2,1.0
2026-04-18 06:00:00,T04,5.86,53.6,1.0
2026-04-18 06:00:00,T05,10.76,1298.1,1.0
2026-04-18 07:00:00,T01,4.7,0.0,1.0
2026-04-18 07:00:00,T02,7.76,315.3,1.0
2026-04-18 07:00:00,T03,7.26,187.2,1.0
2026-04-18 07:00:00,T04,6.19,94.9,1.0
2026-04-18 07:00:00,T05,6.69,107.2,1.0
2026-04-18 08:00:00,T01,6.66,104.4,1.0
2026-04-18 08:00:00,T02,8.25,356.8,1.0
2026-04-18 08:00:00,T03,9.23,680.2,1.0
2026-04-18 08:00:00,T04,6.32,91.4,1.0
2026-04-18 08:00:00,T05,9.3,684.3,1.0
2026-04-18 09:00:00,T01,7.62,260.6,1.0
2026-04-18 09:00:00,T02,8.82,531.8,1.0
2026-04-18 09:00:00,T03,7.17,186.1,1.0
2026-04-18 09:00:00,T04,6.26,116.8,1.0
2026-04-18 09:00:00,T05,4.94,0.0,1.0
2026-04-18 10:00:00,T01,7.24,202.9,1.0
2026-04-18 10:00:00,T02,10.03,958.2,1.0
2026-04-18 10:00:00,T03,7.41,235.1,1.0
2026-04-18 10:00:00,T04,8.02,314.2,1.0
2026-04-18 10:00:00,T05,7.6,276.4,1.0
2026-04-18 11:00:00,T01,7.59,228.4,1.0
2026-04-18 11:00:00,T02,7.37,248.8,1.0
2026-04-18 11:00:00,T03,9.62,833.0,1.0
2026-04-18 11:00:00,T04,9.63,777.3,1.0
2026-04-18 11:00:00,T05,9.37,661.7,1.0
2026-04-18 12:00:00,T01,6.21,66.2,1.0
2026-04-18 12:00:00,T02,9.62,818.3,1.0
2026-04-18 12:00:00,T03,6.66,154.7,1.0
2026-04-18 12:00:00,T04,9.04,614.9,1.0
2026-04-18 12:00:00,T05,11.05,1442.2,1.0
2026-04-18 13:00:00,T01,7.81,284.2,1.0
2026-04-18 13:00:00,T02,5.28,39.5,1.0
2026-04-18 13:00:00,T03,7.83,329.4,1.0
2026-04-18 13:00:00,T04,9.52,792.2,1.0
2026-04-18 13:00:00,T05,11.34,1555.8,1.0
2026-04-18 14:00:00,T01,12.81,2000.0,1.0
2026-04-18 14:00:00,T02,6.49,130.8,1.0
2026-04-18 14:00:00,T03,8.16,425.0,1.0
2026-04-18 14:00:00,T04,8.46,391.4,1.0
2026-04-18 14:00:00,T05,8.4,423.3,1.0
2026-04-18 15:00:00,T01,11.53,1750.7,1.0
2026-04-18 15:00:00,T02,10.33,1080.9,1.0
2026-04-18 15:00:00,T03,6.81,133.8,1.0
2026-04-18 15:00:00,T04,9.93,948.9,1.0
2026-04-18 15:00:00,T05,9.59,806.9,1.0
2026-04-18 16:00:00,T01,9.63,790.9,1.0
2026-04-18 16:00:00,T02,5.49,25.6,1.0
2026-04-18 16:00:00,T03,5.47,16.6,1.0
2026-04-18 16:00:00,T04,7.7,280.5,1.0
2026-04-18 16:00:00,T05,8.08,366.2,1.0
2026-04-18 17:00:00,T01,6.06,69.8,1.0
2026-04-18 17:00:00,T02,9.04,596.6,1.0
2026-04-18 17:00:00,T03,9.0,573.6,1.0
2026-04-18 17:00:00,T04,6.19,41.9,1.0
2026-04-18 17:00:00,T05,7.24,167.4,1.0
2026-04-18 18:00:00,T01,5.1,0.0,1.0
2026-04-18 18:00:00,T02,5.66,52.1,1.0
2026-04-18 18:00:00,T03,5.5,36.6,1.0
2026-04-18 18:00:00,T04,9.48,670.2,1.0
2026-04-18 18:00:00,T05,6.95,152.3,1.0
2026-04-18 19:00:00,T01,2.37,0.0,1.0
2026-04-18 19:00:00,T02,6.56,122.9,1.0
2026-04-18 19:00:00,T03,3.98,0.0,1.0
2026-04-18 19:00:00,T04,6.82,115.2,1.0
2026-04-18 19:00:00,T05,6.35,66.0,1.0
2026-04-18 20:00:00,T01,6.56,120.7,1.0
2026-04-18 20:00:00,T02,6.26,48.2,1.0
2026-04-18 20:00:00,T03,3.24,0.0,1.0
2026-04-18 20:00:00,T04,11.69,1801.0,1.0
2026-04-18 20:00:00,T05,4.27,0.0,1.0
2026-04-18 21:00:00,T01,3.59,0.0,1.0
2026-04-18 21:00:00,T02,8.73,505.3,1.0
2026-04-18 21:00:00,T03,5.81,47.0,1.0
2026-04-18 21:00:00,T04,9.91,905.0,1.0
2026-04-18 21:00:00,T05,10.92,1366.4,1.0
2026-04-18 22:00:00,T01,4.85,15.3,1.0
2026-04-18 22:00:00,T02,9.44,733.7,1.0
2026-04-18 22:00:00,T03,4.84,36.7,1.0
2026-04-18 22:00:00,T04,7.19,217.6,1.0
2026-04-18 22:00:00,T05,5.02,36.8,1.0
2026-04-18 23:00:00,T01,2.66,0.0,1.0
2026-04-18 23:00:00,T02,4.07,0.0,1.0
2026-04-18 23:00:00,T03,7.65,284.3,1.0
2026-04-18 23:00:00,T04,6.05,64.1,1.0
2026-04-18 23:00:00,T05,6.46,125.1,1.0
2026-04-19 00:00:00,T01,4.88,0.0,1.0
2026-04-19 00:00:00,T02,3.32,0.0,1.0
2026-04-19 00:00:00,T03,6.35,87.8,1.0
2026-04-19 00:00:00,T04,4.56,0.0,1.0
2026-04-19 00:00:00,T05,6.13,99.5,1.0
2026-04-19 01:00:00,T01,5.59,51.5,1.0
2026-04-19 01:00:00,T02,2.33,12.2,1.0
2026-04-19 01:00:00,T03,10.4,1124.4,1.0
2026-04-19 01:00:00,T04,2.46,0.0,1.0
2026-04-19 01:00:00,T05,5.32,33.8,1.0
2026-04-19 02:00:00,T01,6.36,112.9,1.0
2026-04-19 02:00:00,T02,5.86,37.3,1.0
2026-04-19 02:00:00,T03,6.92,182.7,1.0
2026-04-19 02:00:00,T04,8.08,361.2,1.0
2026-04-19 02:00:00,T05,6.76,138.5,1.0
2026-04-19 03:00:00,T01,5.91,78.2,1.0
2026-04-19 03:00:00,T02,6.68,95.7,1.0
2026-04-19 03:00:00,T03,8.23,373.4,1.0
2026-04-19 03:00:00,T04,4.94,25.8,1.0
2026-04-19 03:00:00,T05,4.46,0.0,1.0
2026-04-19 04:00:00,T01,4.06,0.0,1.0
2026-04-19 04:00:00,T02,6.79,140.6,1.0
2026-04-19 04:00:00,T03,3.68,0.0,1.0
2026-04-19 04:00:00,T04,6.45,92.9,1.0
2026-04-19 04:00:00,T05,9.17,633.2,1.0
2026-04-19 05:00:00,T01,8.7,530.2,1.0
2026-04-19 05:00:00,T02,7.95,351.8,1.0
2026-04-19 05:00:00,T03,5.23,0.0,1.0
2026-04-19 05:00:00,T04,6.75,167.7,1.0
2026-04-19 05:00:00,T05,4.67,0.0,1.0
2026-04-19 06:00:00,T01,6.56,103.4,1.0
2026-04-19 06:00:00,T02,6.47,156.7,1.0
2026-04-19 06:00:00,T03,6.74,115.7,1.0
2026-04-19 06:00:00,T04,5.97,56.4,1.0
2026-04-19 06:00:00,T05,5.11,4.7,1.0
2026-04-19 07:00:00,T01,8.27,417.5,1.0
2026-04-19 07:00:00,T02,8.7,528.2,1.0
2026-04-19 07:00:00,T03,7.76,276.6,1.0
2026-04-19 07:00:00,T04,9.22,639.8,1.0
2026-04-19 07:00:00,T05,6.47,116.5,1.0
2026-04-19 08:00:00,T01,6.8,150.8,1.0
2026-04-19 08:00:00,T02,10.71,1220.1,1.0
2026-04-19 08:00:00,T03,4.17,6.3,1.0
2026-04-19 08:00:00,T04,8.43,425.3,1.0
2026-04-19 08:00:00,T05,10.72,1258.8,1.0
2026-04-19 09:00:00,T01,7.56,226.1,1.0
2026-04-19 09:00:00,T02,7.93,323.5,1.0
2026-04-19 09:00:00,T03,9.11,603.3,1.0
2026-04-19 09:00:00,T04,9.55,799.0,1.0
2026-04-19 09:00:00,T05,9.72,909.5,1.0
2026-04-19 10:00:00,T01,7.4,225.6,1.0
2026-04-19 10:00:00,T02,9.13,638.7,1.0
2026-04-19 10:00:00,T03,9.22,646.7,1.0
2026-04-19 10:00:00,T04,11.36,1597.4,1.0
2026-04-19 10:00:00,T05,11.43,1607.7,1.0
2026-04-19 11:00:00,T01,8.38,435.5,1.0
2026-04-19 11:00:00,T02,9.49,754.7,1.0
2026-04-19 11:00:00,T03,9.64,771.7,1.0
2026-04-19 11:00:00,T04,7.75,276.1,1.0
2026-04-19 11:00:00,T05,7.07,181.5,1.0
2026-04-19 12:00:00,T01,10.98,1410.3,1.0
2026-04-19 12:00:00,T02,8.16,391.4,1.0
2026-04-19 12:00:00,T03,8.88,561.8,1.0
2026-04-19 12:00:00,T04,10.56,1208.2,1.0
2026-04-19 12:00:00,T05,6.45,77.1,1.0
2026-04-19 13:00:00,T01,9.33,691.7,1.0
2026-04-19 13:00:00,T02,10.84,1299.4,1.0
2026-04-19 13:00:00,T03,8.09,372.8,1.0
2026-04-19 13:00:00,T04,9.09,673.9,1.0
2026-04-19 13:00:00,T05,10.83,1308.0,1.0
2026-04-19 14:00:00,T01,10.8,1340.7,1.0
2026-04-19 14:00:00,T02,9.58,783.0,1.0
2026-04-19 14:00:00,T03,9.97,939.3,1.0
2026-04-19 14:00:00,T04,8.28,408.3,1.0
2026-04-19 14:00:00,T05,8.37,415.7,1.0
2026-04-19 15:00:00,T01,9.69,846.5,1.0
2026-04-19 15:00:00,T02,9.2,664.6,1.0
2026-04-19 15:00:00,T03,8.04,351.5,1.0
2026-04-19 15:00:00,T04,6.6,159.0,1.0
2026-04-19 15:00:00,T05,7.2,223.9,1.0
2026-04-19 16:00:00,T01,8.71,505.0,1.0
2026-04-19 16:00:00,T02,8.43,460.4,1.0
2026-04-19 16:00:00,T03,5.93,30.3,1.0
2026-04-19 16:00:00,T04,10.05,985.9,1.0
2026-04-19 16:00:00,T05,6.65,122.4,1.0
2026-04-19 17:00:00,T01,8.22,410.1,1.0
2026-04-19 17:00:00,T02,7.5,230.6,1.0
2026-04-19 17:00:00,T03,8.5,440.4,1.0
2026-04-19 17:00:00,T04,7.21,189.5,1.0
2026-04-19 17:00:00,T05,9.59,780.5,1.0
2026-04-19 18:00:00,T01,10.5,1204.7,1.0
2026-04-19 18:00:00,T02,9.47,732.8,1.0
2026-04-19 18:00:00,T03,4.73,4.0,1.0
2026-04-19 18:00:00,T04,6.98,173.5,1.0
2026-04-19 18:00:00,T05,6.5,106.4,1.0
2026-04-19 19:00:00,T01,9.46,787.6,1.0
2026-04-19 19:00:00,T02,8.11,298.2,1.0
2026-04-19 19:00:00,T03,6.39,96.9,1.0
2026-04-19 19:00:00,T04,5.29,1.1,1.0
2026-04-19 19:00:00,T05,3.45,0.0,1.0
2026-04-19 20:00:00,T01,3.43,0.0,1.0
2026-04-19 20:00:00,T02,6.34,86.6,1.0
2026-04-19 20:00:00,T03,4.19,6.5,1.0
2026-04-19 20:00:00,T04,7.85,307.1,1.0
2026-04-19 20:00:00,T05,6.41,92.5,1.0
2026-04-19 21:00:00,T01,3.8,0.0,1.0
2026-04-19 21:00:00,T02,7.26,198.8,1.0
2026-04-19 21:00:00,T03,5.51,79.1,1.0
2026-04-19 21:00:00,T04,6.74,127.7,1.0
2026-04-19 21:00:00,T05,4.65,2.8,1.0
2026-04-19 22:00:00,T01,8.4,468.7,1.0
2026-04-19 22:00:00,T02,8.55,443.8,1.0
2026-04-19 22:00:00,T03,3.79,21.7,1.0
2026-04-19 22:00:00,T04,6.58,116.1,1.0
2026-04-19 22:00:00,T05,3.72,2.9,1.0
2026-04-19 23:00:00,T01,4.22,0.0,1.0
2026-04-19 23:00:00,T02,5.08,28.8,1.0
2026-04-19 23:00:00,T03,6.26,70.6,1.0
2026-04-19 23:00:00,T04,3.96,0.0,1.0
2026-04-19 23:00:00,T05,7.68,295.4,1.0
2026-04-20 15:00:00,T01,5.79,24.9,1.0
2026-04-20 15:00:00,T02,6.86,142.4,1.0
2026-04-20 15:00:00,T03,8.58,448.5,1.0
2026-04-20 15:00:00,T04,4.45,32.1,1.0
2026-04-20 15:00:00,T05,9.57,767.7,1.0
2026-04-20 16:00:00,T01,5.37,0.0,1.0
2026-04-20 16:00:00,T02,6.9,178.2,1.0
2026-04-20 16:00:00,T03,5.81,38.6,1.0
2026-04-20 16:00:00,T04,6.44,96.7,1.0
2026-04-20 16:00:00,T05,9.69,781.4,1.0
2026-04-20 17:00:00,T01,3.32,0.0,1.0
2026-04-20 17:00:00,T02,7.17,191.5,1.0
2026-04-20 17:00:00,T03,3.65,0.0,1.0
2026-04-20 17:00:00,T04,6.57,154.4,1.0
2026-04-20 17:00:00,T05,7.67,290.0,1.0
2026-04-20 18:00:00,T01,6.1,51.5,1.0
2026-04-20 18:00:00,T02,10.39,1081.2,1.0
2026-04-20 18:00:00,T03,7.21,219.5,1.0
2026-04-20 18:00:00,T04,8.34,406.2,1.0
2026-04-20 18:00:00,T05,10.41,1095.9,1.0
2026-04-20 19:00:00,T01,8.35,453.9,1.0
2026-04-20 19:00:00,T02,7.48,239.7,1.0
2026-04-20 19:00:00,T03,7.8,272.4,1.0
2026-04-20 19:00:00,T04,7.37,244.7,1.0
2026-04-20 19:00:00,T05,10.41,1120.8,1.0
2026-04-20 20:00:00,T01,5.4,37.0,1.0
2026-04-20 20:00:00,T02,4.11,9.4,1.0
2026-04-20 20:00:00,T03,5.07,27.8,1.0
2026-04-20 20:00:00,T04,4.89,5.7,1.0
2026-04-20 20:00:00,T05,7.21,208.9,1.0
2026-04-20 21:00:00,T01,7.74,323.7,1.0
2026-04-20 21:00:00,T02,3.64,8.9,1.0
2026-04-20 21:00:00,T03,5.87,74.4,1.0
2026-04-20 21:00:00,T04,5.9,61.4,1.0
2026-04-20 21:00:00,T05,2.87,0.0,1.0
2026-04-20 22:00:00,T01,6.35,113.8,1.0
2026-04-20 22:00:00,T02,3.45,47.2,1.0
2026-04-20 22:00:00,T03,3.17,15.1,1.0
2026-04-20 22:00:00,T04,4.17,0.0,1.0
2026-04-20 22:00:00,T05,6.01,76.6,1.0
2026-04-20 23:00:00,T01,6.88,179.8,1.0
2026-04-20 23:00:00,T02,5.69,36.4,1.0
2026-04-20 23:00:00,T03,6.42,79.6,1.0
2026-04-20 23:00:00,T04,5.47,33.9,1.0
2026-04-20 23:00:00,T05,6.5,130.9,1.0
2026-04-21 00:00:00,T01,2.82,0.0,1.0
2026-04-21 00:00:00,T02,7.76,294.3,1.0
2026-04-21 00:00:00,T03,4.75,13.0,1.0
2026-04-21 00:00:00,T04,3.39,2.4,1.0
2026-04-21 00:00:00,T05,4.01,18.7,1.0
2026-04-21 01:00:00,T01,7.04,194.4,1.0
2026-04-21 01:00:00,T02,6.46,124.5,1.0
2026-04-21 01:00:00,T03,6.25,136.3,1.0
2026-04-21 01:00:00,T04,3.66,0.0,1.0
2026-04-21 01:00:00,T05,6.71,142.8,1.0
2026-04-21 02:00:00,T01,8.33,433.6,1.0
2026-04-21 02:00:00,T02,7.27,213.7,1.0
2026-04-21 02:00:00,T03,5.87,107.4,1.0
2026-04-21 02:00:00,T04,4.1,47.6,1.0
2026-04-21 02:00:00,T05,4.22,0.0,1.0
2026-04-21 03:00:00,T01,4.81,1.8,1.0
2026-04-21 03:00:00,T02,6.78,135.1,1.0
2026-04-21 03:00:00,T03,6.17,111.7,1.0
2026-04-21 03:00:00,T04,3.68,0.0,1.0
2026-04-21 03:00:00,T05,7.63,304.8,1.0
2026-04-21 04:00:00,T01,7.6,281.1,1.0
2026-04-21 04:00:00,T02,5.82,22.7,1.0
2026-04-21 04:00:00,T03,6.68,144.9,1.0
2026-04-21 04:00:00,T04,5.35,21.7,1.0
2026-04-21 04:00:00,T05,5.22,40.1,1.0
2026-04-21 05:00:00,T01,7.99,354.5,1.0
2026-04-21 05:00:00,T02,5.91,54.9,1.0
2026-04-21 05:00:00,T03,7.02,153.0,1.0
2026-04-21 05:00:00,T04,7.73,266.8,1.0
2026-04-21 05:00:00,T05,6.56,93.9,1.0
2026-04-21 06:00:00,T01,8.77,512.5,1.0
2026-04-21 06:00:00,T02,4.91,0.0,1.0
2026-04-21 06:00:00,T03,7.49,266.8,1.0
2026-04-21 06:00:00,T04,6.58,112.2,1.0
2026-04-21 06:00:00,T05,6.92,146.0,1.0
2026-04-21 07:00:00,T01,5.21,1.7,1.0
2026-04-21 07:00:00,T02,8.99,545.3,1.0
2026-04-21 07:00:00,T03,4.79,11.8,1.0
2026-04-21 07:00:00,T04,7.36,252.9,1.0
2026-04-21 07:00:00,T05,6.99,179.8,1.0
2026-04-21 08:00:00,T01,6.11,53.2,1.0
2026-04-21 08:00:00,T02,7.95,313.0,1.0
2026-04-21 08:00:00,T03,10.65,1244.6,1.0
2026-04-21 08:00:00,T04,10.34,1119.8,1.0
2026-04-21 08:00:00,T05,6.42,126.4,1.0
2026-04-21 09:00:00,T01,8.94,578.0,1.0
2026-04-21 09:00:00,T02,6.04,50.7,1.0
2026-04-21 09:00:00,T03,10.53,1155.2,1.0
2026-04-21 09:00:00,T04,11.98,1971.0,1.0
2026-04-21 09:00:00,T05,6.79,136.7,1.0
2026-04-21 10:00:00,T01,10.58,1204.7,1.0
2026-04-21 10:00:00,T02,8.67,515.9,1.0
2026-04-21 10:00:00,T03,8.14,368.4,1.0
2026-04-21 10:00:00,T04,12.41,1981.9,1.0
2026-04-21 10:00:00,T05,8.74,539.7,1.0
2026-04-21 11:00:00,T01,7.28,195.2,1.0
2026-04-21 11:00:00,T02,11.5,1699.2,1.0
2026-04-21 11:00:00,T03,7.82,310.7,1.0
2026-04-21 11:00:00,T04,7.26,183.9,1.0
2026-04-21 11:00:00,T05,11.25,1497.1,1.0
2026-04-21 12:00:00,T01,7.88,319.5,1.0
2026-04-21 12:00:00,T02,10.32,1054.9,1.0
2026-04-21 12:00:00,T03,10.43,1131.5,1.0
2026-04-21 12:00:00,T04,7.85,346.3,1.0
2026-04-21 12:00:00,T05,8.68,476.2,1.0
2026-04-21 13:00:00,T01,9.79,873.0,1.0
2026-04-21 13:00:00,T02,9.13,626.8,1.0
2026-04-21 13:00:00,T03,7.14,207.1,1.0
2026-04-21 13:00:00,T04,7.84,339.0,1.0
2026-04-21 13:00:00,T05,6.68,84.9,1.0
2026-04-21 14:00:00,T01,9.11,642.2,1.0
2026-04-21 14:00:00,T02,10.98,1347.8,1.0
2026-04-21 14:00:00,T03,8.33,399.8,1.0
2026-04-21 14:00:00,T04,7.49,246.3,1.0
2026-04-21 14:00:00,T05,7.74,270.5,1.0
2026-04-21 15:00:00,T01,10.42,1161.2,1.0
2026-04-21 15:00:00,T02,7.15,183.8,1.0
2026-04-21 15:00:00,T03,11.4,1593.2,1.0
2026-04-21 15:00:00,T04,6.89,126.5,1.0
2026-04-21 15:00:00,T05,7.02,215.8,1.0
2026-04-21 16:00:00,T01,10.38,1133.5,1.0
2026-04-21 16:00:00,T02,3.48,10.3,1.0
2026-04-21 16:00:00,T03,8.46,486.5,1.0
2026-04-21 16:00:00,T04,10.03,919.6,1.0
2026-04-21 16:00:00,T05,6.71,191.6,1.0
2026-04-21 17:00:00,T01,5.03,0.0,1.0
2026-04-21 17:00:00,T02,10.08,994.6,1.0
2026-04-21 17:00:00,T03,7.4,296.5,1.0
2026-04-21 17:00:00,T04,6.41,113.1,1.0
2026-04-21 17:00:00,T05,6.01,80.6,1.0
2026-04-21 18:00:00,T01,9.71,869.3,1.0
2026-04-21 18:00:00,T02,6.66,117.1,1.0
2026-04-21 18:00:00,T03,4.38,18.4,1.0
2026-04-21 18:00:00,T04,6.49,130.8,1.0
2026-04-21 18:00:00,T05,7.78,284.2,1.0
2026-04-21 19:00:00,T01,5.55,32.1,1.0
2026-04-21 19:00:00,T02,7.13,220.2,1.0
2026-04-21 19:00:00,T03,5.89,33.2,1.0
2026-04-21 19:00:00,T04,4.91,0.0,1.0
2026-04-21 19:00:00,T05,6.98,166.9,1.0
2026-04-21 20:00:00,T01,12.05,2000.0,1.0
2026-04-21 20:00:00,T02,10.0,902.0,1.0
2026-04-21 20:00:00,T03,4.89,0.0,1.0
2026-04-21 20:00:00,T04,3.53,0.0,1.0
2026-04-21 20:00:00,T05,7.95,344.9,1.0
2026-04-21 21:00:00,T01,7.83,310.8,1.0
2026-04-21 21:00:00,T02,7.26,180.9,1.0
2026-04-21 21:00:00,T03,10.5,1169.6,1.0
2026-04-21 21:00:00,T04,5.71,95.2,1.0
2026-04-21 21:00:00,T05,3.95,0.0,1.0
2026-04-21 22:00:00,T01,3.8,0.0,1.0
2026-04-21 22:00:00,T02,5.65,68.9,1.0
2026-04-21 22:00:00,T03,6.26,128.8,1.0
2026-04-21 22:00:00,T04,2.94,0.0,1.0
2026-04-21 22:00:00,T05,8.9,548.9,1.0
2026-04-21 23:00:00,T01,1.81,0.0,1.0
2026-04-21 23:00:00,T02,4.24,47.0,1.0
2026-04-21 23:00:00,T03,4.79,0.0,1.0
2026-04-21 23:00:00,T04,2.99,37.2,1.0
2026-04-21 23:00:00,T05,7.54,293.3,1.0
2026-04-22 00:00:00,T01,4.34,2.4,1.0
2026-04-22 00:00:00,T02,6.78,160.0,1.0
2026-04-22 00:00:00,T03,6.09,77.7,1.0
2026-04-22 00:00:00,T04,5.93,85.1,1.0
2026-04-22 00:00:00,T05,6.29,71.4,1.0
2026-04-22 01:00:00,T01,2.0,0.0,1.0
2026-04-22 01:00:00,T02,7.35,225.5,1.0
2026-04-22 01:00:00,T03,6.97,176.4,1.0
2026-04-22 01:00:00,T04,7.41,207.9,1.0
2026-04-22 01:00:00,T05,7.53,235.6,1.0
2026-04-22 02:00:00,T01,9.53,789.0,1.0
2026-04-22 02:00:00,T02,7.21,150.1,1.0
2026-04-22 02:00:00,T03,6.28,118.6,1.0
2026-04-22 02:00:00,T04,5.35,28.3,1.0
2026-04-22 02:00:00,T05,5.87,65.5,1.0
2026-04-22 03:00:00,T01,8.16,415.0,1.0
2026-04-22 03:00:00,T02,6.56,73.4,1.0
2026-04-22 03:00:00,T03,4.92,10.8,1.0
2026-04-22 03:00:00,T04,10.1,977.1,1.0
2026-04-22 03:00:00,T05,3.62,7.7,1.0
2026-04-22 04:00:00,T01,4.88,0.0,1.0
2026-04-22 04:00:00,T02,4.21,8.1,1.0
2026-04-22 04:00:00,T03,7.85,273.8,1.0
2026-04-22 04:00:00,T04,7.32,197.6,1.0
2026-04-22 04:00:00,T05,7.1,173.9,1.0
2026-04-22 05:00:00,T01,6.65,140.7,1.0
2026-04-22 05:00:00,T02,6.75,136.2,1.0
2026-04-22 05:00:00,T03,7.0,191.7,1.0
2026-04-22 05:00:00,T04,3.91,0.0,1.0
2026-04-22 05:00:00,T05,7.19,203.7,1.0
2026-04-22 06:00:00,T01,8.45,426.4,1.0
2026-04-22 06:00:00,T02,9.18,618.5,1.0
2026-04-22 06:00:00,T03,6.02,103.8,1.0
2026-04-22 06:00:00,T04,8.44,480.5,1.0
2026-04-22 06:00:00,T05,8.18,396.5,1.0
2026-04-22 07:00:00,T01,6.66,118.9,1.0
2026-04-22 07:00:00,T02,5.54,46.5,1.0
2026-04-22 07:00:00,T03,9.65,804.4,1.0
2026-04-22 07:00:00,T04,9.19,626.1,1.0
2026-04-22 07:00:00,T05,7.76,344.7,1.0
2026-04-22 08:00:00,T01,8.7,527.7,1.0
2026-04-22 08:00:00,T02,9.56,776.0,1.0
2026-04-22 08:00:00,T03,5.95,80.7,1.0
2026-04-22 08:00:00,T04,9.61,818.4,1.0
2026-04-22 08:00:00,T05,5.48,38.8,1.0
2026-04-22 09:00:00,T01,7.47,244.5,1.0
2026-04-22 09:00:00,T02,11.31,1595.4,1.0
2026-04-22 09:00:00,T03,9.44,721.6,1.0
2026-04-22 09:00:00,T04,6.39,95.8,1.0
2026-04-22 09:00:00,T05,7.55,257.2,1.0
2026-04-22 10:00:00,T01,11.2,1557.9,1.0
2026-04-22 10:00:00,T02,10.14,1000.2,1.0
2026-04-22 10:00:00,T03,9.69,801.7,1.0
2026-04-22 10:00:00,T04,7.07,183.6,1.0
2026-04-22 10:00:00,T05,6.39,145.5,1.0
2026-04-22 11:00:00,T01,7.95,320.2,1.0
2026-04-22 11:00:00,T02,9.41,754.9,1.0
2026-04-22 11:00:00,T03,8.84,571.6,1.0
2026-04-22 11:00:00,T04,5.53,58.2,1.0
2026-04-22 11:00:00,T05,7.17,185.2,1.0
2026-04-22 12:00:00,T01,10.64,1249.8,1.0
2026-04-22 12:00:00,T02,9.59,785.2,1.0
2026-04-22 12:00:00,T03,7.78,308.7,1.0
2026-04-22 12:00:00,T04,8.1,350.0,1.0
2026-04-22 12:00:00,T05,7.17,165.6,1.0
2026-04-22 13:00:00,T01,7.64,276.1,1.0
2026-04-22 13:00:00,T02,9.34,695.9,1.0
2026-04-22 13:00:00,T03,9.28,693.1,1.0
2026-04-22 13:00:00,T04,9.42,739.7,1.0
2026-04-22 13:00:00,T05,7.0,182.5,1.0
2026-04-22 14:00:00,T01,9.81,885.4,1.0
2026-04-22 14:00:00,T02,15.2,2000.0,1.0
2026-04-22 14:00:00,T03,9.15,675.9,1.0
2026-04-22 14:00:00,T04,8.32,361.0,1.0
2026-04-22 14:00:00,T05,12.54,2000.0,1.0
2026-04-22 15:00:00,T01,7.32,209.4,1.0
2026-04-22 15:00:00,T02,6.78,123.1,1.0
2026-04-22 15:00:00,T03,9.08,588.9,1.0
2026-04-22 15:00:00,T04,6.94,179.3,1.0
2026-04-22 15:00:00,T05,8.61,493.0,1.0
2026-04-22 16:00:00,T01,7.54,255.0,1.0
2026-04-22 16:00:00,T02,5.43,109.9,1.0
2026-04-22 16:00:00,T03,6.26,81.6,1.0
2026-04-22 16:00:00,T04,7.59,204.2,1.0
2026-04-22 16:00:00,T05,7.22,204.1,1.0
2026-04-22 17:00:00,T01,7.31,216.6,1.0
2026-04-22 17:00:00,T02,7.32,230.2,1.0
2026-04-22 17:00:00,T03,7.03,183.7,1.0
2026-04-22 17:00:00,T04,9.28,675.4,1.0
2026-04-22 17:00:00,T05,4.53,0.0,1.0
2026-04-22 18:00:00,T01,5.37,15.5,1.0
2026-04-22 18:00:00,T02,6.06,88.2,1.0
2026-04-22 18:00:00,T03,7.42,222.2,1.0
2026-04-22 18:00:00,T04,7.64,295.1,1.0
2026-04-22 18:00:00,T05,6.77,145.2,1.0
2026-04-22 19:00:00,T01,7.89,336.6,1.0
2026-04-22 19:00:00,T02,5.65,64.2,1.0
2026-04-22 19:00:00,T03,11.76,1862.3,1.0
2026-04-22 19:00:00,T04,7.06,198.5,1.0
2026-04-22 19:00:00,T05,6.39,137.9,1.0
2026-04-22 20:00:00,T01,6.82,169.6,1.0
2026-04-22 20:00:00,T02,4.54,57.0,1.0
2026-04-22 20:00:00,T03,7.97,331.4,1.0
2026-04-22 20:00:00,T04,4.44,0.0,1.0
2026-04-22 20:00:00,T05,3.85,0.0,1.0
2026-04-22 21:00:00,T01,6.22,106.6,1.0
2026-04-22 21:00:00,T02,7.34,244.3,1.0
2026-04-22 21:00:00,T03,6.43,86.2,1.0
2026-04-22 21:00:00,T04,3.1,0.0,1.0
2026-04-22 21:00:00,T05,6.71,134.5,1.0
2026-04-22 22:00:00,T01,7.61,307.4,1.0
2026-04-22 22:00:00,T02,1.83,0.0,1.0
2026-04-22 22:00:00,T03,9.02,599.8,1.0
2026-04-22 22:00:00,T04,7.72,270.5,1.0
2026-04-22 22:00:00,T05,5.14,17.2,1.0
2026-04-22 23:00:00,T01,8.01,380.7,1.0
2026-04-22 23:00:00,T02,4.55,45.3,1.0
2026-04-22 23:00:00,T03,4.9,22.9,1.0
2026-04-22 23:00:00,T04,6.56,128.5,1.0
2026-04-22 23:00:00,T05,4.2,0.0,1.0
2026-04-23 00:00:00,T01,4.88,8.9,1.0
2026-04-23 00:00:00,T02,3.03,0.0,1.0
2026-04-23 00:00:00,T03,7.1,212.8,1.0
2026-04-23 00:00:00,T04,6.92,114.5,1.0
2026-04-23 00:00:00,T05,4.82,22.8,1.0
2026-04-23 01:00:00,T01,5.84,71.9,1.0
2026-04-23 01:00:00,T02,3.64,3.4,1.0
2026-04-23 01:00:00,T03,10.85,1338.4,1.0
2026-04-23 01:00:00,T04,5.83,61.6,1.0
2026-04-23 01:00:00,T05,5.44,50.8,1.0
2026-04-23 02:00:00,T01,3.95,0.0,1.0
2026-04-23 02:00:00,T02,6.46,81.8,1.0
2026-04-23 02:00:00,T03,7.58,275.9,1.0
2026-04-23 02:00:00,T04,4.21,12.6,1.0
2026-04-23 02:00:00,T05,6.13,95.2,1.0
2026-04-23 03:00:00,T01,5.83,62.5,1.0
2026-04-23 03:00:00,T02,7.13,206.7,1.0
2026-04-23 03:00:00,T03,6.38,114.3,1.0
2026-04-23 03:00:00,T04,7.79,295.1,1.0
2026-04-23 03:00:00,T05,4.68,0.0,1.0
2026-04-23 04:00:00,T01,4.79,0.7,1.0
2026-04-23 04:00:00,T02,6.36,87.9,1.0
2026-04-23 04:00:00,T03,5.13,21.8,1.0
2026-04-23 04:00:00,T04,4.42,21.0,1.0
2026-04-23 04:00:00,T05,4.38,0.0,1.0
2026-04-23 05:00:00,T01,9.06,651.4,1.0
2026-04-23 05:00:00,T02,7.06,185.9,1.0
2026-04-23 05:00:00,T03,1.06,0.0,1.0
2026-04-23 05:00:00,T04,2.89,5.6,1.0
2026-04-23 05:00:00,T05,9.13,639.5,1.0
2026-04-23 06:00:00,T01,7.31,228.7,1.0
2026-04-23 06:00:00,T02,5.6,41.3,1.0
2026-04-23 06:00:00,T03,7.08,193.0,1.0
2026-04-23 06:00:00,T04,6.61,115.8,1.0
2026-04-23 06:00:00,T05,8.18,369.1,1.0
2026-04-23 07:00:00,T01,6.53,115.5,1.0
2026-04-23 07:00:00,T02,7.04,229.3,1.0
2026-04-23 07:00:00,T03,5.74,48.0,1.0
2026-04-23 07:00:00,T04,7.6,219.4,1.0
2026-04-23 07:00:00,T05,8.11,412.0,1.0
2026-04-23 08:00:00,T01,10.5,1185.0,1.0
2026-04-23 08:00:00,T02,5.54,94.5,1.0
2026-04-23 08:00:00,T03,9.53,805.4,1.0
2026-04-23 08:00:00,T04,7.7,288.3,1.0
2026-04-23 08:00:00,T05,9.13,680.4,1.0
2026-04-23 09:00:00,T01,4.1,0.0,1.0
2026-04-23 09:00:00,T02,7.6,268.0,1.0
2026-04-23 09:00:00,T03,10.36,1128.7,1.0
2026-04-23 09:00:00,T04,8.77,503.3,1.0
2026-04-23 09:00:00,T05,6.04,126.8,1.0
2026-04-23 10:00:00,T01,4.47,0.0,1.0
2026-04-23 10:00:00,T02,9.34,700.5,1.0
2026-04-23 10:00:00,T03,7.19,218.3,1.0
2026-04-23 10:00:00,T04,9.73,820.9,1.0
2026-04-23 10:00:00,T05,6.58,102.8,1.0
2026-04-23 11:00:00,T01,13.2,2000.0,1.0
2026-04-23 11:00:00,T02,6.51,108.9,1.0
2026-04-23 11:00:00,T03,6.03,85.9,1.0
2026-04-23 11:00:00,T04,7.35,238.2,1.0
2026-04-23 11:00:00,T05,10.12,1003.1,1.0
2026-04-23 12:00:00,T01,7.93,330.7,1.0
2026-04-23 12:00:00,T02,8.41,462.0,1.0
2026-04-23 12:00:00,T03,7.98,336.4,1.0
2026-04-23 12:00:00,T04,8.0,377.7,1.0
2026-04-23 12:00:00,T05,7.8,324.4,1.0
2026-04-23 13:00:00,T01,8.65,502.4,1.0
2026-04-23 13:00:00,T02,14.11,1991.8,1.0
2026-04-23 13:00:00,T03,8.72,481.4,1.0
2026-04-23 13:00:00,T04,8.23,391.2,1.0
2026-04-23 13:00:00,T05,8.16,395.6,1.0
2026-04-23 14:00:00,T01,6.82,119.4,1.0
2026-04-23 14:00:00,T02,5.2,18.8,1.0
2026-04-23 14:00:00,T03,9.91,900.6,1.0
2026-04-23 14:00:00,T04,7.39,245.8,1.0
2026-04-23 14:00:00,T05,11.86,1899.7,1.0
2026-04-23 15:00:00,T01,7.42,236.2,1.0
2026-04-23 15:00:00,T02,8.64,517.0,1.0
2026-04-23 15:00:00,T03,5.79,62.3,1.0
2026-04-23 15:00:00,T04,8.19,347.5,1.0
2026-04-23 15:00:00,T05,9.28,711.0,1.0
2026-04-23 16:00:00,T01,10.93,1419.3,1.0
2026-04-23 16:00:00,T02,3.88,0.0,1.0
2026-04-23 16:00:00,T03,3.95,8.1,1.0
2026-04-23 16:00:00,T04,10.27,1058.8,1.0
2026-04-23 16:00:00,T05,6.34,102.5,1.0
2026-04-23 17:00:00,T01,8.38,446.8,1.0
2026-04-23 17:00:00,T02,9.18,645.8,1.0
2026-04-23 17:00:00,T03,7.06,194.8,1.0
2026-04-23 17:00:00,T04,6.75,142.6,1.0
2026-04-23 17:00:00,T05,7.29,219.8,1.0
2026-04-23 18:00:00,T01,7.44,244.0,1.0
2026-04-23 18:00:00,T02,10.76,1242.8,1.0
2026-04-23 18:00:00,T03,6.97,194.9,1.0
2026-04-23 18:00:00,T04,7.99,370.7,1.0
2026-04-23 18:00:00,T05,7.55,220.3,1.0
2026-04-23 19:00:00,T01,5.14,15.9,1.0
2026-04-23 19:00:00,T02,8.77,543.9,1.0
2026-04-23 19:00:00,T03,7.9,305.9,1.0
2026-04-23 19:00:00,T04,7.6,254.2,1.0
2026-04-23 19:00:00,T05,3.88,18.0,1.0
2026-04-23 20:00:00,T01,5.63,39.8,1.0
2026-04-23 20:00:00,T02,10.41,1165.5,1.0
2026-04-23 20:00:00,T03,8.13,352.7,1.0
2026-04-23 20:00:00,T04,4.05,0.0,1.0
2026-04-23 20:00:00,T05,6.6,121.3,1.0
2026-04-23 21:00:00,T01,1.92,0.0,1.0
2026-04-23 21:00:00,T02,5.01,40.2,1.0
2026-04-23 21:00:00,T03,5.32,70.4,1.0
2026-04-23 21:00:00,T04,2.62,26.5,1.0
2026-04-23 21:00:00,T05,5.0,33.6,1.0
2026-04-23 22:00:00,T01,10.28,1066.4,1.0
2026-04-23 22:00:00,T02,5.05,60.3,1.0
2026-04-23 22:00:00,T03,6.51,138.4,1.0
2026-04-23 22:00:00,T04,7.25,208.7,1.0
2026-04-23 22:00:00,T05,6.27,102.1,1.0
2026-04-23 23:00:00,T01,6.76,166.9,1.0
2026-04-23 23:00:00,T02,3.91,0.0,1.0
2026-04-23 23:00:00,T03,5.3,23.6,1.0
2026-04-23 23:00:00,T04,5.34,7.4,1.0
2026-04-23 23:00:00,T05,5.14,31.5,1.0
2026-04-24 00:00:00,T01,2.23,0.0,1.0
2026-04-24 00:00:00,T02,4.78,21.4,1.0
2026-04-24 00:00:00,T03,5.89,63.7,1.0
2026-04-24 00:00:00,T04,3.72,64.8,1.0
2026-04-24 00:00:00,T05,6.13,82.6,1.0
2026-04-24 01:00:00,T01,4.17,0.0,1.0
2026-04-24 01:00:00,T02,9.62,773.9,1.0
2026-04-24 01:00:00,T03,7.44,237.7,1.0
2026-04-24 01:00:00,T04,8.26,373.0,1.0
2026-04-24 01:00:00,T05,4.44,27.9,1.0
2026-04-24 02:00:00,T01,3.55,0.0,1.0
2026-04-24 02:00:00,T02,5.36,30.2,1.0
2026-04-24 02:00:00,T03,5.46,41.7,1.0
2026-04-24 02:00:00,T04,6.19,87.6,1.0
2026-04-24 02:00:00,T05,3.98,0.0,1.0
2026-04-24 03:00:00,T01,3.6,0.0,1.0
2026-04-24 03:00:00,T02,5.52,63.4,1.0
2026-04-24 03:00:00,T03,4.56,22.3,1.0
2026-04-24 03:00:00,T04,7.91,333.1,1.0
2026-04-24 03:00:00,T05,4.76,0.0,1.0
2026-04-24 04:00:00,T01,5.97,73.0,1.0
2026-04-24 04:00:00,T02,10.72,1265.3,1.0
2026-04-24 04:00:00,T03,3.75,64.5,1.0
2026-04-24 04:00:00,T04,4.94,26.6,1.0
2026-04-24 04:00:00,T05,1.99,14.2,1.0
2026-04-24 05:00:00,T01,3.23,0.0,1.0
2026-04-24 05:00:00,T02,6.75,109.5,1.0
2026-04-24 05:00:00,T03,6.71,145.1,1.0
2026-04-24 05:00:00,T04,5.07,19.6,1.0
2026-04-24 05:00:00,T05,6.6,107.4,1.0
2026-04-24 06:00:00,T01,7.11,205.5,1.0
2026-04-24 06:00:00,T02,5.4,5.2,1.0
2026-04-24 06:00:00,T03,3.94,18.9,1.0
2026-04-24 06:00:00,T04,8.17,375.4,1.0
2026-04-24 06:00:00,T05,6.27,62.4,1.0
2026-04-24 07:00:00,T01,8.32,431.8,1.0
2026-04-24 07:00:00,T02,8.69,471.5,1.0
2026-04-24 07:00:00,T03,4.61,0.0,1.0
2026-04-24 07:00:00,T04,4.58,5.0,1.0
2026-04-24 07:00:00,T05,12.28,1974.4,1.0
2026-04-24 08:00:00,T01,6.1,75.7,1.0
2026-04-24 08:00:00,T02,3.15,12.3,1.0
2026-04-24 08:00:00,T03,6.19,76.7,1.0
2026-04-24 08:00:00,T04,9.12,601.9,1.0
2026-04-24 08:00:00,T05,9.66,817.4,1.0
2026-04-24 09:00:00,T01,2.53,0.0,1.0
2026-04-24 09:00:00,T02,7.35,277.5,1.0
2026-04-24 09:00:00,T03,6.25,125.1,1.0
2026-04-24 09:00:00,T04,6.86,211.8,1.0
2026-04-24 09:00:00,T05,7.33,220.0,1.0
2026-04-24 10:00:00,T01,5.65,26.0,1.0
2026-04-24 10:00:00,T02,8.17,414.0,1.0
2026-04-24 10:00:00,T03,8.66,508.3,1.0
2026-04-24 10:00:00,T04,7.36,221.2,1.0
2026-04-24 10:00:00,T05,6.04,23.8,1.0
2026-04-24 11:00:00,T01,10.16,1036.2,1.0
2026-04-24 11:00:00,T02,8.67,453.2,1.0
2026-04-24 11:00:00,T03,9.19,540.7,1.0
2026-04-24 11:00:00,T04,7.78,314.0,1.0
2026-04-24 11:00:00,T05,7.57,252.5,1.0
2026-04-24 12:00:00,T01,3.23,0.0,1.0
2026-04-24 12:00:00,T02,9.19,685.6,1.0
2026-04-24 12:00:00,T03,4.43,25.0,1.0
2026-04-24 12:00:00,T04,6.11,74.4,1.0
2026-04-24 12:00:00,T05,9.15,667.7,1.0
2026-04-24 13:00:00,T01,8.51,451.3,1.0
2026-04-24 13:00:00,T02,13.5,2000.0,1.0
2026-04-24 13:00:00,T03,10.06,1011.7,1.0
2026-04-24 13:00:00,T04,8.12,359.6,1.0
2026-04-24 13:00:00,T05,10.68,1232.1,1.0
2026-04-24 14:00:00,T01,6.01,45.4,1.0
2026-04-24 14:00:00,T02,8.83,506.3,1.0
2026-04-24 14:00:00,T03,7.0,125.8,1.0
2026-04-24 14:00:00,T04,8.46,434.9,1.0
2026-04-24 14:00:00,T05,6.87,154.3,1.0
2026-04-24 15:00:00,T01,8.97,605.3,1.0
2026-04-24 15:00:00,T02,6.28,89.4,1.0
2026-04-24 15:00:00,T03,7.97,373.9,1.0
2026-04-24 15:00:00,T04,7.0,137.2,1.0
2026-04-24 15:00:00,T05,6.33,127.0,1.0
2026-04-24 16:00:00,T01,6.41,91.6,1.0
2026-04-24 16:00:00,T02,6.35,130.7,1.0
2026-04-24 16:00:00,T03,9.16,571.9,1.0
2026-04-24 16:00:00,T04,5.69,49.3,1.0
2026-04-24 16:00:00,T05,8.33,435.8,1.0
2026-04-24 17:00:00,T01,7.38,240.3,1.0
2026-04-24 17:00:00,T02,6.53,134.8,1.0
2026-04-24 17:00:00,T03,7.61,291.5,1.0
2026-04-24 17:00:00,T04,10.22,1024.0,1.0
2026-04-24 17:00:00,T05,8.89,585.8,1.0
2026-04-24 18:00:00,T01,8.99,605.2,1.0
2026-04-24 18:00:00,T02,9.87,857.7,1.0
2026-04-24 18:00:00,T03,6.33,101.3,1.0
2026-04-24 18:00:00,T04,6.06,108.0,1.0
2026-04-24 18:00:00,T05,4.31,0.0,1.0
2026-04-24 19:00:00,T01,10.04,1004.0,1.0
2026-04-24 19:00:00,T02,8.23,407.7,1.0
2026-04-24 19:00:00,T03,4.64,0.0,1.0
2026-04-24 19:00:00,T04,7.45,211.9,1.0
2026-04-24 19:00:00,T05,9.22,704.2,1.0
2026-04-24 20:00:00,T01,5.78,53.7,1.0
2026-04-24 20:00:00,T02,5.26,0.0,1.0
2026-04-24 20:00:00,T03,8.14,384.0,1.0
2026-04-24 20:00:00,T04,5.31,19.3,1.0
2026-04-24 20:00:00,T05,6.45,128.9,1.0
2026-04-24 21:00:00,T01,6.64,141.7,1.0
2026-04-24 21:00:00,T02,3.12,0.0,1.0
2026-04-24 21:00:00,T03,7.51,280.5,1.0
2026-04-24 21:00:00,T04,6.13,62.0,1.0
2026-04-24 21:00:00,T05,5.14,88.4,1.0
2026-04-24 22:00:00,T01,4.01,0.0,1.0
2026-04-24 22:00:00,T02,6.49,144.7,1.0
2026-04-24 22:00:00,T03,7.19,211.1,1.0
2026-04-24 22:00:00,T04,4.13,40.0,1.0
2026-04-24 22:00:00,T05,9.63,780.2,1.0
2026-04-24 23:00:00,T01,8.45,473.5,1.0
2026-04-24 23:00:00,T02,3.56,0.9,1.0
2026-04-24 23:00:00,T03,4.55,24.9,1.0
2026-04-24 23:00:00,T04,3.62,0.0,1.0
2026-04-24 23:00:00,T05,3.87,0.0,1.0
2026-04-25 00:00:00,T01,3.45,0.0,1.0
2026-04-25 00:00:00,T02,3.71,0.0,1.0
2026-04-25 00:00:00,T03,8.28,392.9,1.0
2026-04-25 00:00:00,T04,5.69,67.4,1.0
2026-04-25 00:00:00,T05,4.38,7.5,1.0
2026-04-25 01:00:00,T01,4.47,0.0,1.0
2026-04-25 01:00:00,T02,5.89,88.1,1.0
2026-04-25 01:00:00,T03,5.82,14.8,1.0
2026-04-25 01:00:00,T04,6.09,104.8,1.0
2026-04-25 01:00:00,T05,5.91,61.0,1.0
2026-04-25 02:00:00,T01,7.14,193.5,1.0
2026-04-25 02:00:00,T02,6.27,120.4,1.0
2026-04-25 02:00:00,T03,8.99,607.7,1.0
2026-04-25 02:00:00,T04,4.06,0.0,1.0
2026-04-25 02:00:00,T05,3.5,16.7,1.0
2026-04-25 03:00:00,T01,5.26,0.0,1.0
2026-04-25 03:00:00,T02,5.43,72.1,1.0
2026-04-25 03:00:00,T03,7.2,247.2,1.0
2026-04-25 03:00:00,T04,4.06,0.0,1.0
2026-04-25 03:00:00,T05,6.14,112.0,1.0
2026-04-25 04:00:00,T01,6.6,134.0,1.0
2026-04-25 04:00:00,T02,5.59,69.6,1.0
2026-04-25 04:00:00,T03,11.25,1566.3,1.0
2026-04-25 04:00:00,T04,1.15,0.0,1.0
2026-04-25 04:00:00,T05,6.49,114.4,1.0
2026-04-25 05:00:00,T01,9.06,633.7,1.0
2026-04-25 05:00:00,T02,6.19,115.9,1.0
2026-04-25 05:00:00,T03,12.54,1950.3,1.0
2026-04-25 05:00:00,T04,4.31,27.7,1.0
2026-04-25 05:00:00,T05,3.93,0.0,1.0
2026-04-25 06:00:00,T01,7.08,193.6,1.0
2026-04-25 06:00:00,T02,10.34,1104.5,1.0
2026-04-25 06:00:00,T03,7.05,144.9,1.0
2026-04-25 06:00:00,T04,7.84,280.3,1.0
2026-04-25 06:00:00,T05,7.37,241.7,1.0
2026-04-25 07:00:00,T01,3.92,0.0,1.0
2026-04-25 07:00:00,T02,8.77,534.2,1.0
2026-04-25 07:00:00,T03,10.85,1306.4,1.0
2026-04-25 07:00:00,T04,6.08,89.6,1.0
2026-04-25 07:00:00,T05,5.9,60.7,1.0
2026-04-25 08:00:00,T01,8.01,341.3,1.0
2026-04-25 08:00:00,T02,6.56,126.2,1.0
2026-04-25 08:00:00,T03,9.59,744.2,1.0
2026-04-25 08:00:00,T04,8.83,546.7,1.0
2026-04-25 08:00:00,T05,6.42,101.5,1.0
2026-04-25 09:00:00,T01,9.13,650.6,1.0
2026-04-25 09:00:00,T02,6.63,125.0,1.0
2026-04-25 09:00:00,T03,8.47,449.7,1.0
2026-04-25 09:00:00,T04,6.96,180.0,1.0
2026-04-25 09:00:00,T05,8.56,498.3,1.0
2026-04-25 10:00:00,T01,5.66,4.5,1.0
2026-04-25 10:00:00,T02,7.89,291.0,1.0
2026-04-25 10:00:00,T03,6.27,105.5,1.0
2026-04-25 10:00:00,T04,8.55,481.2,1.0
2026-04-25 10:00:00,T05,6.29,129.5,1.0
2026-04-25 11:00:00,T01,6.79,122.6,1.0
2026-04-25 11:00:00,T02,10.17,986.5,1.0
2026-04-25 11:00:00,T03,8.16,340.5,1.0
2026-04-25 11:00:00,T04,7.67,255.9,1.0
2026-04-25 11:00:00,T05,8.65,523.2,1.0
2026-04-25 12:00:00,T01,9.27,698.5,1.0
2026-04-25 12:00:00,T02,7.76,288.9,1.0
2026-04-25 12:00:00,T03,14.97,2000.0,1.0
2026-04-25 12:00:00,T04,7.82,281.9,1.0
2026-04-25 12:00:00,T05,10.81,1300.8,1.0
2026-04-25 13:00:00,T01,8.74,526.8,1.0
2026-04-25 13:00:00,T02,8.68,509.6,1.0
2026-04-25 13:00:00,T03,9.53,780.0,1.0
2026-04-25 13:00:00,T04,7.33,240.3,1.0
2026-04-25 13:00:00,T05,4.47,0.0,1.0
2026-04-25 14:00:00,T01,8.24,404.8,1.0
2026-04-25 14:00:00,T02,11.02,1449.1,1.0
2026-04-25 14:00:00,T03,9.95,907.1,1.0
2026-04-25 14:00:00,T04,7.17,183.0,1.0
2026-04-25 14:00:00,T05,8.82,537.8,1.0
2026-04-25 15:00:00,T01,11.89,1973.6,1.0
2026-04-25 15:00:00,T02,8.42,434.7,1.0
2026-04-25 15:00:00,T03,7.62,266.1,1.0
2026-04-25 15:00:00,T04,9.16,572.3,1.0
2026-04-25 15:00:00,T05,7.53,235.9,1.0
2026-04-25 16:00:00,T01,8.8,548.0,1.0
2026-04-25 16:00:00,T02,5.31,58.8,1.0
2026-04-25 16:00:00,T03,8.54,418.7,1.0
2026-04-25 16:00:00,T04,7.82,322.7,1.0
2026-04-25 16:00:00,T05,4.59,7.8,1.0
2026-04-25 17:00:00,T01,8.5,473.7,1.0
2026-04-25 17:00:00,T02,12.56,2000.0,1.0
2026-04-25 17:00:00,T03,9.59,776.1,1.0
2026-04-25 17:00:00,T04,9.04,579.6,1.0
2026-04-25 17:00:00,T05,8.42,420.0,1.0
2026-04-25 18:00:00,T01,11.79,1933.0,1.0
2026-04-25 18:00:00,T02,6.13,78.7,1.0
2026-04-25 18:00:00,T03,8.08,359.9,1.0
2026-04-25 18:00:00,T04,6.38,117.9,1.0
2026-04-25 18:00:00,T05,6.41,107.9,1.0
2026-04-25 19:00:00,T01,4.8,10.8,1.0
2026-04-25 19:00:00,T02,8.23,406.5,1.0
2026-04-25 19:00:00,T03,6.6,132.7,1.0
2026-04-25 19:00:00,T04,6.27,130.5,1.0
2026-04-25 19:00:00,T05,8.72,487.4,1.0
2026-04-25 20:00:00,T01,5.74,36.2,1.0
2026-04-25 20:00:00,T02,7.27,207.4,1.0
2026-04-25 20:00:00,T03,6.17,96.9,1.0
2026-04-25 20:00:00,T04,5.79,60.1,1.0
2026-04-25 20:00:00,T05,3.25,0.0,1.0
2026-04-25 21:00:00,T01,5.98,83.1,1.0
2026-04-25 21:00:00,T02,7.13,226.7,1.0
2026-04-25 21:00:00,T03,8.72,518.5,1.0
2026-04-25 21:00:00,T04,7.45,267.1,1.0
2026-04-25 21:00:00,T05,4.07,34.0,1.0
2026-04-25 22:00:00,T01,5.73,66.9,1.0
2026-04-25 22:00:00,T02,7.51,267.8,1.0
2026-04-25 22:00:00,T03,5.2,22.7,1.0
2026-04-25 22:00:00,T04,10.68,1246.8,1.0
2026-04-25 22:00:00,T05,5.06,0.0,1.0
2026-04-25 23:00:00,T01,4.39,0.0,1.0
2026-04-25 23:00:00,T02,7.12,162.3,1.0
2026-04-25 23:00:00,T03,6.87,165.8,1.0
2026-04-25 23:00:00,T04,8.47,488.1,1.0
2026-04-25 23:00:00,T05,4.27,5.7,1.0
2026-04-26 00:00:00,T01,3.81,0.0,1.0
2026-04-26 00:00:00,T02,6.81,155.6,1.0
2026-04-26 00:00:00,T03,6.57,150.0,1.0
2026-04-26 00:00:00,T04,6.49,89.8,1.0
2026-04-26 00:00:00,T05,6.04,100.9,1.0
2026-04-26 01:00:00,T01,9.55,827.8,1.0
2026-04-26 01:00:00,T02,5.59,88.7,1.0
2026-04-26 01:00:00,T03,4.56,8.0,1.0
2026-04-26 01:00:00,T04,4.5,9.0,1.0
2026-04-26 01:00:00,T05,2.07,22.9,1.0
2026-04-26 02:00:00,T01,6.58,133.7,1.0
2026-04-26 02:00:00,T02,2.09,0.0,1.0
2026-04-26 02:00:00,T03,8.5,464.5,1.0
2026-04-26 02:00:00,T04,5.75,73.7,1.0
2026-04-26 02:00:00,T05,7.31,239.0,1.0
2026-04-26 03:00:00,T01,3.99,0.0,1.0
2026-04-26 03:00:00,T02,6.37,115.9,1.0
2026-04-26 03:00:00,T03,4.5,4.5,1.0
2026-04-26 03:00:00,T04,6.5,112.5,1.0
2026-04-26 03:00:00,T05,5.83,69.5,1.0
2026-04-26 04:00:00,T01,7.77,320.7,1.0
2026-04-26 04:00:00,T02,4.6,24.8,1.0
2026-04-26 04:00:00,T03,3.16,0.0,1.0
2026-04-26 04:00:00,T04,5.28,61.5,1.0
2026-04-26 04:00:00,T05,5.42,56.8,1.0
2026-04-26 05:00:00,T01,5.49,39.6,1.0
2026-04-26 05:00:00,T02,3.33,0.0,1.0
2026-04-26 05:00:00,T03,8.18,393.8,1.0
2026-04-26 05:00:00,T04,4.48,0.0,1.0
2026-04-26 05:00:00,T05,7.26,246.1,1.0
2026-04-26 06:00:00,T01,6.21,84.1,1.0
2026-04-26 06:00:00,T02,6.72,153.6,1.0
2026-04-26 06:00:00,T03,7.62,256.3,1.0
2026-04-26 06:00:00,T04,7.53,307.3,1.0
2026-04-26 06:00:00,T05,6.53,131.3,1.0
2026-04-26 07:00:00,T01,8.24,409.0,1.0
2026-04-26 07:00:00,T02,7.46,208.4,1.0
2026-04-26 07:00:00,T03,8.91,575.9,1.0
2026-04-26 07:00:00,T04,6.86,210.4,1.0
2026-04-26 07:00:00,T05,10.66,1185.8,1.0
2026-04-26 08:00:00,T01,4.94,0.0,1.0
2026-04-26 08:00:00,T02,10.59,1182.9,1.0
2026-04-26 08:00:00,T03,10.8,1300.8,1.0
2026-04-26 08:00:00,T04,10.92,1368.7,1.0
2026-04-26 08:00:00,T05,7.79,288.9,1.0
2026-04-26 09:00:00,T01,8.55,478.3,1.0
2026-04-26 09:00:00,T02,10.34,1112.3,1.0
2026-04-26 09:00:00,T03,7.98,330.6,1.0
2026-04-26 09:00:00,T04,10.96,1399.0,1.0
2026-04-26 09:00:00,T05,7.94,348.3,1.0
2026-04-26 10:00:00,T01,10.87,1386.3,1.0
2026-04-26 10:00:00,T02,7.62,279.7,1.0
2026-04-26 10:00:00,T03,11.7,1798.1,1.0
2026-04-26 10:00:00,T04,8.07,388.0,1.0
2026-04-26 10:00:00,T05,9.04,590.3,1.0
2026-04-26 11:00:00,T01,9.88,906.4,1.0
2026-04-26 11:00:00,T02,4.83,9.3,1.0
2026-04-26 11:00:00,T03,7.9,310.4,1.0
2026-04-26 11:00:00,T04,8.88,528.2,1.0
2026-04-26 11:00:00,T05,6.26,135.9,1.0
2026-04-26 12:00:00,T01,6.69,128.5,1.0
2026-04-26 12:00:00,T02,9.29,693.8,1.0
2026-04-26 12:00:00,T03,12.44,1958.9,1.0
2026-04-26 12:00:00,T04,7.14,161.7,1.0
2026-04-26 12:00:00,T05,10.26,1047.1,1.0
2026-04-26 13:00:00,T01,6.87,146.0,1.0
2026-04-26 13:00:00,T02,11.36,1600.8,1.0
2026-04-26 13:00:00,T03,6.09,90.2,1.0
2026-04-26 13:00:00,T04,10.34,1116.2,1.0
2026-04-26 13:00:00,T05,9.47,745.6,1.0
2026-04-26 14:00:00,T01,6.79,139.3,1.0
2026-04-26 14:00:00,T02,5.6,48.5,1.0
2026-04-26 14:00:00,T03,8.24,400.2,1.0
2026-04-26 14:00:00,T04,8.51,465.1,1.0
2026-04-26 14:00:00,T05,5.72,83.5,1.0
2026-04-26 15:00:00,T01,7.49,242.1,1.0
2026-04-26 15:00:00,T02,11.04,1444.2,1.0
2026-04-26 15:00:00,T03,7.89,342.8,1.0
2026-04-26 15:00:00,T04,7.7,279.7,1.0
2026-04-26 15:00:00,T05,4.73,9.6,1.0
2026-04-26 16:00:00,T01,6.35,93.6,1.0
2026-04-26 16:00:00,T02,5.2,11.2,1.0
2026-04-26 16:00:00,T03,5.47,28.2,1.0
2026-04-26 16:00:00,T04,7.6,267.0,1.0
2026-04-26 16:00:00,T05,8.62,490.2,1.0
2026-04-26 17:00:00,T01,9.28,700.9,1.0
2026-04-26 17:00:00,T02,8.63,491.6,1.0
2026-04-26 17:00:00,T03,4.57,58.1,1.0
2026-04-26 17:00:00,T04,5.67,0.0,1.0
2026-04-26 17:00:00,T05,10.36,1116.2,1.0
2026-04-26 18:00:00,T01,3.3,0.0,1.0
2026-04-26 18:00:00,T02,8.64,483.6,1.0
2026-04-26 18:00:00,T03,6.87,150.0,1.0
2026-04-26 18:00:00,T04,8.47,445.0,1.0
2026-04-26 18:00:00,T05,6.95,132.0,1.0
2026-04-26 19:00:00,T01,8.93,593.5,1.0
2026-04-26 19:00:00,T02,4.97,0.0,1.0
2026-04-26 19:00:00,T03,2.73,0.0,1.0
2026-04-26 19:00:00,T04,3.45,0.0,1.0
2026-04-26 19:00:00,T05,9.28,671.9,1.0
2026-04-26 20:00:00,T01,5.8,50.8,1.0
2026-04-26 20:00:00,T02,4.65,0.0,1.0
2026-04-26 20:00:00,T03,5.5,17.9,1.0
2026-04-26 20:00:00,T04,5.77,81.4,1.0
2026-04-26 20:00:00,T05,5.05,44.3,1.0
2026-04-26 21:00:00,T01,6.57,133.8,1.0
2026-04-26 21:00:00,T02,5.65,90.5,1.0
2026-04-26 21:00:00,T03,7.23,164.4,1.0
2026-04-26 21:00:00,T04,7.64,298.2,1.0
2026-04-26 21:00:00,T05,4.42,9.6,1.0
2026-04-26 22:00:00,T01,3.87,0.0,1.0
2026-04-26 22:00:00,T02,6.92,174.9,1.0
2026-04-26 22:00:00,T03,3.29,38.4,1.0
2026-04-26 22:00:00,T04,7.12,206.4,1.0
2026-04-26 22:00:00,T05,6.51,155.4,1.0
2026-04-26 23:00:00,T01,8.0,376.3,1.0
2026-04-26 23:00:00,T02,3.41,0.0,1.0
2026-04-26 23:00:00,T03,4.56,44.6,1.0
2026-04-26 23:00:00,T04,6.18,98.5,1.0
2026-04-26 23:00:00,T05,6.81,112.2,1.0
2026-04-27 00:00:00,T01,7.05,213.0,1.0
2026-04-27 00:00:00,T02,4.36,0.0,1.0
2026-04-27 00:00:00,T03,2.02,15.0,1.0
2026-04-27 00:00:00,T04,4.05,0.0,1.0
2026-04-27 00:00:00,T05,5.81,18.4,1.0
2026-04-27 01:00:00,T01,7.64,297.2,1.0
2026-04-27 01:00:00,T02,3.56,0.0,1.0
2026-04-27 01:00:00,T03,4.31,0.0,1.0
2026-04-27 01:00:00,T04,8.79,547.0,1.0
2026-04-27 01:00:00,T05,7.27,232.6,1.0
2026-04-27 02:00:00,T01,2.41,0.0,1.0
2026-04-27 02:00:00,T02,7.36,266.9,1.0
2026-04-27 02:00:00,T03,4.44,53.5,1.0
2026-04-27 02:00:00,T04,6.13,99.5,1.0
2026-04-27 02:00:00,T05,2.36,21.6,1.0
2026-04-27 03:00:00,T01,8.6,502.3,1.0
2026-04-27 03:00:00,T02,9.88,889.5,1.0
2026-04-27 03:00:00,T03,3.34,0.0,1.0
2026-04-27 03:00:00,T04,7.67,310.6,1.0
2026-04-27 03:00:00,T05,4.65,7.5,1.0
2026-04-27 04:00:00,T01,6.38,116.0,1.0
2026-04-27 04:00:00,T02,6.17,120.1,1.0
2026-04-27 04:00:00,T03,4.82,9.8,1.0
2026-04-27 04:00:00,T04,4.84,70.1,1.0
2026-04-27 04:00:00,T05,5.88,75.4,1.0
2026-04-27 05:00:00,T01,3.08,0.0,1.0
2026-04-27 05:00:00,T02,3.56,9.3,1.0
2026-04-27 05:00:00,T03,5.84,98.7,1.0
2026-04-27 05:00:00,T04,5.84,20.6,1.0
2026-04-27 05:00:00,T05,8.87,572.5,1.0
2026-04-27 06:00:00,T01,6.98,172.2,1.0
2026-04-27 06:00:00,T02,6.36,116.3,1.0
2026-04-27 06:00:00,T03,8.21,404.6,1.0
2026-04-27 06:00:00,T04,8.97,572.8,1.0
2026-04-27 06:00:00,T05,4.61,0.0,1.0
2026-04-27 07:00:00,T01,7.52,262.0,1.0
2026-04-27 07:00:00,T02,6.48,82.5,1.0
2026-04-27 07:00:00,T03,4.55,65.3,1.0
2026-04-27 07:00:00,T04,7.54,238.6,1.0
2026-04-27 07:00:00,T05,9.57,761.6,1.0
2026-04-27 08:00:00,T01,7.83,323.0,1.0
2026-04-27 08:00:00,T02,9.51,779.1,1.0
2026-04-27 08:00:00,T03,6.12,89.5,1.0
2026-04-27 08:00:00,T04,8.75,525.9,1.0
2026-04-27 08:00:00,T05,6.62,134.5,1.0
2026-04-27 09:00:00,T01,7.71,291.6,1.0
2026-04-27 09:00:00,T02,3.81,0.0,1.0
2026-04-27 09:00:00,T03,8.01,335.0,1.0
2026-04-27 09:00:00,T04,7.67,279.8,1.0
2026-04-27 09:00:00,T05,9.08,639.5,1.0
2026-04-27 10:00:00,T01,8.86,560.5,1.0
2026-04-27 10:00:00,T02,9.32,715.2,1.0
2026-04-27 10:00:00,T03,5.0,6.8,1.0
2026-04-27 10:00:00,T04,9.09,613.7,1.0
2026-04-27 10:00:00,T05,6.39,77.4,1.0
2026-04-27 11:00:00,T01,10.97,1424.1,1.0
2026-04-27 11:00:00,T02,7.02,157.7,1.0
2026-04-27 11:00:00,T03,7.6,221.0,1.0
2026-04-27 11:00:00,T04,6.87,185.1,1.0
2026-04-27 11:00:00,T05,8.37,420.1,1.0
2026-04-27 12:00:00,T01,10.08,1002.7,1.0
2026-04-27 12:00:00,T02,10.97,1394.5,1.0
2026-04-27 12:00:00,T03,8.31,404.8,1.0
2026-04-27 12:00:00,T04,9.91,877.4,1.0
2026-04-27 12:00:00,T05,7.13,187.1,1.0
2026-04-27 13:00:00,T01,3.54,0.0,1.0
2026-04-27 13:00:00,T02,9.75,854.0,1.0
2026-04-27 13:00:00,T03,9.04,633.4,1.0
2026-04-27 13:00:00,T04,7.88,292.4,1.0
2026-04-27 13:00:00,T05,11.94,1972.7,1.0
2026-04-27 14:00:00,T01,7.05,174.3,1.0
2026-04-27 14:00:00,T02,5.7,50.3,1.0
2026-04-27 14:00:00,T03,6.03,91.2,1.0
2026-04-27 14:00:00,T04,8.5,430.6,1.0
2026-04-27 14:00:00,T05,5.11,25.5,1.0
2026-04-27 15:00:00,T01,7.93,325.0,1.0
2026-04-27 15:00:00,T02,8.3,419.3,1.0
2026-04-27 15:00:00,T03,9.55,770.4,1.0
2026-04-27 15:00:00,T04,9.45,725.9,1.0
2026-04-27 15:00:00,T05,4.7,0.0,1.0
2026-04-27 16:00:00,T01,3.91,0.0,1.0
2026-04-27 16:00:00,T02,9.42,720.2,1.0
2026-04-27 16:00:00,T03,10.26,1026.3,1.0
2026-04-27 16:00:00,T04,11.46,1630.7,1.0
2026-04-27 16:00:00,T05,7.09,219.4,1.0
2026-04-27 17:00:00,T01,8.61,486.6,1.0
2026-04-27 17:00:00,T02,7.35,209.9,1.0
2026-04-27 17:00:00,T03,5.55,51.0,1.0
2026-04-27 17:00:00,T04,7.79,300.6,1.0
2026-04-27 17:00:00,T05,7.59,251.3,1.0
2026-04-27 18:00:00,T01,10.71,1290.7,1.0
2026-04-27 18:00:00,T02,4.71,53.9,1.0
2026-04-27 18:00:00,T03,5.42,64.3,1.0
2026-04-27 18:00:00,T04,8.51,454.3,1.0
2026-04-27 18:00:00,T05,5.88,58.0,1.0
2026-04-27 19:00:00,T01,3.19,0.0,1.0
2026-04-27 19:00:00,T02,7.8,329.9,1.0
2026-04-27 19:00:00,T03,7.55,269.8,1.0
2026-04-27 19:00:00,T04,9.37,691.0,1.0
2026-04-27 19:00:00,T05,6.64,92.3,1.0
2026-04-27 20:00:00,T01,6.04,85.4,1.0
2026-04-27 20:00:00,T02,5.62,30.2,1.0
2026-04-27 20:00:00,T03,5.55,49.8,1.0
2026-04-27 20:00:00,T04,4.74,36.3,1.0
2026-04-27 20:00:00,T05,6.3,80.7,1.0
2026-04-27 21:00:00,T01,3.44,0.0,1.0
2026-04-27 21:00:00,T02,2.92,14.2,1.0
2026-04-27 21:00:00,T03,8.63,469.6,1.0
2026-04-27 21:00:00,T04,4.11,2.2,1.0
2026-04-27 21:00:00,T05,6.11,95.8,1.0
2026-04-27 22:00:00,T01,3.44,0.0,1.0
2026-04-27 22:00:00,T02,6.19,70.3,1.0
2026-04-27 22:00:00,T03,7.62,292.1,1.0
2026-04-27 22:00:00,T04,4.95,46.8,1.0
2026-04-27 22:00:00,T05,4.37,15.1,1.0
2026-04-27 23:00:00,T01,8.15,411.1,1.0
2026-04-27 23:00:00,T02,8.71,481.8,1.0
2026-04-27 23:00:00,T03,5.69,0.0,1.0
2026-04-27 23:00:00,T04,5.53,39.5,1.0
2026-04-27 23:00:00,T05,6.49,131.1,1.0
2026-04-28 00:00:00,T01,4.78,1.9,1.0
2026-04-28 00:00:00,T02,5.0,47.9,1.0
2026-04-28 00:00:00,T03,4.73,23.8,1.0
2026-04-28 00:00:00,T04,2.35,0.0,1.0
2026-04-28 00:00:00,T05,5.71,68.2,1.0
2026-04-28 01:00:00,T01,7.17,210.6,1.0
2026-04-28 01:00:00,T02,6.08,37.8,1.0
2026-04-28 01:00:00,T03,5.1,89.8,1.0
2026-04-28 01:00:00,T04,3.13,0.0,1.0
2026-04-28 01:00:00,T05,5.97,124.2,1.0
2026-04-28 02:00:00,T01,2.15,0.0,1.0
2026-04-28 02:00:00,T02,4.98,44.3,1.0
2026-04-28 02:00:00,T03,6.89,123.6,1.0
2026-04-28 02:00:00,T04,5.08,24.4,1.0
2026-04-28 02:00:00,T05,3.46,0.0,1.0
2026-04-28 03:00:00,T01,9.73,882.9,1.0
2026-04-28 03:00:00,T02,0.96,0.0,1.0
2026-04-28 03:00:00,T03,7.45,236.0,1.0
2026-04-28 03:00:00,T04,5.97,89.5,1.0
2026-04-28 03:00:00,T05,7.05,141.1,1.0
2026-04-28 04:00:00,T01,6.33,116.6,1.0
2026-04-28 04:00:00,T02,5.57,41.3,1.0
2026-04-28 04:00:00,T03,7.03,178.8,1.0
2026-04-28 04:00:00,T04,3.43,0.0,1.0
2026-04-28 04:00:00,T05,8.23,365.9,1.0
2026-04-28 05:00:00,T01,9.2,648.0,1.0
2026-04-28 05:00:00,T02,8.13,381.6,1.0
2026-04-28 05:00:00,T03,4.42,0.0,1.0
2026-04-28 05:00:00,T04,6.23,105.3,1.0
2026-04-28 05:00:00,T05,8.54,449.9,1.0
2026-04-28 06:00:00,T01,8.76,537.9,1.0
2026-04-28 06:00:00,T02,11.45,1667.5,1.0
2026-04-28 06:00:00,T03,5.15,53.1,1.0
2026-04-28 06:00:00,T04,3.63,0.0,1.0
2026-04-28 06:00:00,T05,11.15,1461.7,1.0
2026-04-28 07:00:00,T01,5.21,0.0,1.0
2026-04-28 07:00:00,T02,6.72,120.2,1.0
2026-04-28 07:00:00,T03,6.46,125.5,1.0
2026-04-28 07:00:00,T04,8.58,495.5,1.0
2026-04-28 07:00:00,T05,4.27,7.9,1.0
2026-04-28 08:00:00,T01,10.38,1132.7,1.0
2026-04-28 08:00:00,T02,5.94,87.7,1.0
2026-04-28 08:00:00,T03,6.12,86.8,1.0
2026-04-28 08:00:00,T04,7.92,312.4,1.0
2026-04-28 08:00:00,T05,4.67,44.1,1.0
2026-04-28 09:00:00,T01,7.89,313.4,1.0
2026-04-28 09:00:00,T02,8.61,488.0,1.0
2026-04-28 09:00:00,T03,8.47,470.0,1.0
2026-04-28 09:00:00,T04,7.73,311.1,1.0
2026-04-28 09:00:00,T05,5.81,99.3,1.0
2026-04-28 10:00:00,T01,7.49,243.2,1.0
2026-04-28 10:00:00,T02,6.27,64.2,1.0
2026-04-28 10:00:00,T03,10.1,983.1,1.0
2026-04-28 10:00:00,T04,6.97,173.0,1.0
2026-04-28 10:00:00,T05,8.54,479.5,1.0
2026-04-28 11:00:00,T01,7.71,275.3,1.0
2026-04-28 11:00:00,T02,11.1,1453.0,1.0
2026-04-28 11:00:00,T03,9.32,770.5,1.0
2026-04-28 11:00:00,T04,8.66,535.3,1.0
2026-04-28 11:00:00,T05,8.22,443.3,1.0
2026-04-28 12:00:00,T01,7.08,171.6,1.0
2026-04-28 12:00:00,T02,7.75,328.1,1.0
2026-04-28 12:00:00,T03,9.78,858.5,1.0
2026-04-28 12:00:00,T04,4.95,0.0,1.0
2026-04-28 12:00:00,T05,7.18,191.8,1.0
2026-04-28 13:00:00,T01,8.82,557.7,1.0
2026-04-28 13:00:00,T02,7.41,277.0,1.0
2026-04-28 13:00:00,T03,6.59,131.9,1.0
2026-04-28 13:00:00,T04,6.74,106.2,1.0
2026-04-28 13:00:00,T05,9.19,610.3,1.0
2026-04-28 14:00:00,T01,8.4,438.8,1.0
2026-04-28 14:00:00,T02,10.21,1044.4,1.0
2026-04-28 14:00:00,T03,12.37,1957.2,1.0
2026-04-28 14:00:00,T04,7.88,304.0,1.0
2026-04-28 14:00:00,T05,12.53,2000.0,1.0
2026-04-28 15:00:00,T01,8.72,530.9,1.0
2026-04-28 15:00:00,T02,6.84,125.2,1.0
2026-04-28 15:00:00,T03,10.31,1059.7,1.0
2026-04-28 15:00:00,T04,9.11,591.9,1.0
2026-04-28 15:00:00,T05,8.57,428.3,1.0
2026-04-28 16:00:00,T01,7.8,303.0,1.0
2026-04-28 16:00:00,T02,11.99,2000.0,1.0
2026-04-28 16:00:00,T03,7.11,219.2,1.0
2026-04-28 16:00:00,T04,6.19,54.2,1.0
2026-04-28 16:00:00,T05,8.64,473.6,1.0
2026-04-28 17:00:00,T01,8.95,591.4,1.0
2026-04-28 17:00:00,T02,9.5,776.4,1.0
2026-04-28 17:00:00,T03,5.92,34.6,1.0
2026-04-28 17:00:00,T04,4.72,29.4,1.0
2026-04-28 17:00:00,T05,4.78,28.5,1.0
2026-04-28 18:00:00,T01,6.41,98.0,1.0
2026-04-28 18:00:00,T02,7.26,230.7,1.0
2026-04-28 18:00:00,T03,5.95,16.4,1.0
2026-04-28 18:00:00,T04,7.05,182.2,1.0
2026-04-28 18:00:00,T05,2.82,0.0,1.0
2026-04-28 19:00:00,T01,9.49,806.6,1.0
2026-04-28 19:00:00,T02,4.55,29.8,1.0
2026-04-28 19:00:00,T03,8.39,430.8,1.0
2026-04-28 19:00:00,T04,4.53,0.0,1.0
2026-04-28 19:00:00,T05,7.21,199.6,1.0
2026-04-28 20:00:00,T01,3.03,0.0,1.0
2026-04-28 20:00:00,T02,5.19,38.0,1.0
2026-04-28 20:00:00,T03,4.45,42.7,1.0
2026-04-28 20:00:00,T04,3.1,0.0,1.0
2026-04-28 20:00:00,T05,4.92,0.0,1.0
2026-04-28 21:00:00,T01,8.47,480.8,1.0
2026-04-28 21:00:00,T02,7.59,263.9,1.0
2026-04-28 21:00:00,T03,7.38,231.7,1.0
2026-04-28 21:00:00,T04,1.13,0.0,1.0
2026-04-28 21:00:00,T05,10.69,1245.5,1.0
2026-04-28 22:00:00,T01,8.06,389.1,1.0
2026-04-28 22:00:00,T02,6.72,125.7,1.0
2026-04-28 22:00:00,T03,9.05,598.9,1.0
2026-04-28 22:00:00,T04,4.92,60.6,1.0
2026-04-28 22:00:00,T05,6.73,168.0,1.0
2026-04-28 23:00:00,T01,3.25,0.0,1.0
2026-04-28 23:00:00,T02,2.56,0.0,1.0
2026-04-28 23:00:00,T03,5.63,3.4,1.0
2026-04-28 23:00:00,T04,2.16,0.0,1.0
2026-04-28 23:00:00,T05,3.53,0.9,1.0
2026-04-29 00:00:00,T01,9.04,659.9,1.0
2026-04-29 00:00:00,T02,4.26,14.0,1.0
2026-04-29 00:00:00,T03,5.3,44.8,1.0
2026-04-29 00:00:00,T04,4.07,0.0,1.0
2026-04-29 00:00:00,T05,4.36,0.0,1.0
2026-04-29 01:00:00,T01,7.04,206.5,1.0
2026-04-29 01:00:00,T02,5.02,27.3,1.0
2026-04-29 01:00:00,T03,5.97,88.7,1.0
2026-04-29 01:00:00,T04,4.86,37.5,1.0
2026-04-29 01:00:00,T05,0.02,0.0,1.0
2026-04-29 02:00:00,T01,6.57,149.1,1.0
2026-04-29 02:00:00,T02,3.83,15.5,1.0
2026-04-29 02:00:00,T03,8.13,325.2,1.0
2026-04-29 02:00:00,T04,1.79,0.0,1.0
2026-04-29 02:00:00,T05,5.7,33.8,1.0
2026-04-29 03:00:00,T01,5.51,43.9,1.0
2026-04-29 03:00:00,T02,3.14,0.0,1.0
2026-04-29 03:00:00,T03,3.43,28.6,1.0
2026-04-29 03:00:00,T04,5.87,115.7,1.0
2026-04-29 03:00:00,T05,6.53,130.5,1.0
2026-04-29 04:00:00,T01,5.42,33.6,1.0
2026-04-29 04:00:00,T02,5.68,68.7,1.0
2026-04-29 04:00:00,T03,2.13,19.1,1.0
2026-04-29 04:00:00,T04,5.34,21.9,1.0
2026-04-29 04:00:00,T05,6.48,124.2,1.0
2026-04-29 05:00:00,T01,6.75,139.6,1.0
2026-04-29 05:00:00,T02,6.19,140.3,1.0
2026-04-29 05:00:00,T03,5.77,86.9,1.0
2026-04-29 05:00:00,T04,5.39,58.7,1.0
2026-04-29 05:00:00,T05,9.42,706.3,1.0
2026-04-29 06:00:00,T01,8.59,490.2,1.0
2026-04-29 06:00:00,T02,6.14,86.8,1.0
2026-04-29 06:00:00,T03,7.11,204.4,1.0
2026-04-29 06:00:00,T04,7.56,286.4,1.0
2026-04-29 06:00:00,T05,6.05,22.9,1.0
2026-04-29 07:00:00,T01,8.76,560.3,1.0
2026-04-29 07:00:00,T02,4.44,6.6,1.0
2026-04-29 07:00:00,T03,5.6,64.8,1.0
2026-04-29 07:00:00,T04,8.75,508.2,1.0
2026-04-29 07:00:00,T05,4.81,26.6,1.0
2026-04-29 08:00:00,T01,7.71,291.2,1.0
2026-04-29 08:00:00,T02,8.33,424.1,1.0
2026-04-29 08:00:00,T03,7.5,262.5,1.0
2026-04-29 08:00:00,T04,6.92,147.3,1.0
2026-04-29 08:00:00,T05,10.88,1322.0,1.0
2026-04-29 09:00:00,T01,6.37,82.3,1.0
2026-04-29 09:00:00,T02,7.71,338.0,1.0
2026-04-29 09:00:00,T03,7.57,284.1,1.0
2026-04-29 09:00:00,T04,6.57,143.3,1.0
2026-04-29 09:00:00,T05,7.67,296.9,1.0
2026-04-29 10:00:00,T01,9.43,750.3,1.0
2026-04-29 10:00:00,T02,8.88,531.8,1.0
2026-04-29 10:00:00,T03,7.25,164.6,1.0
2026-04-29 10:00:00,T04,8.88,572.6,1.0
2026-04-29 10:00:00,T05,8.15,354.8,1.0
2026-04-29 11:00:00,T01,11.33,1611.6,1.0
2026-04-29 11:00:00,T02,8.57,478.0,1.0
2026-04-29 11:00:00,T03,10.55,1141.4,1.0
2026-04-29 11:00:00,T04,2.48,0.0,1.0
2026-04-29 11:00:00,T05,5.3,8.8,1.0
2026-04-29 12:00:00,T01,8.93,587.5,1.0
2026-04-29 12:00:00,T02,7.45,221.5,1.0
2026-04-29 12:00:00,T03,6.23,74.1,1.0
2026-04-29 12:00:00,T04,7.06,155.5,1.0
2026-04-29 12:00:00,T05,9.21,662.1,1.0
2026-04-29 13:00:00,T01,10.21,1047.7,1.0
2026-04-29 13:00:00,T02,10.26,1037.8,1.0
2026-04-29 13:00:00,T03,7.36,224.2,1.0
2026-04-29 13:00:00,T04,7.09,123.9,1.0
2026-04-29 13:00:00,T05,8.76,582.2,1.0
2026-04-29 14:00:00,T01,7.09,181.2,1.0
2026-04-29 14:00:00,T02,6.35,101.7,1.0
2026-04-29 14:00:00,T03,7.64,284.6,1.0
2026-04-29 14:00:00,T04,8.69,520.7,1.0
2026-04-29 14:00:00,T05,5.73,74.7,1.0
2026-04-29 15:00:00,T01,6.12,60.4,1.0
2026-04-29 15:00:00,T02,6.07,113.2,1.0
2026-04-29 15:00:00,T03,9.25,678.9,1.0
2026-04-29 15:00:00,T04,7.5,243.6,1.0
2026-04-29 15:00:00,T05,9.41,724.3,1.0
2026-04-29 16:00:00,T01,6.44,89.7,1.0
2026-04-29 16:00:00,T02,8.48,495.3,1.0
2026-04-29 16:00:00,T03,11.18,1529.0,1.0
2026-04-29 16:00:00,T04,5.32,30.4,1.0
2026-04-29 16:00:00,T05,7.86,324.2,1.0
2026-04-29 17:00:00,T01,6.11,41.4,1.0
2026-04-29 17:00:00,T02,11.08,1460.1,1.0
2026-04-29 17:00:00,T03,7.66,305.6,1.0
2026-04-29 17:00:00,T04,9.71,786.2,1.0
2026-04-29 17:00:00,T05,9.65,761.4,1.0
2026-04-29 18:00:00,T01,6.68,142.9,1.0
2026-04-29 18:00:00,T02,7.01,167.9,1.0
2026-04-29 18:00:00,T03,6.4,85.7,1.0
2026-04-29 18:00:00,T04,7.21,177.8,1.0
2026-04-29 18:00:00,T05,7.09,160.0,1.0
2026-04-29 19:00:00,T01,7.02,175.6,1.0
2026-04-29 19:00:00,T02,5.83,124.3,1.0
2026-04-29 19:00:00,T03,6.92,171.0,1.0
2026-04-29 19:00:00,T04,7.07,172.4,1.0
2026-04-29 19:00:00,T05,7.85,250.6,1.0
2026-04-29 20:00:00,T01,6.79,138.1,1.0
2026-04-29 20:00:00,T02,7.89,310.8,1.0
2026-04-29 20:00:00,T03,5.76,36.4,1.0
2026-04-29 20:00:00,T04,6.59,109.8,1.0
2026-04-29 20:00:00,T05,4.31,49.4,1.0
2026-04-29 21:00:00,T01,0.0,0.0,1.0
2026-04-29 21:00:00,T02,5.27,18.0,1.0
2026-04-29 21:00:00,T03,4.28,1.1,1.0
2026-04-29 21:00:00,T04,7.49,251.0,1.0
2026-04-29 21:00:00,T05,1.67,38.2,1.0
2026-04-29 22:00:00,T01,3.53,0.0,1.0
2026-04-29 22:00:00,T02,5.27,0.0,1.0
2026-04-29 22:00:00,T03,5.83,70.5,1.0
2026-04-29 22:00:00,T04,6.59,141.6,1.0
2026-04-29 22:00:00,T05,7.48,256.5,1.0
2026-04-29 23:00:00,T01,7.56,288.2,1.0
2026-04-29 23:00:00,T02,7.28,250.4,1.0
2026-04-29 23:00:00,T03,4.27,0.0,1.0
2026-04-29 23:00:00,T04,5.32,91.2,1.0
2026-04-29 23:00:00,T05,2.78,3.4,1.0
2026-04-30 00:00:00,T01,4.63,0.0,1.0
2026-04-30 00:00:00,T02,1.69,24.2,1.0
2026-04-30 00:00:00,T03,5.66,111.9,1.0
2026-04-30 00:00:00,T04,2.43,0.0,1.0
2026-04-30 00:00:00,T05,5.72,16.5,1.0
2026-04-30 01:00:00,T01,5.36,45.2,1.0
2026-04-30 01:00:00,T02,7.3,279.3,1.0
2026-04-30 01:00:00,T03,6.06,92.7,1.0
2026-04-30 01:00:00,T04,5.87,92.7,1.0
2026-04-30 01:00:00,T05,3.78,0.0,1.0
2026-04-30 02:00:00,T01,3.39,0.0,1.0
2026-04-30 02:00:00,T02,8.0,308.4,1.0
2026-04-30 02:00:00,T03,2.05,0.0,1.0
2026-04-30 02:00:00,T04,6.78,127.0,1.0
2026-04-30 02:00:00,T05,8.73,561.2,1.0
2026-04-30 03:00:00,T01,8.96,616.9,1.0
2026-04-30 03:00:00,T02,6.48,152.5,1.0
2026-04-30 03:00:00,T03,1.7,48.2,1.0
2026-04-30 03:00:00,T04,5.04,0.0,1.0
2026-04-30 03:00:00,T05,7.15,199.6,1.0
2026-04-30 04:00:00,T01,6.15,82.3,1.0
2026-04-30 04:00:00,T02,7.49,249.3,1.0
2026-04-30 04:00:00,T03,6.97,162.7,1.0
2026-04-30 04:00:00,T04,4.39,0.0,1.0
2026-04-30 04:00:00,T05,9.33,681.7,1.0
2026-04-30 05:00:00,T01,7.59,272.0,1.0
2026-04-30 05:00:00,T02,6.19,109.6,1.0
2026-04-30 05:00:00,T03,5.4,41.5,1.0
2026-04-30 05:00:00,T04,1.94,0.0,1.0
2026-04-30 05:00:00,T05,8.1,320.3,1.0
2026-04-30 06:00:00,T01,11.33,1641.7,1.0
2026-04-30 06:00:00,T02,7.86,274.0,1.0
2026-04-30 06:00:00,T03,6.96,158.2,1.0
2026-04-30 06:00:00,T04,8.8,535.1,1.0
2026-04-30 06:00:00,T05,5.64,84.9,1.0
2026-04-30 07:00:00,T01,11.15,1521.9,1.0
2026-04-30 07:00:00,T02,8.92,607.2,1.0
2026-04-30 07:00:00,T03,3.61,41.9,1.0
2026-04-30 07:00:00,T04,5.77,38.8,1.0
2026-04-30 07:00:00,T05,8.3,407.0,1.0
2026-04-30 08:00:00,T01,7.81,298.3,1.0
2026-04-30 08:00:00,T02,7.23,227.2,1.0
2026-04-30 08:00:00,T03,8.69,501.8,1.0
2026-04-30 08:00:00,T04,6.25,45.3,1.0
2026-04-30 08:00:00,T05,10.38,1059.3,1.0
2026-04-30 09:00:00,T01,6.92,150.9,1.0
2026-04-30 09:00:00,T02,9.61,793.0,1.0
2026-04-30 09:00:00,T03,8.16,381.1,1.0
2026-04-30 09:00:00,T04,8.3,450.8,1.0
2026-04-30 09:00:00,T05,5.0,0.0,1.0
2026-04-30 10:00:00,T01,6.82,145.2,1.0
2026-04-30 10:00:00,T02,11.41,1646.9,1.0
2026-04-30 10:00:00,T03,11.15,1516.7,1.0
2026-04-30 10:00:00,T04,6.21,77.4,1.0
2026-04-30 10:00:00,T05,6.3,66.9,1.0
2026-04-30 11:00:00,T01,10.62,1228.6,1.0
2026-04-30 11:00:00,T02,9.45,717.6,1.0
2026-04-30 11:00:00,T03,10.4,1126.2,1.0
2026-04-30 11:00:00,T04,7.59,224.9,1.0
2026-04-30 11:00:00,T05,8.77,524.5,1.0
2026-04-30 12:00:00,T01,8.73,512.9,1.0
2026-04-30 12:00:00,T02,12.05,1985.5,1.0
2026-04-30 12:00:00,T03,9.99,933.7,1.0
2026-04-30 12:00:00,T04,8.15,397.7,1.0
2026-04-30 12:00:00,T05,10.57,1195.4,1.0
2026-04-30 13:00:00,T01,6.77,137.4,1.0
2026-04-30 13:00:00,T02,11.21,1506.4,1.0
2026-04-30 13:00:00,T03,7.92,355.4,1.0
2026-04-30 13:00:00,T04,9.49,733.2,1.0
2026-04-30 13:00:00,T05,6.34,90.0,1.0
2026-04-30 14:00:00,T01,10.02,986.6,1.0
2026-04-30 14:00:00,T02,9.37,662.3,1.0
2026-04-30 14:00:00,T03,9.53,827.7,1.0
2026-04-30 14:00:00,T04,10.43,1152.7,1.0
2026-04-30 14:00:00,T05,7.46,262.9,1.0
2026-04-30 15:00:00,T01,7.33,220.5,1.0
2026-04-30 15:00:00,T02,7.2,224.5,1.0
2026-04-30 15:00:00,T03,7.6,275.8,1.0
2026-04-30 15:00:00,T04,9.01,576.0,1.0
2026-04-30 15:00:00,T05,5.11,27.7,1.0
2026-04-30 16:00:00,T01,12.22,2000.0,1.0
2026-04-30 16:00:00,T02,9.64,831.5,1.0
2026-04-30 16:00:00,T03,5.94,72.8,1.0
2026-04-30 16:00:00,T04,4.85,3.9,1.0
2026-04-30 16:00:00,T05,3.66,27.3,1.0
2026-04-30 17:00:00,T01,7.47,247.6,1.0
2026-04-30 17:00:00,T02,8.26,382.2,1.0
2026-04-30 17:00:00,T03,6.51,122.9,1.0
2026-04-30 17:00:00,T04,10.54,1184.2,1.0
2026-04-30 17:00:00,T05,6.31,90.9,1.0
2026-04-30 18:00:00,T01,10.63,1263.9,1.0
2026-04-30 18:00:00,T02,7.73,298.3,1.0
2026-04-30 18:00:00,T03,7.1,221.2,1.0
2026-04-30 18:00:00,T04,7.15,211.2,1.0
2026-04-30 18:00:00,T05,6.61,204.9,1.0
2026-04-30 19:00:00,T01,8.0,351.6,1.0
2026-04-30 19:00:00,T02,4.83,10.1,1.0
2026-04-30 19:00:00,T03,4.72,0.0,1.0
2026-04-30 19:00:00,T04,3.94,21.5,1.0
2026-04-30 19:00:00,T05,4.72,0.0,1.0
2026-04-30 20:00:00,T01,7.98,362.8,1.0
2026-04-30 20:00:00,T02,7.27,221.5,1.0
2026-04-30 20:00:00,T03,5.64,43.6,1.0
2026-04-30 20:00:00,T04,4.87,15.8,1.0
2026-04-30 20:00:00,T05,7.54,233.5,1.0
2026-04-30 21:00:00,T01,4.28,0.0,1.0
2026-04-30 21:00:00,T02,5.15,11.6,1.0
2026-04-30 21:00:00,T03,8.18,342.3,1.0
2026-04-30 21:00:00,T04,4.69,26.4,1.0
2026-04-30 21:00:00,T05,3.1,0.0,1.0
2026-04-30 22:00:00,T01,4.2,0.0,1.0
2026-04-30 22:00:00,T02,6.61,106.9,1.0
2026-04-30 22:00:00,T03,4.05,0.0,1.0
2026-04-30 22:00:00,T04,4.95,39.0,1.0
2026-04-30 22:00:00,T05,6.95,163.4,1.0
2026-04-30 23:00:00,T01,5.96,83.0,1.0
2026-04-30 23:00:00,T02,8.1,390.5,1.0
2026-04-30 23:00:00,T03,4.9,5.8,1.0
2026-04-30 23:00:00,T04,8.72,519.5,1.0
2026-04-30 23:00:00,T05,5.6,5.4,1.0
2026-05-01 00:00:00,T01,7.46,267.7,1.0
2026-05-01 00:00:00,T02,3.1,0.0,1.0
2026-05-01 00:00:00,T03,8.54,465.6,1.0
2026-05-01 00:00:00,T04,6.4,103.8,1.0
2026-05-01 00:00:00,T05,8.31,417.3,1.0
2026-05-01 01:00:00,T01,5.69,54.3,1.0
2026-05-01 01:00:00,T02,5.34,85.6,1.0
2026-05-01 01:00:00,T03,4.54,54.2,1.0
2026-05-01 01:00:00,T04,7.62,235.0,1.0
2026-05-01 01:00:00,T05,7.66,229.4,1.0
2026-05-01 02:00:00,T01,2.67,0.0,1.0
2026-05-01 02:00:00,T02,6.14,85.8,1.0
2026-05-01 02:00:00,T03,5.05,37.0,1.0
2026-05-01 02:00:00,T04,3.98,17.6,1.0
2026-05-01 02:00:00,T05,4.74,18.6,1.0
2026-05-01 03:00:00,T01,2.59,0.0,1.0
2026-05-01 03:00:00,T02,8.8,513.3,1.0
2026-05-01 03:00:00,T03,3.02,0.0,1.0
2026-05-01 03:00:00,T04,6.11,83.6,1.0
2026-05-01 03:00:00,T05,6.74,109.9,1.0
2026-05-01 04:00:00,T01,3.8,0.0,1.0
2026-05-01 04:00:00,T02,12.38,2000.0,1.0
2026-05-01 04:00:00,T03,5.35,17.6,1.0
2026-05-01 04:00:00,T04,8.03,339.3,1.0
2026-05-01 04:00:00,T05,11.08,1437.1,1.0
2026-05-01 05:00:00,T01,3.08,0.0,1.0
2026-05-01 05:00:00,T02,8.85,566.4,1.0
2026-05-01 05:00:00,T03,4.58,45.3,1.0
2026-05-01 05:00:00,T04,5.78,90.6,1.0
2026-05-01 05:00:00,T05,7.27,228.3,1.0
2026-05-01 06:00:00,T01,7.42,239.1,1.0
2026-05-01 06:00:00,T02,7.21,222.5,1.0
2026-05-01 06:00:00,T03,2.61,28.2,1.0
2026-05-01 06:00:00,T04,3.61,0.0,1.0
2026-05-01 06:00:00,T05,5.77,115.8,1.0
2026-05-01 07:00:00,T01,10.7,1281.5,1.0
2026-05-01 07:00:00,T02,6.6,158.0,1.0
2026-05-01 07:00:00,T03,7.67,280.5,1.0
2026-05-01 07:00:00,T04,6.61,170.6,1.0
2026-05-01 07:00:00,T05,4.95,0.0,1.0
2026-05-01 08:00:00,T01,7.1,188.2,1.0
2026-05-01 08:00:00,T02,6.73,126.5,1.0
2026-05-01 08:00:00,T03,8.02,337.0,1.0
2026-05-01 08:00:00,T04,8.59,479.9,1.0
2026-05-01 08:00:00,T05,7.76,292.3,1.0
2026-05-01 09:00:00,T01,4.54,0.0,1.0
2026-05-01 09:00:00,T02,7.57,258.6,1.0
2026-05-01 09:00:00,T03,6.79,177.5,1.0
2026-05-01 09:00:00,T04,5.97,80.0,1.0
2026-05-01 09:00:00,T05,10.51,1146.0,1.0
2026-05-01 10:00:00,T01,7.85,308.9,1.0
2026-05-01 10:00:00,T02,8.26,396.0,1.0
2026-05-01 10:00:00,T03,11.72,1795.3,1.0
2026-05-01 10:00:00,T04,8.28,394.3,1.0
2026-05-01 10:00:00,T05,8.33,392.7,1.0
2026-05-01 11:00:00,T01,7.94,327.1,1.0
2026-05-01 11:00:00,T02,10.91,1325.5,1.0
2026-05-01 11:00:00,T03,4.32,16.1,1.0
2026-05-01 11:00:00,T04,6.63,89.5,1.0
2026-05-01 11:00:00,T05,7.63,254.4,1.0
2026-05-01 12:00:00,T01,12.77,2000.0,1.0
2026-05-01 12:00:00,T02,4.55,3.7,1.0
2026-05-01 12:00:00,T03,5.95,127.0,1.0
2026-05-01 12:00:00,T04,9.23,661.1,1.0
2026-05-01 12:00:00,T05,8.56,491.4,1.0
2026-05-01 13:00:00,T01,6.75,108.7,1.0
2026-05-01 13:00:00,T02,8.57,508.1,1.0
2026-05-01 13:00:00,T03,8.29,411.2,1.0
2026-05-01 13:00:00,T04,6.69,146.6,1.0
2026-05-01 13:00:00,T05,8.99,577.5,1.0
2026-05-01 14:00:00,T01,7.65,265.6,1.0
2026-05-01 14:00:00,T02,9.15,642.7,1.0
2026-05-01 14:00:00,T03,9.64,784.3,1.0
2026-05-01 14:00:00,T04,8.12,384.6,1.0
2026-05-01 14:00:00,T05,5.43,95.7,1.0
2026-05-01 15:00:00,T01,10.01,985.7,1.0
2026-05-01 15:00:00,T02,5.3,0.0,1.0
2026-05-01 15:00:00,T03,7.64,284.2,1.0
2026-05-01 15:00:00,T04,7.4,228.4,1.0
2026-05-01 15:00:00,T05,10.58,1203.2,1.0
2026-05-01 16:00:00,T01,8.13,381.3,1.0
2026-05-01 16:00:00,T02,9.33,657.9,1.0
2026-05-01 16:00:00,T03,6.79,137.4,1.0
2026-05-01 16:00:00,T04,6.53,65.8,1.0
2026-05-01 16:00:00,T05,11.0,1378.2,1.0
2026-05-01 17:00:00,T01,8.38,441.9,1.0
2026-05-01 17:00:00,T02,7.32,263.5,1.0
2026-05-01 17:00:00,T03,4.92,0.0,1.0
2026-05-01 17:00:00,T04,5.7,15.5,1.0
2026-05-01 17:00:00,T05,6.32,91.1,1.0
2026-05-01 18:00:00,T01,8.68,506.1,1.0
2026-05-01 18:00:00,T02,7.96,331.7,1.0
2026-05-01 18:00:00,T03,9.96,943.2,1.0
2026-05-01 18:00:00,T04,3.63,52.0,1.0
2026-05-01 18:00:00,T05,6.15,65.8,1.0
2026-05-01 19:00:00,T01,6.8,158.4,1.0
2026-05-01 19:00:00,T02,6.04,60.8,1.0
2026-05-01 19:00:00,T03,5.32,62.3,1.0
2026-05-01 19:00:00,T04,6.44,84.5,1.0
2026-05-01 19:00:00,T05,7.66,297.4,1.0
2026-05-01 20:00:00,T01,8.59,498.5,1.0
2026-05-01 20:00:00,T02,6.07,72.6,1.0
2026-05-01 20:00:00,T03,7.06,175.6,1.0
2026-05-01 20:00:00,T04,7.35,262.0,1.0
2026-05-01 20:00:00,T05,4.55,0.0,1.0
2026-05-01 21:00:00,T01,4.17,0.0,1.0
2026-05-01 21:00:00,T02,1.77,0.0,1.0
2026-05-01 21:00:00,T03,7.1,179.9,1.0
2026-05-01 21:00:00,T04,5.48,18.6,1.0
2026-05-01 21:00:00,T05,6.85,123.0,1.0
2026-05-01 22:00:00,T01,6.62,152.1,1.0
2026-05-01 22:00:00,T02,7.65,311.9,1.0
2026-05-01 22:00:00,T03,2.6,0.0,1.0
2026-05-01 22:00:00,T04,4.42,3.4,1.0
2026-05-01 22:00:00,T05,7.64,259.4,1.0
2026-05-01 23:00:00,T01,2.97,0.0,1.0
2026-05-01 23:00:00,T02,7.01,166.7,1.0
2026-05-01 23:00:00,T03,6.69,133.8,1.0
2026-05-01 23:00:00,T04,5.18,44.0,1.0
2026-05-01 23:00:00,T05,5.35,52.6,1.0
2026-05-02 00:00:00,T01,6.25,102.2,1.0
2026-05-02 00:00:00,T02,5.37,70.9,1.0
2026-05-02 00:00:00,T03,4.22,0.0,1.0
2026-05-02 00:00:00,T04,8.36,402.1,1.0
2026-05-02 00:00:00,T05,5.84,94.0,1.0
2026-05-02 01:00:00,T01,7.22,211.2,1.0
2026-05-02 01:00:00,T02,3.94,3.6,1.0
2026-05-02 01:00:00,T03,5.72,30.0,1.0
2026-05-02 01:00:00,T04,0.0,39.8,1.0
2026-05-02 01:00:00,T05,9.8,897.2,1.0
2026-05-02 02:00:00,T01,6.34,86.6,1.0
2026-05-02 02:00:00,T02,4.43,43.7,1.0
2026-05-02 02:00:00,T03,7.13,240.0,1.0
2026-05-02 02:00:00,T04,6.25,95.7,1.0
2026-05-02 02:00:00,T05,10.95,1394.2,1.0
2026-05-02 03:00:00,T01,5.78,58.3,1.0
2026-05-02 03:00:00,T02,2.89,6.4,1.0
2026-05-02 03:00:00,T03,5.06,35.5,1.0
2026-05-02 03:00:00,T04,3.96,13.9,1.0
2026-05-02 03:00:00,T05,7.77,296.2,1.0
2026-05-02 04:00:00,T01,4.2,0.0,1.0
2026-05-02 04:00:00,T02,6.46,134.5,1.0
2026-05-02 04:00:00,T03,9.43,742.1,1.0
2026-05-02 04:00:00,T04,6.1,74.9,1.0
2026-05-02 04:00:00,T05,2.16,19.9,1.0
2026-05-02 05:00:00,T01,4.98,0.0,1.0
2026-05-02 05:00:00,T02,9.57,795.1,1.0
2026-05-02 05:00:00,T03,9.02,619.6,1.0
2026-05-02 05:00:00,T04,5.96,87.9,1.0
2026-05-02 05:00:00,T05,6.65,104.9,1.0
2026-05-02 06:00:00,T01,5.99,64.6,1.0
2026-05-02 06:00:00,T02,7.34,240.3,1.0
2026-05-02 06:00:00,T03,7.42,255.4,1.0
2026-05-02 06:00:00,T04,5.49,81.7,1.0
2026-05-02 06:00:00,T05,4.5,0.0,1.0
2026-05-02 07:00:00,T01,4.85,0.0,1.0
2026-05-02 07:00:00,T02,6.83,162.7,1.0
2026-05-02 07:00:00,T03,9.54,755.8,1.0
2026-05-02 07:00:00,T04,4.14,0.8,1.0
2026-05-02 07:00:00,T05,8.07,369.2,1.0
2026-05-02 08:00:00,T01,9.52,770.0,1.0
2026-05-02 08:00:00,T02,4.57,4.7,1.0
2026-05-02 08:00:00,T03,11.46,1665.1,1.0
2026-05-02 08:00:00,T04,5.76,100.7,1.0
2026-05-02 08:00:00,T05,8.77,502.9,1.0
2026-05-02 09:00:00,T01,6.6,99.1,1.0
2026-05-02 09:00:00,T02,8.01,393.0,1.0
2026-05-02 09:00:00,T03,10.63,1211.5,1.0
2026-05-02 09:00:00,T04,10.7,1237.3,1.0
2026-05-02 09:00:00,T05,10.6,1201.4,1.0
2026-05-02 10:00:00,T01,9.66,827.5,1.0
2026-05-02 10:00:00,T02,8.02,323.9,1.0
2026-05-02 10:00:00,T03,6.3,109.2,1.0
2026-05-02 10:00:00,T04,7.51,270.0,1.0
2026-05-02 10:00:00,T05,10.91,1362.6,1.0
2026-05-02 11:00:00,T01,5.79,30.1,1.0
2026-05-02 11:00:00,T02,7.8,303.4,1.0
2026-05-02 11:00:00,T03,12.13,2000.0,1.0
2026-05-02 11:00:00,T04,7.28,226.7,1.0
2026-05-02 11:00:00,T05,6.43,116.8,1.0
2026-05-02 12:00:00,T01,7.34,210.1,1.0
2026-05-02 12:00:00,T02,8.23,393.8,1.0
2026-05-02 12:00:00,T03,6.21,81.2,1.0
2026-05-02 12:00:00,T04,8.3,381.9,1.0
2026-05-02 12:00:00,T05,9.36,730.7,1.0
2026-05-02 13:00:00,T01,6.69,121.7,1.0
2026-05-02 13:00:00,T02,7.13,202.7,1.0
2026-05-02 13:00:00,T03,5.84,29.5,1.0
2026-05-02 13:00:00,T04,8.1,368.7,1.0
2026-05-02 13:00:00,T05,7.03,200.5,1.0
2026-05-02 14:00:00,T01,9.79,892.4,1.0
2026-05-02 14:00:00,T02,7.24,197.8,1.0
2026-05-02 14:00:00,T03,9.77,851.0,1.0
2026-05-02 14:00:00,T04,8.25,398.1,1.0
2026-05-02 14:00:00,T05,6.18,93.0,1.0
2026-05-02 15:00:00,T01,7.97,345.7,1.0
2026-05-02 15:00:00,T02,5.71,62.2,1.0
2026-05-02 15:00:00,T03,6.49,110.7,1.0
2026-05-02 15:00:00,T04,8.72,492.7,1.0
2026-05-02 15:00:00,T05,7.16,186.0,1.0
2026-05-02 16:00:00,T01,5.95,65.0,1.0
2026-05-02 16:00:00,T02,7.52,248.5,1.0
2026-05-02 16:00:00,T03,10.32,1020.2,1.0
2026-05-02 16:00:00,T04,4.18,13.4,1.0
2026-05-02 16:00:00,T05,5.93,72.0,1.0
2026-05-02 17:00:00,T01,7.61,281.3,1.0
2026-05-02 17:00:00,T02,7.48,206.5,1.0
2026-05-02 17:00:00,T03,3.85,14.3,1.0
2026-05-02 17:00:00,T04,4.21,8.5,1.0
2026-05-02 17:00:00,T05,9.12,615.3,1.0
2026-05-02 18:00:00,T01,2.35,0.0,1.0
2026-05-02 18:00:00,T02,6.74,144.0,1.0
2026-05-02 18:00:00,T03,6.74,165.5,1.0
2026-05-02 18:00:00,T04,9.14,633.5,1.0
2026-05-02 18:00:00,T05,6.39,101.8,1.0
2026-05-02 19:00:00,T01,5.71,53.7,1.0
2026-05-02 19:00:00,T02,6.45,84.7,1.0
2026-05-02 19:00:00,T03,7.23,267.6,1.0
2026-05-02 19:00:00,T04,5.97,70.2,1.0
2026-05-02 19:00:00,T05,4.75,80.2,1.0
2026-05-02 20:00:00,T01,9.21,706.8,1.0
2026-05-02 20:00:00,T02,8.01,302.6,1.0
2026-05-02 20:00:00,T03,2.09,0.0,1.0
2026-05-02 20:00:00,T04,6.33,99.2,1.0
2026-05-02 20:00:00,T05,5.99,78.2,1.0
2026-05-02 21:00:00,T01,5.41,41.9,1.0
2026-05-02 21:00:00,T02,5.44,43.3,1.0
2026-05-02 21:00:00,T03,7.59,248.4,1.0
2026-05-02 21:00:00,T04,4.95,11.3,1.0
2026-05-02 21:00:00,T05,6.97,183.1,1.0
2026-05-02 22:00:00,T01,4.75,16.3,1.0
2026-05-02 22:00:00,T02,6.17,99.3,1.0
2026-05-02 22:00:00,T03,2.45,0.0,1.0
2026-05-02 22:00:00,T04,7.49,252.3,1.0
2026-05-02 22:00:00,T05,2.85,0.0,1.0
2026-05-02 23:00:00,T01,6.33,114.6,1.0
2026-05-02 23:00:00,T02,8.45,458.2,1.0
2026-05-02 23:00:00,T03,5.43,43.9,1.0
2026-05-02 23:00:00,T04,4.69,0.0,1.0
2026-05-02 23:00:00,T05,3.67,26.3,1.0
2026-05-03 00:00:00,T01,6.63,153.2,1.0
2026-05-03 00:00:00,T02,3.11,14.2,1.0
2026-05-03 00:00:00,T03,4.52,14.4,1.0
2026-05-03 00:00:00,T04,5.26,98.0,1.0
2026-05-03 00:00:00,T05,2.51,19.0,1.0
2026-05-03 01:00:00,T01,1.67,0.0,1.0
2026-05-03 01:00:00,T02,1.24,0.0,1.0
2026-05-03 01:00:00,T03,5.39,16.9,1.0
2026-05-03 01:00:00,T04,6.65,98.1,1.0
2026-05-03 01:00:00,T05,8.35,438.6,1.0
2026-05-03 02:00:00,T01,1.81,0.0,1.0
2026-05-03 02:00:00,T02,7.44,206.6,1.0
2026-05-03 02:00:00,T03,6.36,97.7,1.0
2026-05-03 02:00:00,T04,3.02,0.0,1.0
2026-05-03 02:00:00,T05,4.28,11.1,1.0
2026-05-03 03:00:00,T01,6.18,93.8,1.0
2026-05-03 03:00:00,T02,5.66,101.1,1.0
2026-05-03 03:00:00,T03,6.61,77.7,1.0
2026-05-03 03:00:00,T04,5.42,26.1,1.0
2026-05-03 03:00:00,T05,5.5,68.8,1.0
2026-05-03 04:00:00,T01,4.16,0.0,1.0
2026-05-03 04:00:00,T02,9.4,694.2,1.0
2026-05-03 04:00:00,T03,3.85,24.2,1.0
2026-05-03 04:00:00,T04,7.16,248.6,1.0
2026-05-03 04:00:00,T05,7.98,371.1,1.0
2026-05-03 05:00:00,T01,8.21,421.1,1.0
2026-05-03 05:00:00,T02,8.66,513.7,1.0
2026-05-03 05:00:00,T03,4.47,0.0,1.0
2026-05-03 05:00:00,T04,7.09,154.9,1.0
2026-05-03 05:00:00,T05,3.49,7.4,1.0
2026-05-03 06:00:00,T01,5.24,23.1,1.0
2026-05-03 06:00:00,T02,7.36,209.8,1.0
2026-05-03 06:00:00,T03,6.47,110.4,1.0
2026-05-03 06:00:00,T04,5.26,42.2,1.0
2026-05-03 06:00:00,T05,4.49,6.2,1.0
2026-05-03 07:00:00,T01,4.18,0.0,1.0
2026-05-03 07:00:00,T02,9.43,731.2,1.0
2026-05-03 07:00:00,T03,4.09,0.0,1.0
2026-05-03 07:00:00,T04,8.92,574.5,1.0
2026-05-03 07:00:00,T05,9.79,881.1,1.0
2026-05-03 08:00:00,T01,4.86,0.0,1.0
2026-05-03 08:00:00,T02,5.98,57.1,1.0
2026-05-03 08:00:00,T03,9.32,654.6,1.0
2026-05-03 08:00:00,T04,8.67,507.2,1.0
2026-05-03 08:00:00,T05,11.66,1761.5,1.0
2026-05-03 09:00:00,T01,2.42,0.0,1.0
2026-05-03 09:00:00,T02,7.18,214.7,1.0
2026-05-03 09:00:00,T03,8.13,351.6,1.0
2026-05-03 09:00:00,T04,10.78,1324.8,1.0
2026-05-03 09:00:00,T05,8.49,435.6,1.0
2026-05-03 10:00:00,T01,6.79,143.5,1.0
2026-05-03 10:00:00,T02,11.78,1859.7,1.0
2026-05-03 10:00:00,T03,12.8,1926.1,1.0
2026-05-03 10:00:00,T04,7.12,222.8,1.0
2026-05-03 10:00:00,T05,10.38,1099.7,1.0
2026-05-03 11:00:00,T01,7.11,185.9,1.0
2026-05-03 11:00:00,T02,6.76,134.4,1.0
2026-05-03 11:00:00,T03,10.73,1231.1,1.0
2026-05-03 11:00:00,T04,10.57,1176.7,1.0
2026-05-03 11:00:00,T05,5.82,17.8,1.0
2026-05-03 12:00:00,T01,7.35,215.4,1.0
2026-05-03 12:00:00,T02,8.77,500.1,1.0
2026-05-03 12:00:00,T03,6.69,167.0,1.0
2026-05-03 12:00:00,T04,10.08,977.2,1.0
2026-05-03 12:00:00,T05,6.91,184.4,1.0
2026-05-03 13:00:00,T01,10.0,966.6,1.0
2026-05-03 13:00:00,T02,5.96,78.0,1.0
2026-05-03 13:00:00,T03,6.67,147.4,1.0
2026-05-03 13:00:00,T04,8.1,317.7,1.0
2026-05-03 13:00:00,T05,7.91,300.4,1.0
2026-05-03 14:00:00,T01,10.99,1431.3,1.0
2026-05-03 14:00:00,T02,9.13,600.7,1.0
2026-05-03 14:00:00,T03,11.28,1510.0,1.0
2026-05-03 14:00:00,T04,9.37,711.1,1.0
2026-05-03 14:00:00,T05,11.59,1725.2,1.0
2026-05-03 15:00:00,T01,6.49,112.3,1.0
2026-05-03 15:00:00,T02,9.58,792.3,1.0
2026-05-03 15:00:00,T03,2.41,34.5,1.0
2026-05-03 15:00:00,T04,8.04,330.4,1.0
2026-05-03 15:00:00,T05,6.82,147.6,1.0
2026-05-03 16:00:00,T01,4.16,0.0,1.0
2026-05-03 16:00:00,T02,5.09,90.8,1.0
2026-05-03 16:00:00,T03,6.97,177.8,1.0
2026-05-03 16:00:00,T04,4.93,14.9,1.0
2026-05-03 16:00:00,T05,9.24,666.2,1.0
2026-05-03 17:00:00,T01,7.86,331.1,1.0
2026-05-03 17:00:00,T02,6.47,148.7,1.0
2026-05-03 17:00:00,T03,10.78,1226.5,1.0
2026-05-03 17:00:00,T04,11.77,1810.9,1.0
2026-05-03 17:00:00,T05,4.7,5.0,1.0
2026-05-03 18:00:00,T01,7.24,222.9,1.0
2026-05-03 18:00:00,T02,9.04,621.1,1.0
2026-05-03 18:00:00,T03,7.04,195.6,1.0
2026-05-03 18:00:00,T04,4.34,16.7,1.0
2026-05-03 18:00:00,T05,8.75,519.0,1.0
2026-05-03 19:00:00,T01,7.01,184.7,1.0
2026-05-03 19:00:00,T02,6.02,73.4,1.0
2026-05-03 19:00:00,T03,7.03,195.6,1.0
2026-05-03 19:00:00,T04,6.26,53.0,1.0
2026-05-03 19:00:00,T05,8.6,480.0,1.0
2026-05-03 20:00:00,T01,8.4,455.6,1.0
2026-05-03 20:00:00,T02,6.07,30.9,1.0
2026-05-03 20:00:00,T03,6.73,149.8,1.0
2026-05-03 20:00:00,T04,5.88,69.0,1.0
2026-05-03 20:00:00,T05,6.01,63.9,1.0
2026-05-03 21:00:00,T01,4.3,0.0,1.0
2026-05-03 21:00:00,T02,6.37,71.5,1.0
2026-05-03 21:00:00,T03,6.49,75.9,1.0
2026-05-03 21:00:00,T04,4.03,0.0,1.0
2026-05-03 21:00:00,T05,4.35,0.0,1.0
2026-05-03 22:00:00,T01,8.43,490.5,1.0
2026-05-03 22:00:00,T02,9.04,636.9,1.0
2026-05-03 22:00:00,T03,3.89,0.0,1.0
2026-05-03 22:00:00,T04,5.48,20.8,1.0
2026-05-03 22:00:00,T05,7.53,282.1,1.0
2026-05-03 23:00:00,T01,3.54,0.0,1.0
2026-05-03 23:00:00,T02,3.35,0.0,1.0
2026-05-03 23:00:00,T03,4.78,8.0,1.0
2026-05-03 23:00:00,T04,5.58,75.9,1.0
2026-05-03 23:00:00,T05,6.03,23.6,1.0
2026-05-04 00:00:00,T01,7.78,318.2,1.0
2026-05-04 00:00:00,T02,5.07,7.0,1.0
2026-05-04 00:00:00,T03,7.38,234.8,1.0
2026-05-04 00:00:00,T04,2.3,14.7,1.0
2026-05-04 00:00:00,T05,5.75,52.1,1.0
2026-05-04 01:00:00,T01,1.89,0.0,1.0
2026-05-04 01:00:00,T02,4.38,3.1,1.0
2026-05-04 01:00:00,T03,5.36,33.4,1.0
2026-05-04 01:00:00,T04,7.12,220.1,1.0
2026-05-04 01:00:00,T05,5.29,21.4,1.0
2026-05-04 02:00:00,T01,4.29,0.0,1.0
2026-05-04 02:00:00,T02,6.47,88.4,1.0
2026-05-04 02:00:00,T03,5.2,53.9,1.0
2026-05-04 02:00:00,T04,9.46,777.4,1.0
2026-05-04 02:00:00,T05,4.73,24.6,1.0
2026-05-04 03:00:00,T01,7.74,330.1,1.0
2026-05-04 03:00:00,T02,9.06,580.2,1.0
2026-05-04 03:00:00,T03,7.09,205.8,1.0
2026-05-04 03:00:00,T04,6.97,152.6,1.0
2026-05-04 03:00:00,T05,6.59,90.1,1.0
2026-05-04 04:00:00,T01,5.89,59.7,1.0
2026-05-04 04:00:00,T02,7.88,317.4,1.0
2026-05-04 04:00:00,T03,7.97,342.9,1.0
2026-05-04 04:00:00,T04,7.17,236.9,1.0
2026-05-04 04:00:00,T05,7.38,218.6,1.0
2026-05-04 05:00:00,T01,8.54,486.4,1.0
2026-05-04 05:00:00,T02,8.96,559.3,1.0
2026-05-04 05:00:00,T03,6.94,183.8,1.0
2026-05-04 05:00:00,T04,7.6,230.1,1.0
2026-05-04 05:00:00,T05,7.89,318.7,1.0
2026-05-04 06:00:00,T01,8.39,436.2,1.0
2026-05-04 06:00:00,T02,6.19,70.6,1.0
2026-05-04 06:00:00,T03,4.46,0.0,1.0
2026-05-04 06:00:00,T04,5.24,49.6,1.0
2026-05-04 06:00:00,T05,9.37,736.2,1.0
2026-05-04 07:00:00,T01,6.91,161.6,1.0
2026-05-04 07:00:00,T02,6.15,66.4,1.0
2026-05-04 07:00:00,T03,4.68,23.3,1.0
2026-05-04 07:00:00,T04,9.85,868.9,1.0
2026-05-04 07:00:00,T05,8.38,436.4,1.0
2026-05-04 08:00:00,T01,10.02,985.0,1.0
2026-05-04 08:00:00,T02,9.18,659.5,1.0
2026-05-04 08:00:00,T03,8.32,367.5,1.0
2026-05-04 08:00:00,T04,8.72,491.3,1.0
2026-05-04 08:00:00,T05,7.1,159.5,1.0
2026-05-04 09:00:00,T01,6.95,162.9,1.0
2026-05-04 09:00:00,T02,10.36,1089.2,1.0
2026-05-04 09:00:00,T03,8.37,355.8,1.0
2026-05-04 09:00:00,T04,9.32,708.4,1.0
2026-05-04 09:00:00,T05,7.47,232.9,1.0
2026-05-04 10:00:00,T01,4.89,0.0,1.0
2026-05-04 10:00:00,T02,7.71,282.6,1.0
2026-05-04 10:00:00,T03,10.81,1201.1,1.0
2026-05-04 10:00:00,T04,11.72,1843.0,1.0
2026-05-04 10:00:00,T05,8.18,403.3,1.0
2026-05-04 11:00:00,T01,7.03,159.9,1.0
2026-05-04 11:00:00,T02,9.63,815.8,1.0
2026-05-04 11:00:00,T03,14.72,1842.7,1.0
2026-05-04 11:00:00,T04,11.21,1539.2,1.0
2026-05-04 11:00:00,T05,10.45,1104.3,1.0
2026-05-04 12:00:00,T01,9.72,845.9,1.0
2026-05-04 12:00:00,T02,8.93,568.8,1.0
2026-05-04 12:00:00,T03,12.61,1839.3,1.0
2026-05-04 12:00:00,T04,8.35,425.0,1.0
2026-05-04 12:00:00,T05,7.95,330.0,1.0
2026-05-04 13:00:00,T01,9.34,710.4,1.0
2026-05-04 13:00:00,T02,8.84,539.4,1.0
2026-05-04 13:00:00,T03,6.91,197.0,1.0
2026-05-04 13:00:00,T04,9.54,771.5,1.0
2026-05-04 13:00:00,T05,9.44,733.2,1.0
2026-05-04 14:00:00,T01,4.41,0.0,1.0
2026-05-04 14:00:00,T02,7.02,190.3,1.0
2026-05-04 14:00:00,T03,7.11,178.6,1.0
2026-05-04 14:00:00,T04,10.99,1414.9,1.0
2026-05-04 14:00:00,T05,6.49,106.8,1.0
2026-05-04 15:00:00,T01,7.29,199.2,1.0
2026-05-04 15:00:00,T02,10.14,1015.4,1.0
2026-05-04 15:00:00,T03,4.83,71.3,1.0
2026-05-04 15:00:00,T04,8.92,576.1,1.0
2026-05-04 15:00:00,T05,11.61,1816.0,1.0
2026-05-04 16:00:00,T01,5.32,19.7,1.0
2026-05-04 16:00:00,T02,6.03,72.6,1.0
2026-05-04 16:00:00,T03,8.49,417.9,1.0
2026-05-04 16:00:00,T04,5.68,66.6,1.0
2026-05-04 16:00:00,T05,7.09,178.1,1.0
2026-05-04 17:00:00,T01,6.8,140.9,1.0
2026-05-04 17:00:00,T02,7.59,266.9,1.0
2026-05-04 17:00:00,T03,6.91,150.3,1.0
2026-05-04 17:00:00,T04,10.04,964.3,1.0
2026-05-04 17:00:00,T05,5.33,46.1,1.0
2026-05-04 18:00:00,T01,5.46,6.5,1.0
2026-05-04 18:00:00,T02,3.51,0.0,1.0
2026-05-04 18:00:00,T03,8.32,346.0,1.0
2026-05-04 18:00:00,T04,8.06,375.7,1.0
2026-05-04 18:00:00,T05,6.08,60.9,1.0
2026-05-04 19:00:00,T01,5.74,40.8,1.0
2026-05-04 19:00:00,T02,7.38,208.9,1.0
2026-05-04 19:00:00,T03,4.33,31.1,1.0
2026-05-04 19:00:00,T04,11.06,1396.1,1.0
2026-05-04 19:00:00,T05,8.51,472.4,1.0
2026-05-04 20:00:00,T01,6.13,66.2,1.0
2026-05-04 20:00:00,T02,4.85,36.7,1.0
2026-05-04 20:00:00,T03,5.78,41.8,1.0
2026-05-04 20:00:00,T04,4.89,15.1,1.0
2026-05-04 20:00:00,T05,3.79,23.1,1.0
2026-05-04 21:00:00,T01,6.57,144.0,1.0
2026-05-04 21:00:00,T02,5.41,49.4,1.0
2026-05-04 21:00:00,T03,5.0,5.4,1.0
2026-05-04 21:00:00,T04,2.43,0.0,1.0
2026-05-04 21:00:00,T05,3.9,0.0,1.0
2026-05-04 22:00:00,T01,6.86,178.5,1.0
2026-05-04 22:00:00,T02,3.96,13.8,1.0
2026-05-04 22:00:00,T03,6.81,165.7,1.0
2026-05-04 22:00:00,T04,4.35,13.7,1.0
2026-05-04 22:00:00,T05,6.76,144.5,1.0
2026-05-04 23:00:00,T01,5.33,31.1,1.0
2026-05-04 23:00:00,T02,2.72,7.0,1.0
2026-05-04 23:00:00,T03,3.22,26.1,1.0
2026-05-04 23:00:00,T04,4.02,43.9,1.0
2026-05-04 23:00:00,T05,6.01,52.6,1.0
2026-05-05 00:00:00,T01,4.25,0.0,1.0
2026-05-05 00:00:00,T02,6.41,110.3,1.0
2026-05-05 00:00:00,T03,8.43,419.7,1.0
2026-05-05 00:00:00,T04,4.62,0.0,1.0
2026-05-05 00:00:00,T05,4.42,0.0,1.0
2026-05-05 01:00:00,T01,5.31,37.4,1.0
2026-05-05 01:00:00,T02,5.64,67.8,1.0
2026-05-05 01:00:00,T03,5.14,15.9,1.0
2026-05-05 01:00:00,T04,10.17,1012.4,1.0
2026-05-05 01:00:00,T05,5.18,54.2,1.0
2026-05-05 02:00:00,T01,3.12,0.0,1.0
2026-05-05 02:00:00,T02,4.29,29.3,1.0
2026-05-05 02:00:00,T03,5.0,18.6,1.0
2026-05-05 02:00:00,T04,5.37,55.3,1.0
2026-05-05 02:00:00,T05,5.9,53.3,1.0
2026-05-05 03:00:00,T01,2.67,0.0,1.0
2026-05-05 03:00:00,T02,6.84,178.7,1.0
2026-05-05 03:00:00,T03,3.3,0.0,1.0
2026-05-05 03:00:00,T04,8.76,473.8,1.0
2026-05-05 03:00:00,T05,4.36,0.0,1.0
2026-05-05 04:00:00,T01,3.98,0.0,1.0
2026-05-05 04:00:00,T02,5.09,22.5,1.0
2026-05-05 04:00:00,T03,5.12,40.8,1.0
2026-05-05 04:00:00,T04,4.96,7.7,1.0
2026-05-05 04:00:00,T05,7.6,311.7,1.0
2026-05-05 05:00:00,T01,4.66,0.0,1.0
2026-05-05 05:00:00,T02,7.03,214.9,1.0
2026-05-05 05:00:00,T03,6.72,160.1,1.0
2026-05-05 05:00:00,T04,9.35,712.2,1.0
2026-05-05 05:00:00,T05,9.89,879.1,1.0
2026-05-05 06:00:00,T01,4.14,0.0,1.0
2026-05-05 06:00:00,T02,6.98,178.2,1.0
2026-05-05 06:00:00,T03,6.09,80.4,1.0
2026-05-05 06:00:00,T04,11.43,1571.1,1.0
2026-05-05 06:00:00,T05,10.69,1240.5,1.0
2026-05-05 07:00:00,T01,7.42,241.1,1.0
2026-05-05 07:00:00,T02,5.86,80.0,1.0
2026-05-05 07:00:00,T03,7.06,206.4,1.0
2026-05-05 07:00:00,T04,6.92,140.5,1.0
2026-05-05 07:00:00,T05,4.93,60.8,1.0
2026-05-05 08:00:00,T01,8.45,462.5,1.0
2026-05-05 08:00:00,T02,4.66,19.5,1.0
2026-05-05 08:00:00,T03,5.2,45.8,1.0
2026-05-05 08:00:00,T04,10.57,1217.3,1.0
2026-05-05 08:00:00,T05,9.12,624.1,1.0
2026-05-05 09:00:00,T01,6.21,51.4,1.0
2026-05-05 09:00:00,T02,11.12,1473.1,1.0
2026-05-05 09:00:00,T03,7.49,215.0,1.0
2026-05-05 09:00:00,T04,7.12,216.4,1.0
2026-05-05 09:00:00,T05,4.47,4.6,1.0
2026-05-05 10:00:00,T01,7.64,274.6,1.0
2026-05-05 10:00:00,T02,8.84,527.1,1.0
2026-05-05 10:00:00,T03,6.65,135.6,1.0
2026-05-05 10:00:00,T04,10.42,1128.9,1.0
2026-05-05 10:00:00,T05,5.15,0.0,1.0
2026-05-05 11:00:00,T01,6.85,150.8,1.0
2026-05-05 11:00:00,T02,9.32,709.5,1.0
2026-05-05 11:00:00,T03,4.88,53.6,1.0
2026-05-05 11:00:00,T04,9.91,929.1,1.0
2026-05-05 11:00:00,T05,9.07,572.2,1.0
2026-05-05 12:00:00,T01,10.07,979.0,1.0
2026-05-05 12:00:00,T02,13.24,2000.0,1.0
2026-05-05 12:00:00,T03,6.71,166.7,1.0
2026-05-05 12:00:00,T04,8.69,510.8,1.0
2026-05-05 12:00:00,T05,8.96,577.9,1.0
2026-05-05 13:00:00,T01,7.57,262.3,1.0
2026-05-05 13:00:00,T02,10.47,1135.1,1.0
2026-05-05 13:00:00,T03,8.35,394.1,1.0
2026-05-05 13:00:00,T04,4.41,21.5,1.0
2026-05-05 13:00:00,T05,9.74,849.6,1.0
2026-05-05 14:00:00,T01,4.59,0.0,1.0
2026-05-05 14:00:00,T02,6.25,96.2,1.0
2026-05-05 14:00:00,T03,9.1,545.1,1.0
2026-05-05 14:00:00,T04,9.02,589.2,1.0
2026-05-05 14:00:00,T05,12.08,2000.0,1.0
2026-05-05 15:00:00,T01,6.11,50.9,1.0
2026-05-05 15:00:00,T02,7.11,179.0,1.0
2026-05-05 15:00:00,T03,7.73,249.4,1.0
2026-05-05 15:00:00,T04,4.89,21.5,1.0
2026-05-05 15:00:00,T05,10.82,1298.7,1.0
2026-05-05 16:00:00,T01,7.48,248.2,1.0
2026-05-05 16:00:00,T02,12.3,1987.8,1.0
2026-05-05 16:00:00,T03,10.08,861.2,1.0
2026-05-05 16:00:00,T04,4.97,5.3,1.0
2026-05-05 16:00:00,T05,7.19,202.6,1.0
2026-05-05 17:00:00,T01,8.16,403.5,1.0
2026-05-05 17:00:00,T02,8.12,406.1,1.0
2026-05-05 17:00:00,T03,7.7,284.6,1.0
2026-05-05 17:00:00,T04,7.51,283.5,1.0
2026-05-05 17:00:00,T05,7.29,170.2,1.0
2026-05-05 18:00:00,T01,1.82,0.0,1.0
2026-05-05 18:00:00,T02,8.14,355.0,1.0
2026-05-05 18:00:00,T03,6.66,125.9,1.0
2026-05-05 18:00:00,T04,4.52,47.7,1.0
2026-05-05 18:00:00,T05,6.77,158.4,1.0
2026-05-05 19:00:00,T01,7.93,337.6,1.0
2026-05-05 19:00:00,T02,6.3,86.6,1.0
2026-05-05 19:00:00,T03,4.35,15.7,1.0
2026-05-05 19:00:00,T04,6.99,209.0,1.0
2026-05-05 19:00:00,T05,7.38,233.9,1.0
2026-05-05 20:00:00,T01,8.4,462.3,1.0
2026-05-05 20:00:00,T02,5.63,10.1,1.0
2026-05-05 20:00:00,T03,6.05,68.2,1.0
2026-05-05 20:00:00,T04,8.7,497.1,1.0
2026-05-05 20:00:00,T05,4.67,62.1,1.0
2026-05-05 21:00:00,T01,5.06,20.1,1.0
2026-05-05 21:00:00,T02,5.72,36.1,1.0
2026-05-05 21:00:00,T03,5.92,52.2,1.0
2026-05-05 21:00:00,T04,6.61,105.6,1.0
2026-05-05 21:00:00,T05,5.56,46.0,1.0
2026-05-05 22:00:00,T01,7.03,192.7,1.0
2026-05-05 22:00:00,T02,4.97,0.0,1.0
2026-05-05 22:00:00,T03,1.68,0.0,1.0
2026-05-05 22:00:00,T04,7.07,217.5,1.0
2026-05-05 22:00:00,T05,7.51,228.0,1.0
2026-05-05 23:00:00,T01,4.35,0.0,1.0
2026-05-05 23:00:00,T02,5.92,84.4,1.0
2026-05-05 23:00:00,T03,5.49,39.5,1.0
2026-05-05 23:00:00,T04,7.38,244.1,1.0
2026-05-05 23:00:00,T05,7.1,187.7,1.0
2026-05-06 00:00:00,T01,7.04,177.5,1.0
2026-05-06 00:00:00,T02,0.49,70.0,1.0
2026-05-06 00:00:00,T03,4.74,49.3,1.0
2026-05-06 00:00:00,T04,2.7,8.2,1.0
2026-05-06 00:00:00,T05,2.93,0.0,1.0
2026-05-06 01:00:00,T01,3.21,0.0,1.0
2026-05-06 01:00:00,T02,3.12,0.0,1.0
2026-05-06 01:00:00,T03,5.28,22.7,1.0
2026-05-06 01:00:00,T04,3.75,0.0,1.0
2026-05-06 01:00:00,T05,0.99,10.9,1.0
2026-05-06 02:00:00,T01,1.1,0.0,1.0
2026-05-06 02:00:00,T02,4.13,0.0,1.0
2026-05-06 02:00:00,T03,11.74,1567.7,1.0
2026-05-06 02:00:00,T04,0.22,10.6,1.0
2026-05-06 02:00:00,T05,6.39,107.3,1.0
2026-05-06 03:00:00,T01,7.1,213.3,1.0
2026-05-06 03:00:00,T02,2.51,22.5,1.0
2026-05-06 03:00:00,T03,6.08,50.3,1.0
2026-05-06 03:00:00,T04,8.79,504.7,1.0
2026-05-06 03:00:00,T05,3.85,0.0,1.0
2026-05-06 04:00:00,T01,3.95,0.0,1.0
2026-05-06 04:00:00,T02,4.52,0.0,1.0
2026-05-06 04:00:00,T03,7.31,202.8,1.0
2026-05-06 04:00:00,T04,2.75,15.9,1.0
2026-05-06 04:00:00,T05,6.23,51.5,1.0
2026-05-06 05:00:00,T01,5.05,12.2,1.0
2026-05-06 05:00:00,T02,2.53,32.5,1.0
2026-05-06 05:00:00,T03,6.52,130.6,1.0
2026-05-06 05:00:00,T04,8.19,417.9,1.0
2026-05-06 05:00:00,T05,6.1,88.4,1.0
2026-05-06 06:00:00,T01,4.38,0.0,1.0
2026-05-06 06:00:00,T02,9.52,752.8,1.0
2026-05-06 06:00:00,T03,6.12,105.3,1.0
2026-05-06 06:00:00,T04,7.38,271.1,1.0
2026-05-06 06:00:00,T05,4.98,56.0,1.0
2026-05-06 07:00:00,T01,5.04,0.0,1.0
2026-05-06 07:00:00,T02,7.59,249.3,1.0
2026-05-06 07:00:00,T03,7.92,280.8,1.0
2026-05-06 07:00:00,T04,3.96,20.2,1.0
2026-05-06 07:00:00,T05,3.55,2.4,1.0
2026-05-06 08:00:00,T01,9.43,725.4,1.0
2026-05-06 08:00:00,T02,6.79,145.2,1.0
2026-05-06 08:00:00,T03,8.62,423.1,1.0
2026-05-06 08:00:00,T04,10.28,1022.9,1.0
2026-05-06 08:00:00,T05,10.13,1016.7,1.0
2026-05-06 09:00:00,T01,7.13,174.6,1.0
2026-05-06 09:00:00,T02,9.87,908.4,1.0
2026-05-06 09:00:00,T03,8.51,383.8,1.0
2026-05-06 09:00:00,T04,7.61,273.4,1.0
2026-05-06 09:00:00,T05,9.66,835.5,1.0
2026-05-06 10:00:00,T01,9.07,623.0,1.0
2026-05-06 10:00:00,T02,9.35,696.3,1.0
2026-05-06 10:00:00,T03,5.84,64.0,1.0
2026-05-06 10:00:00,T04,11.04,1477.6,1.0
2026-05-06 10:00:00,T05,8.74,524.6,1.0
2026-05-06 11:00:00,T01,9.74,852.0,1.0
2026-05-06 11:00:00,T02,7.74,279.4,1.0
2026-05-06 11:00:00,T03,9.0,504.5,1.0
2026-05-06 11:00:00,T04,6.85,134.3,1.0
2026-05-06 11:00:00,T05,9.11,606.8,1.0
2026-05-06 12:00:00,T01,10.92,1368.7,1.0
2026-05-06 12:00:00,T02,6.58,120.7,1.0
2026-05-06 12:00:00,T03,9.14,535.2,1.0
2026-05-06 12:00:00,T04,8.74,517.8,1.0
2026-05-06 12:00:00,T05,6.74,148.0,1.0
2026-05-06 13:00:00,T01,9.44,738.0,1.0
2026-05-06 13:00:00,T02,8.56,439.2,1.0
2026-05-06 13:00:00,T03,7.93,278.7,1.0
2026-05-06 13:00:00,T04,10.81,1341.3,1.0
2026-05-06 13:00:00,T05,10.04,985.4,1.0
2026-05-06 14:00:00,T01,10.58,1236.4,1.0
2026-05-06 14:00:00,T02,7.27,222.9,1.0
2026-05-06 14:00:00,T03,7.22,181.4,1.0
2026-05-06 14:00:00,T04,6.08,95.3,1.0
2026-05-06 14:00:00,T05,7.25,224.0,1.0
2026-05-06 15:00:00,T01,5.64,24.0,1.0
2026-05-06 15:00:00,T02,8.83,498.7,1.0
2026-05-06 15:00:00,T03,7.93,268.3,1.0
2026-05-06 15:00:00,T04,6.72,203.0,1.0
2026-05-06 15:00:00,T05,8.12,387.9,1.0
2026-05-06 16:00:00,T01,6.55,121.0,1.0
2026-05-06 16:00:00,T02,6.17,76.2,1.0
2026-05-06 16:00:00,T03,6.23,72.0,1.0
2026-05-06 16:00:00,T04,9.3,667.8,1.0
2026-05-06 16:00:00,T05,4.6,0.0,1.0
2026-05-06 17:00:00,T01,8.65,522.0,1.0
2026-05-06 17:00:00,T02,2.92,19.0,1.0
2026-05-06 17:00:00,T03,5.11,56.9,1.0
2026-05-06 17:00:00,T04,5.78,34.3,1.0
2026-05-06 17:00:00,T05,6.28,91.4,1.0
2026-05-06 18:00:00,T01,8.88,590.0,1.0
2026-05-06 18:00:00,T02,5.7,61.3,1.0
2026-05-06 18:00:00,T03,4.22,60.3,1.0
2026-05-06 18:00:00,T04,3.76,31.8,1.0
2026-05-06 18:00:00,T05,8.66,493.5,1.0
2026-05-06 19:00:00,T01,4.7,0.0,1.0
2026-05-06 19:00:00,T02,8.31,426.3,1.0
2026-05-06 19:00:00,T03,3.94,0.0,1.0
2026-05-06 19:00:00,T04,8.24,365.7,1.0
2026-05-06 19:00:00,T05,6.97,170.2,1.0
2026-05-06 20:00:00,T01,5.3,25.6,1.0
2026-05-06 20:00:00,T02,4.71,12.0,1.0
2026-05-06 20:00:00,T03,4.66,0.0,1.0
2026-05-06 20:00:00,T04,5.18,23.6,1.0
2026-05-06 20:00:00,T05,9.39,744.8,1.0
2026-05-06 21:00:00,T01,9.54,800.6,1.0
2026-05-06 21:00:00,T02,3.87,31.1,1.0
2026-05-06 21:00:00,T03,7.99,262.0,1.0
2026-05-06 21:00:00,T04,8.07,355.8,1.0
2026-05-06 21:00:00,T05,4.58,0.0,1.0
2026-05-06 22:00:00,T01,6.46,126.3,1.0
2026-05-06 22:00:00,T02,3.77,24.4,1.0
2026-05-06 22:00:00,T03,7.62,221.1,1.0
2026-05-06 22:00:00,T04,5.42,64.7,1.0
2026-05-06 22:00:00,T05,7.7,285.0,1.0
2026-05-06 23:00:00,T01,5.83,66.7,1.0
2026-05-06 23:00:00,T02,0.67,11.2,1.0
2026-05-06 23:00:00,T03,0.68,18.4,1.0
2026-05-06 23:00:00,T04,4.55,25.6,1.0
2026-05-06 23:00:00,T05,6.68,135.2,1.0
2026-05-07 00:00:00,T01,4.96,15.2,1.0
2026-05-07 00:00:00,T02,3.17,23.2,1.0
2026-05-07 00:00:00,T03,3.82,13.3,1.0
2026-05-07 00:00:00,T04,5.21,41.2,1.0
2026-05-07 00:00:00,T05,7.92,292.9,1.0
2026-05-07 01:00:00,T01,5.03,13.3,1.0
2026-05-07 01:00:00,T02,4.36,25.6,1.0
2026-05-07 01:00:00,T03,4.7,14.5,1.0
2026-05-07 01:00:00,T04,6.13,74.4,1.0
2026-05-07 01:00:00,T05,3.99,19.4,1.0
2026-05-07 02:00:00,T01,5.63,57.2,1.0
2026-05-07 02:00:00,T02,6.48,104.2,1.0
2026-05-07 02:00:00,T03,6.51,107.3,1.0
2026-05-07 02:00:00,T04,8.57,505.5,1.0
2026-05-07 02:00:00,T05,7.5,232.4,1.0
2026-05-07 03:00:00,T01,4.62,5.4,1.0
2026-05-07 03:00:00,T02,3.78,0.0,1.0
2026-05-07 03:00:00,T03,5.46,19.1,1.0
2026-05-07 03:00:00,T04,8.81,637.5,1.0
2026-05-07 03:00:00,T05,8.3,400.3,1.0
2026-05-07 04:00:00,T01,5.45,39.0,1.0
2026-05-07 04:00:00,T02,6.67,146.5,1.0
2026-05-07 04:00:00,T03,9.21,528.6,1.0
2026-05-07 04:00:00,T04,3.08,17.3,1.0
2026-05-07 04:00:00,T05,6.94,214.5,1.0
2026-05-07 05:00:00,T01,6.26,97.1,1.0
2026-05-07 05:00:00,T02,2.92,13.7,1.0
2026-05-07 05:00:00,T03,4.64,9.4,1.0
2026-05-07 05:00:00,T04,5.12,28.6,1.0
2026-05-07 05:00:00,T05,11.78,1885.3,1.0
2026-05-07 06:00:00,T01,5.43,22.6,1.0
2026-05-07 06:00:00,T02,12.04,2000.0,1.0
2026-05-07 06:00:00,T03,9.65,620.7,1.0
2026-05-07 06:00:00,T04,5.27,0.0,1.0
2026-05-07 06:00:00,T05,7.02,192.4,1.0
2026-05-07 07:00:00,T01,9.92,922.1,1.0
2026-05-07 07:00:00,T02,4.52,0.0,1.0
2026-05-07 07:00:00,T03,7.44,170.3,1.0
2026-05-07 07:00:00,T04,8.97,569.0,1.0
2026-05-07 07:00:00,T05,10.51,1171.7,1.0
2026-05-07 08:00:00,T01,12.35,2000.0,1.0
2026-05-07 08:00:00,T02,8.62,464.6,1.0
2026-05-07 08:00:00,T03,7.03,121.8,1.0
2026-05-07 08:00:00,T04,8.87,550.8,1.0
2026-05-07 08:00:00,T05,10.39,1103.4,1.0
2026-05-07 09:00:00,T01,4.51,0.0,1.0
2026-05-07 09:00:00,T02,11.32,1591.2,1.0
2026-05-07 09:00:00,T03,7.7,244.9,1.0
2026-05-07 09:00:00,T04,7.67,265.6,1.0
2026-05-07 09:00:00,T05,7.0,225.5,1.0
2026-05-07 10:00:00,T01,9.07,622.9,1.0
2026-05-07 10:00:00,T02,6.56,122.3,1.0
2026-05-07 10:00:00,T03,5.51,39.7,1.0
2026-05-07 10:00:00,T04,12.88,1999.6,1.0
2026-05-07 10:00:00,T05,8.35,439.2,1.0
2026-05-07 11:00:00,T01,7.13,174.9,1.0
2026-05-07 11:00:00,T02,8.09,314.9,1.0
2026-05-07 11:00:00,T03,6.46,103.6,1.0
2026-05-07 11:00:00,T04,9.29,728.3,1.0
2026-05-07 11:00:00,T05,7.73,270.7,1.0
2026-05-07 12:00:00,T01,8.43,454.6,1.0
2026-05-07 12:00:00,T02,12.08,2000.0,1.0
2026-05-07 12:00:00,T03,7.99,235.2,1.0
2026-05-07 12:00:00,T04,7.36,258.7,1.0
2026-05-07 12:00:00,T05,11.62,1722.1,1.0
2026-05-07 13:00:00,T01,8.05,353.5,1.0
2026-05-07 13:00:00,T02,6.45,66.0,1.0
2026-05-07 13:00:00,T03,8.06,253.4,1.0
2026-05-07 13:00:00,T04,7.4,228.9,1.0
2026-05-07 13:00:00,T05,11.63,1775.3,1.0
2026-05-07 14:00:00,T01,9.43,749.2,1.0
2026-05-07 14:00:00,T02,4.26,0.0,1.0
2026-05-07 14:00:00,T03,11.07,1159.4,1.0
2026-05-07 14:00:00,T04,7.57,231.3,1.0
2026-05-07 14:00:00,T05,8.14,370.1,1.0
2026-05-07 15:00:00,T01,9.69,852.6,1.0
2026-05-07 15:00:00,T02,7.59,298.5,1.0
2026-05-07 15:00:00,T03,9.84,642.4,1.0
2026-05-07 15:00:00,T04,9.14,668.8,1.0
2026-05-07 15:00:00,T05,10.0,907.2,1.0
2026-05-07 16:00:00,T01,7.97,342.2,1.0
2026-05-07 16:00:00,T02,6.75,190.1,1.0
2026-05-07 16:00:00,T03,5.37,53.3,1.0
2026-05-07 16:00:00,T04,10.13,994.8,1.0
2026-05-07 16:00:00,T05,9.81,877.5,1.0
2026-05-07 17:00:00,T01,9.2,681.6,1.0
2026-05-07 17:00:00,T02,5.02,0.0,1.0
2026-05-07 17:00:00,T03,7.48,158.5,1.0
2026-05-07 17:00:00,T04,7.86,271.0,1.0
2026-05-07 17:00:00,T05,10.43,1117.1,1.0
2026-05-07 18:00:00,T01,2.92,0.0,1.0
2026-05-07 18:00:00,T02,7.15,187.8,1.0
2026-05-07 18:00:00,T03,4.92,32.1,1.0
2026-05-07 18:00:00,T04,2.05,17.8,1.0
2026-05-07 18:00:00,T05,8.54,480.0,1.0
2026-05-07 19:00:00,T01,9.3,726.4,1.0
2026-05-07 19:00:00,T02,8.03,350.4,1.0
2026-05-07 19:00:00,T03,3.44,0.0,1.0
2026-05-07 19:00:00,T04,10.13,1019.0,1.0
2026-05-07 19:00:00,T05,7.86,325.5,1.0
2026-05-07 20:00:00,T01,6.34,111.4,1.0
2026-05-07 20:00:00,T02,6.82,197.7,1.0
2026-05-07 20:00:00,T03,6.73,132.5,1.0
2026-05-07 20:00:00,T04,7.05,120.9,1.0
2026-05-07 20:00:00,T05,5.81,45.6,1.0
2026-05-07 21:00:00,T01,9.3,712.8,1.0
2026-05-07 21:00:00,T02,6.49,104.0,1.0
2026-05-07 21:00:00,T03,5.25,87.3,1.0
2026-05-07 21:00:00,T04,2.26,0.0,1.0
2026-05-07 21:00:00,T05,4.12,19.6,1.0
2026-05-07 22:00:00,T01,2.73,0.0,1.0
2026-05-07 22:00:00,T02,3.28,0.0,1.0
2026-05-07 22:00:00,T03,5.34,0.0,1.0
2026-05-07 22:00:00,T04,4.76,12.3,1.0
2026-05-07 22:00:00,T05,5.05,11.2,1.0
2026-05-07 23:00:00,T01,4.22,0.0,1.0
2026-05-07 23:00:00,T02,3.88,40.6,1.0
2026-05-07 23:00:00,T03,7.04,154.8,1.0
2026-05-07 23:00:00,T04,3.69,19.3,1.0
2026-05-07 23:00:00,T05,4.96,9.9,1.0
2026-05-08 00:00:00,T01,5.18,32.1,1.0
2026-05-08 00:00:00,T02,6.44,101.8,1.0
2026-05-08 00:00:00,T03,6.71,74.2,1.0
2026-05-08 00:00:00,T04,6.39,94.0,1.0
2026-05-08 00:00:00,T05,6.87,145.4,1.0
2026-05-08 01:00:00,T01,5.0,21.6,1.0
2026-05-08 01:00:00,T02,2.02,18.1,1.0
2026-05-08 01:00:00,T03,3.56,8.7,1.0
2026-05-08 01:00:00,T04,4.58,0.0,1.0
2026-05-08 01:00:00,T05,8.33,444.8,1.0
2026-05-08 02:00:00,T01,5.68,59.7,1.0
2026-05-08 02:00:00,T02,6.52,82.5,1.0
2026-05-08 02:00:00,T03,4.92,11.0,1.0
2026-05-08 02:00:00,T04,2.05,18.2,1.0
2026-05-08 02:00:00,T05,5.75,50.3,1.0
2026-05-08 03:00:00,T01,7.43,265.8,1.0
2026-05-08 03:00:00,T02,4.15,0.0,1.0
2026-05-08 03:00:00,T03,5.92,55.2,1.0
2026-05-08 03:00:00,T04,5.78,47.4,1.0
2026-05-08 03:00:00,T05,6.17,122.1,1.0
2026-05-08 04:00:00,T01,1.88,0.0,1.0
2026-05-08 04:00:00,T02,7.23,166.0,1.0
2026-05-08 04:00:00,T03,1.19,0.0,1.0
2026-05-08 04:00:00,T04,8.14,385.5,1.0
2026-05-08 04:00:00,T05,8.14,417.5,1.0
2026-05-08 05:00:00,T01,8.07,382.1,1.0
2026-05-08 05:00:00,T02,5.98,45.9,1.0
2026-05-08 05:00:00,T03,7.44,200.7,1.0
2026-05-08 05:00:00,T04,5.45,12.4,1.0
2026-05-08 05:00:00,T05,6.11,63.9,1.0
2026-05-08 06:00:00,T01,6.35,103.3,1.0
2026-05-08 06:00:00,T02,7.79,322.2,1.0
2026-05-08 06:00:00,T03,7.15,122.5,1.0
2026-05-08 06:00:00,T04,10.4,1079.8,1.0
2026-05-08 06:00:00,T05,6.07,6.2,1.0
2026-05-08 07:00:00,T01,6.4,102.9,1.0
2026-05-08 07:00:00,T02,7.51,250.5,1.0
2026-05-08 07:00:00,T03,8.4,355.0,1.0
2026-05-08 07:00:00,T04,4.58,29.8,1.0
2026-05-08 07:00:00,T05,10.1,1010.0,1.0
2026-05-08 08:00:00,T01,5.39,0.7,1.0
2026-05-08 08:00:00,T02,6.52,111.7,1.0
2026-05-08 08:00:00,T03,9.6,597.2,1.0
2026-05-08 08:00:00,T04,6.1,88.2,1.0
2026-05-08 08:00:00,T05,6.79,141.2,1.0
2026-05-08 09:00:00,T01,9.13,643.5,1.0
2026-05-08 09:00:00,T02,8.12,348.8,1.0
2026-05-08 09:00:00,T03,9.49,546.7,1.0
2026-05-08 09:00:00,T04,6.67,158.3,1.0
2026-05-08 09:00:00,T05,8.75,499.1,1.0
2026-05-08 10:00:00,T01,3.81,0.0,1.0
2026-05-08 10:00:00,T02,6.25,88.9,1.0
2026-05-08 10:00:00,T03,7.4,208.7,1.0
2026-05-08 10:00:00,T04,5.83,49.1,1.0
2026-05-08 10:00:00,T05,5.79,44.9,1.0
2026-05-08 11:00:00,T01,9.79,875.4,1.0
2026-05-08 11:00:00,T02,5.36,43.5,1.0
2026-05-08 11:00:00,T03,10.08,740.1,1.0
2026-05-08 11:00:00,T04,6.96,150.7,1.0
2026-05-08 11:00:00,T05,10.06,953.4,1.0
2026-05-08 12:00:00,T01,5.79,22.0,1.0
2026-05-08 12:00:00,T02,11.58,1755.2,1.0
2026-05-08 12:00:00,T03,7.61,240.1,1.0
2026-05-08 12:00:00,T04,9.79,894.2,1.0
2026-05-08 12:00:00,T05,11.04,1456.5,1.0
2026-05-08 13:00:00,T01,8.47,449.7,1.0
2026-05-08 13:00:00,T02,5.73,0.0,1.0
2026-05-08 13:00:00,T03,6.98,153.7,1.0
2026-05-08 13:00:00,T04,7.76,258.0,1.0
2026-05-08 13:00:00,T05,6.99,178.9,1.0
2026-05-08 14:00:00,T01,7.63,269.7,1.0
2026-05-08 14:00:00,T02,3.71,0.0,1.0
2026-05-08 14:00:00,T03,7.68,197.0,1.0
2026-05-08 14:00:00,T04,13.97,2000.0,1.0
2026-05-08 14:00:00,T05,6.88,191.8,1.0
2026-05-08 15:00:00,T01,10.5,1188.1,1.0
2026-05-08 15:00:00,T02,7.92,330.6,1.0
2026-05-08 15:00:00,T03,9.24,501.7,1.0
2026-05-08 15:00:00,T04,7.94,363.8,1.0
2026-05-08 15:00:00,T05,5.02,34.9,1.0
2026-05-08 16:00:00,T01,6.64,127.5,1.0
2026-05-08 16:00:00,T02,6.28,94.4,1.0
2026-05-08 16:00:00,T03,7.46,185.9,1.0
2026-05-08 16:00:00,T04,9.26,694.6,1.0
2026-05-08 16:00:00,T05,5.86,56.7,1.0
2026-05-08 17:00:00,T01,5.97,54.7,1.0
2026-05-08 17:00:00,T02,6.52,129.9,1.0
2026-05-08 17:00:00,T03,6.54,120.1,1.0
2026-05-08 17:00:00,T04,7.42,220.3,1.0
2026-05-08 17:00:00,T05,8.18,371.6,1.0
2026-05-08 18:00:00,T01,5.47,28.6,1.0
2026-05-08 18:00:00,T02,5.5,49.5,1.0
2026-05-08 18:00:00,T03,4.19,11.7,1.0
2026-05-08 18:00:00,T04,3.88,0.0,1.0
2026-05-08 18:00:00,T05,4.42,21.9,1.0
2026-05-08 19:00:00,T01,9.88,927.0,1.0
2026-05-08 19:00:00,T02,3.86,0.0,1.0
2026-05-08 19:00:00,T03,6.04,60.8,1.0
2026-05-08 19:00:00,T04,3.64,0.0,1.0
2026-05-08 19:00:00,T05,6.32,120.6,1.0
2026-05-08 20:00:00,T01,6.99,187.7,1.0
2026-05-08 20:00:00,T02,2.12,0.0,1.0
2026-05-08 20:00:00,T03,4.23,0.1,1.0
2026-05-08 20:00:00,T04,6.83,121.5,1.0
2026-05-08 20:00:00,T05,2.97,24.9,1.0
2026-05-08 21:00:00,T01,6.88,150.6,1.0
2026-05-08 21:00:00,T02,4.85,11.2,1.0
2026-05-08 21:00:00,T03,3.74,0.0,1.0
2026-05-08 21:00:00,T04,6.83,130.2,1.0
2026-05-08 21:00:00,T05,8.05,346.0,1.0
2026-05-08 22:00:00,T01,4.71,7.7,1.0
2026-05-08 22:00:00,T02,8.21,416.5,1.0
2026-05-08 22:00:00,T03,4.28,28.5,1.0
2026-05-08 22:00:00,T04,5.92,84.5,1.0
2026-05-08 22:00:00,T05,2.89,4.4,1.0
2026-05-08 23:00:00,T01,2.75,0.0,1.0
2026-05-08 23:00:00,T02,4.29,0.0,1.0
2026-05-08 23:00:00,T03,5.36,26.7,1.0
2026-05-08 23:00:00,T04,7.44,256.4,1.0
2026-05-08 23:00:00,T05,9.43,744.5,1.0
2026-05-09 00:00:00,T01,5.05,33.2,1.0
2026-05-09 00:00:00,T02,6.19,87.6,1.0
2026-05-09 00:00:00,T03,6.48,78.1,1.0
2026-05-09 00:00:00,T04,1.95,0.0,1.0
2026-05-09 00:00:00,T05,4.48,0.0,1.0
2026-05-09 01:00:00,T01,2.45,0.0,1.0
2026-05-09 01:00:00,T02,6.15,90.5,1.0
2026-05-09 01:00:00,T03,4.5,0.0,1.0
2026-05-09 01:00:00,T04,4.48,25.8,1.0
2026-05-09 01:00:00,T05,1.4,0.0,1.0
2026-05-09 02:00:00,T01,6.67,154.3,1.0
2026-05-09 02:00:00,T02,4.88,57.3,1.0
2026-05-09 02:00:00,T03,2.29,0.0,1.0
2026-05-09 02:00:00,T04,5.27,43.3,1.0
2026-05-09 02:00:00,T05,4.97,0.9,1.0
2026-05-09 03:00:00,T01,6.4,111.2,1.0
2026-05-09 03:00:00,T02,4.07,0.0,1.0
2026-05-09 03:00:00,T03,6.65,71.9,1.0
2026-05-09 03:00:00,T04,7.32,258.4,1.0
2026-05-09 03:00:00,T05,4.99,15.6,1.0
2026-05-09 04:00:00,T01,10.07,1029.0,1.0
2026-05-09 04:00:00,T02,3.52,24.4,1.0
2026-05-09 04:00:00,T03,4.14,0.0,1.0
2026-05-09 04:00:00,T04,3.75,15.4,1.0
2026-05-09 04:00:00,T05,2.77,16.6,1.0
2026-05-09 05:00:00,T01,4.41,0.0,1.0
2026-05-09 05:00:00,T02,7.45,271.9,1.0
2026-05-09 05:00:00,T03,6.47,111.2,1.0
2026-05-09 05:00:00,T04,7.73,317.3,1.0
2026-05-09 05:00:00,T05,3.86,33.2,1.0
2026-05-09 06:00:00,T01,6.78,145.7,1.0
2026-05-09 06:00:00,T02,8.51,457.5,1.0
2026-05-09 06:00:00,T03,6.38,73.3,1.0
2026-05-09 06:00:00,T04,6.2,102.2,1.0
2026-05-09 06:00:00,T05,10.82,1277.7,1.0
2026-05-09 07:00:00,T01,11.02,1458.4,1.0
2026-05-09 07:00:00,T02,8.16,372.0,1.0
2026-05-09 07:00:00,T03,3.08,12.8,1.0
2026-05-09 07:00:00,T04,6.69,162.4,1.0
2026-05-09 07:00:00,T05,6.15,71.1,1.0
2026-05-09 08:00:00,T01,10.68,1272.3,1.0
2026-05-09 08:00:00,T02,3.9,0.0,1.0
2026-05-09 08:00:00,T03,8.15,226.7,1.0
2026-05-09 08:00:00,T04,6.41,76.8,1.0
2026-05-09 08:00:00,T05,7.67,270.4,1.0
2026-05-09 09:00:00,T01,7.55,240.4,1.0
2026-05-09 09:00:00,T02,10.33,1073.5,1.0
2026-05-09 09:00:00,T03,7.51,192.9,1.0
2026-05-09 09:00:00,T04,5.66,48.6,1.0
2026-05-09 09:00:00,T05,8.62,506.6,1.0
2026-05-09 10:00:00,T01,7.04,187.0,1.0
2026-05-09 10:00:00,T02,7.83,330.1,1.0
2026-05-09 10:00:00,T03,7.69,201.6,1.0
2026-05-09 10:00:00,T04,7.02,177.6,1.0
2026-05-09 10:00:00,T05,5.7,41.0,1.0
2026-05-09 11:00:00,T01,8.34,416.9,1.0
2026-05-09 11:00:00,T02,7.85,319.6,1.0
2026-05-09 11:00:00,T03,8.17,263.9,1.0
2026-05-09 11:00:00,T04,9.39,710.1,1.0
2026-05-09 11:00:00,T05,9.14,625.7,1.0
2026-05-09 12:00:00,T01,12.26,2000.0,1.0
2026-05-09 12:00:00,T02,9.05,612.4,1.0
2026-05-09 12:00:00,T03,11.07,1039.9,1.0
2026-05-09 12:00:00,T04,10.31,1081.2,1.0
2026-05-09 12:00:00,T05,6.94,132.4,1.0
2026-05-09 13:00:00,T01,6.03,58.6,1.0
2026-05-09 13:00:00,T02,10.46,1109.5,1.0
2026-05-09 13:00:00,T03,8.14,258.6,1.0
2026-05-09 13:00:00,T04,5.2,45.0,1.0
2026-05-09 13:00:00,T05,7.32,232.8,1.0
2026-05-09 14:00:00,T01,9.99,932.9,1.0
2026-05-09 14:00:00,T02,7.47,221.0,1.0
2026-05-09 14:00:00,T03,6.67,59.4,1.0
2026-05-09 14:00:00,T04,10.8,1311.0,1.0
2026-05-09 14:00:00,T05,4.73,10.2,1.0
2026-05-09 15:00:00,T01,5.06,0.0,1.0
2026-05-09 15:00:00,T02,8.71,564.0,1.0
2026-05-09 15:00:00,T03,5.93,65.7,1.0
2026-05-09 15:00:00,T04,7.75,289.2,1.0
2026-05-09 15:00:00,T05,9.6,773.6,1.0
2026-05-09 16:00:00,T01,7.36,230.5,1.0
2026-05-09 16:00:00,T02,10.74,1266.8,1.0
2026-05-09 16:00:00,T03,6.57,93.2,1.0
2026-05-09 16:00:00,T04,5.35,17.2,1.0
2026-05-09 16:00:00,T05,8.71,503.3,1.0
2026-05-09 17:00:00,T01,7.16,209.3,1.0
2026-05-09 17:00:00,T02,7.86,294.9,1.0
2026-05-09 17:00:00,T03,6.9,110.2,1.0
2026-05-09 17:00:00,T04,9.45,764.0,1.0
2026-05-09 17:00:00,T05,9.42,754.2,1.0
2026-05-09 18:00:00,T01,5.96,65.7,1.0
2026-05-09 18:00:00,T02,7.49,283.7,1.0
2026-05-09 18:00:00,T03,5.6,17.1,1.0
2026-05-09 18:00:00,T04,7.51,260.1,1.0
2026-05-09 18:00:00,T05,5.9,41.5,1.0
2026-05-09 19:00:00,T01,3.5,0.0,1.0
2026-05-09 19:00:00,T02,4.6,18.2,1.0
2026-05-09 19:00:00,T03,6.16,35.1,1.0
2026-05-09 19:00:00,T04,3.06,0.0,1.0
2026-05-09 19:00:00,T05,7.43,217.5,1.0
2026-05-09 20:00:00,T01,6.76,170.1,1.0
2026-05-09 20:00:00,T02,4.57,25.2,1.0
2026-05-09 20:00:00,T03,5.87,49.7,1.0
2026-05-09 20:00:00,T04,3.48,0.0,1.0
2026-05-09 20:00:00,T05,8.92,599.6,1.0
2026-05-09 21:00:00,T01,8.03,358.7,1.0
2026-05-09 21:00:00,T02,4.76,11.6,1.0
2026-05-09 21:00:00,T03,5.95,77.8,1.0
2026-05-09 21:00:00,T04,4.1,0.0,1.0
2026-05-09 21:00:00,T05,4.1,5.6,1.0
2026-05-09 22:00:00,T01,3.02,0.0,1.0
2026-05-09 22:00:00,T02,4.41,0.0,1.0
2026-05-09 22:00:00,T03,5.14,22.3,1.0
2026-05-09 22:00:00,T04,5.28,33.4,1.0
2026-05-09 22:00:00,T05,3.78,18.0,1.0
2026-05-09 23:00:00,T01,4.17,0.0,1.0
2026-05-09 23:00:00,T02,3.09,0.0,1.0
2026-05-09 23:00:00,T03,10.36,742.2,1.0
2026-05-09 23:00:00,T04,6.08,75.4,1.0
2026-05-09 23:00:00,T05,6.25,103.9,1.0
2026-05-10 00:00:00,T01,1.72,0.0,1.0
2026-05-10 00:00:00,T02,4.41,0.0,1.0
2026-05-10 00:00:00,T03,4.38,9.0,1.0
2026-05-10 00:00:00,T04,5.62,34.9,1.0
2026-05-10 00:00:00,T05,9.68,817.8,1.0
2026-05-10 01:00:00,T01,3.95,0.0,1.0
2026-05-10 01:00:00,T02,4.83,14.7,1.0
2026-05-10 01:00:00,T03,4.64,7.5,1.0
2026-05-10 01:00:00,T04,4.34,46.2,1.0
2026-05-10 01:00:00,T05,6.52,111.4,1.0
2026-05-10 02:00:00,T01,5.36,22.8,1.0
2026-05-10 02:00:00,T02,2.94,7.4,1.0
2026-05-10 02:00:00,T03,2.76,15.0,1.0
2026-05-10 02:00:00,T04,6.13,55.4,1.0
2026-05-10 02:00:00,T05,1.71,20.8,1.0
2026-05-10 03:00:00,T01,7.61,299.1,1.0
2026-05-10 03:00:00,T02,2.75,46.3,1.0
2026-05-10 03:00:00,T03,6.53,94.3,1.0
2026-05-10 03:00:00,T04,6.48,133.1,1.0
2026-05-10 03:00:00,T05,3.36,29.2,1.0
2026-05-10 04:00:00,T01,4.8,0.0,1.0
2026-05-10 04:00:00,T02,7.65,278.3,1.0
2026-05-10 04:00:00,T03,7.77,153.8,1.0
2026-05-10 04:00:00,T04,8.65,550.7,1.0
2026-05-10 04:00:00,T05,3.9,29.1,1.0
2026-05-10 05:00:00,T01,7.45,258.3,1.0
2026-05-10 05:00:00,T02,6.8,92.8,1.0
2026-05-10 05:00:00,T03,8.56,335.5,1.0
2026-05-10 05:00:00,T04,6.86,185.1,1.0
2026-05-10 05:00:00,T05,6.5,88.4,1.0
2026-05-10 06:00:00,T01,4.97,7.5,1.0
2026-05-10 06:00:00,T02,6.03,73.9,1.0
2026-05-10 06:00:00,T03,4.04,0.0,1.0
2026-05-10 06:00:00,T04,6.3,98.2,1.0
2026-05-10 06:00:00,T05,8.19,416.1,1.0
2026-05-10 07:00:00,T01,7.36,234.2,1.0
2026-05-10 07:00:00,T02,6.83,222.4,1.0
2026-05-10 07:00:00,T03,8.21,242.7,1.0
2026-05-10 07:00:00,T04,8.5,429.0,1.0
2026-05-10 07:00:00,T05,7.74,284.0,1.0
2026-05-10 08:00:00,T01,7.6,263.1,1.0
2026-05-10 08:00:00,T02,7.59,286.5,1.0
2026-05-10 08:00:00,T03,8.63,331.7,1.0
2026-05-10 08:00:00,T04,6.94,134.2,1.0
2026-05-10 08:00:00,T05,8.67,481.6,1.0
2026-05-10 09:00:00,T01,9.55,791.0,1.0
2026-05-10 09:00:00,T02,8.73,495.4,1.0
2026-05-10 09:00:00,T03,3.52,7.3,1.0
2026-05-10 09:00:00,T04,4.67,2.4,1.0
2026-05-10 09:00:00,T05,7.91,320.6,1.0
2026-05-10 10:00:00,T01,8.01,332.1,1.0
2026-05-10 10:00:00,T02,9.94,930.3,1.0
2026-05-10 10:00:00,T03,8.23,240.2,1.0
2026-05-10 10:00:00,T04,8.69,488.4,1.0
2026-05-10 10:00:00,T05,10.67,1257.4,1.0
2026-05-10 11:00:00,T01,6.06,38.9,1.0
2026-05-10 11:00:00,T02,7.93,309.4,1.0
2026-05-10 11:00:00,T03,10.28,732.7,1.0
2026-05-10 11:00:00,T04,10.15,983.9,1.0
2026-05-10 11:00:00,T05,10.63,1230.2,1.0
2026-05-10 12:00:00,T01,6.64,98.1,1.0
2026-05-10 12:00:00,T02,7.39,198.6,1.0
2026-05-10 12:00:00,T03,10.44,779.5,1.0
2026-05-10 12:00:00,T04,11.59,1730.8,1.0
2026-05-10 12:00:00,T05,8.11,359.6,1.0
2026-05-10 13:00:00,T01,6.7,125.4,1.0
2026-05-10 13:00:00,T02,6.99,165.1,1.0
2026-05-10 13:00:00,T03,7.6,181.6,1.0
2026-05-10 13:00:00,T04,5.38,34.4,1.0
2026-05-10 13:00:00,T05,10.1,1001.0,1.0
2026-05-10 14:00:00,T01,5.44,8.8,1.0
2026-05-10 14:00:00,T02,9.52,763.5,1.0
2026-05-10 14:00:00,T03,9.57,511.3,1.0
2026-05-10 14:00:00,T04,8.0,354.2,1.0
2026-05-10 14:00:00,T05,7.93,332.9,1.0
2026-05-10 15:00:00,T01,8.48,461.5,1.0
2026-05-10 15:00:00,T02,10.5,1108.5,1.0
2026-05-10 15:00:00,T03,7.08,108.9,1.0
2026-05-10 15:00:00,T04,4.09,0.0,1.0
2026-05-10 15:00:00,T05,9.82,854.6,1.0
2026-05-10 16:00:00,T01,6.88,148.4,1.0
2026-05-10 16:00:00,T02,6.52,90.5,1.0
2026-05-10 16:00:00,T03,6.49,95.5,1.0
2026-05-10 16:00:00,T04,8.2,369.0,1.0
2026-05-10 16:00:00,T05,6.1,64.1,1.0
2026-05-10 17:00:00,T01,11.12,1525.8,1.0
2026-05-10 17:00:00,T02,8.62,487.8,1.0
2026-05-10 17:00:00,T03,8.18,229.5,1.0
2026-05-10 17:00:00,T04,7.8,299.8,1.0
2026-05-10 17:00:00,T05,5.77,68.7,1.0
2026-05-10 18:00:00,T01,3.08,0.0,1.0
2026-05-10 18:00:00,T02,9.55,762.3,1.0
2026-05-10 18:00:00,T03,6.11,72.8,1.0
2026-05-10 18:00:00,T04,5.42,33.8,1.0
2026-05-10 18:00:00,T05,5.36,34.1,1.0
2026-05-10 19:00:00,T01,6.04,82.0,1.0
2026-05-10 19:00:00,T02,5.88,75.2,1.0
2026-05-10 19:00:00,T03,8.69,334.0,1.0
2026-05-10 19:00:00,T04,8.35,465.0,1.0
2026-05-10 19:00:00,T05,3.9,0.0,1.0
2026-05-10 20:00:00,T01,3.87,0.0,1.0
2026-05-10 20:00:00,T02,1.41,0.0,1.0
2026-05-10 20:00:00,T03,6.32,64.9,1.0
2026-05-10 20:00:00,T04,5.31,39.7,1.0
2026-05-10 20:00:00,T05,6.18,109.4,1.0
2026-05-10 21:00:00,T01,4.24,0.0,1.0
2026-05-10 21:00:00,T02,2.96,17.9,1.0
2026-05-10 21:00:00,T03,8.15,220.5,1.0
2026-05-10 21:00:00,T04,6.54,81.4,1.0
2026-05-10 21:00:00,T05,3.27,0.0,1.0
2026-05-10 22:00:00,T01,5.67,55.8,1.0
2026-05-10 22:00:00,T02,6.94,138.5,1.0
2026-05-10 22:00:00,T03,6.83,99.7,1.0
2026-05-10 22:00:00,T04,10.26,1061.7,1.0
2026-05-10 22:00:00,T05,5.12,65.8,1.0
2026-05-10 23:00:00,T01,1.14,0.0,1.0
2026-05-10 23:00:00,T02,4.56,51.6,1.0
2026-05-10 23:00:00,T03,6.62,96.0,1.0
2026-05-10 23:00:00,T04,3.63,14.3,1.0
2026-05-10 23:00:00,T05,7.79,267.3,1.0
2026-05-11 00:00:00,T01,5.02,28.7,1.0
2026-05-11 00:00:00,T02,7.0,132.9,1.0
2026-05-11 00:00:00,T03,5.44,4.2,1.0
2026-05-11 00:00:00,T04,4.59,8.0,1.0
2026-05-11 00:00:00,T05,4.15,0.0,1.0
2026-05-11 01:00:00,T01,8.92,617.2,1.0
2026-05-11 01:00:00,T02,3.61,0.0,1.0
2026-05-11 01:00:00,T03,5.14,25.9,1.0
2026-05-11 01:00:00,T04,6.16,56.2,1.0
2026-05-11 01:00:00,T05,4.9,1.2,1.0
2026-05-11 02:00:00,T01,4.81,5.0,1.0
2026-05-11 02:00:00,T02,5.43,49.8,1.0
2026-05-11 02:00:00,T03,6.34,68.5,1.0
2026-05-11 02:00:00,T04,7.75,338.0,1.0
2026-05-11 02:00:00,T05,5.57,22.2,1.0
2026-05-11 03:00:00,T01,6.53,127.1,1.0
2026-05-11 03:00:00,T02,3.93,43.8,1.0
2026-05-11 03:00:00,T03,6.3,53.9,1.0
2026-05-11 03:00:00,T04,5.54,18.4,1.0
2026-05-11 03:00:00,T05,3.81,0.0,1.0
2026-05-11 04:00:00,T01,7.8,328.8,1.0
2026-05-11 04:00:00,T02,5.58,55.2,1.0
2026-05-11 04:00:00,T03,8.22,268.0,1.0
2026-05-11 04:00:00,T04,4.87,34.3,1.0
2026-05-11 04:00:00,T05,8.09,405.7,1.0
2026-05-11 05:00:00,T01,5.98,68.3,1.0
2026-05-11 05:00:00,T02,8.11,379.5,1.0
2026-05-11 05:00:00,T03,4.53,0.0,1.0
2026-05-11 05:00:00,T04,5.91,72.8,1.0
2026-05-11 05:00:00,T05,4.93,23.4,1.0
2026-05-11 06:00:00,T01,5.43,24.6,1.0
2026-05-11 06:00:00,T02,6.83,154.1,1.0
2026-05-11 06:00:00,T03,8.55,310.6,1.0
2026-05-11 06:00:00,T04,4.82,31.5,1.0
2026-05-11 06:00:00,T05,9.5,733.0,1.0
2026-05-11 07:00:00,T01,3.15,0.0,1.0
2026-05-11 07:00:00,T02,4.49,0.0,1.0
2026-05-11 07:00:00,T03,6.77,121.4,1.0
2026-05-11 07:00:00,T04,7.5,293.2,1.0
2026-05-11 07:00:00,T05,7.3,172.2,1.0
2026-05-11 08:00:00,T01,9.26,690.3,1.0
2026-05-11 08:00:00,T02,7.58,251.3,1.0
2026-05-11 08:00:00,T03,8.54,323.6,1.0
2026-05-11 08:00:00,T04,6.18,102.5,1.0
2026-05-11 08:00:00,T05,7.16,154.2,1.0
2026-05-11 09:00:00,T01,6.95,166.8,1.0
2026-05-11 09:00:00,T02,7.89,290.6,1.0
2026-05-11 09:00:00,T03,9.41,471.8,1.0
2026-05-11 09:00:00,T04,8.02,333.9,1.0
2026-05-11 09:00:00,T05,11.73,1813.7,1.0
2026-05-11 10:00:00,T01,6.51,93.2,1.0
2026-05-11 10:00:00,T02,8.48,420.4,1.0
2026-05-11 10:00:00,T03,9.28,432.3,1.0
2026-05-11 10:00:00,T04,10.16,1034.6,1.0
2026-05-11 10:00:00,T05,9.02,583.1,1.0
2026-05-11 11:00:00,T01,7.63,275.6,1.0
2026-05-11 11:00:00,T02,10.27,1065.1,1.0
2026-05-11 11:00:00,T03,12.86,1270.2,1.0
2026-05-11 11:00:00,T04,6.3,82.8,1.0
2026-05-11 11:00:00,T05,6.72,135.9,1.0
2026-05-11 12:00:00,T01,7.84,297.3,1.0
2026-05-11 12:00:00,T02,9.21,628.3,1.0
2026-05-11 12:00:00,T03,12.37,1272.2,1.0
2026-05-11 12:00:00,T04,7.17,203.1,1.0
2026-05-11 12:00:00,T05,8.84,490.3,1.0
2026-05-11 13:00:00,T01,7.14,180.9,1.0
2026-05-11 13:00:00,T02,11.65,1782.4,1.0
2026-05-11 13:00:00,T03,7.24,141.5,1.0
2026-05-11 13:00:00,T04,7.79,269.9,1.0
2026-05-11 13:00:00,T05,11.31,1570.2,1.0
2026-05-11 14:00:00,T01,9.07,628.1,1.0
2026-05-11 14:00:00,T02,6.5,85.2,1.0
2026-05-11 14:00:00,T03,8.23,236.2,1.0
2026-05-11 14:00:00,T04,8.86,527.6,1.0
2026-05-11 14:00:00,T05,8.86,577.1,1.0
2026-05-11 15:00:00,T01,4.83,0.0,1.0
2026-05-11 15:00:00,T02,11.76,1850.6,1.0
2026-05-11 15:00:00,T03,6.37,78.4,1.0
2026-05-11 15:00:00,T04,5.55,46.6,1.0
2026-05-11 15:00:00,T05,8.69,545.0,1.0
2026-05-11 16:00:00,T01,10.3,1091.9,1.0
2026-05-11 16:00:00,T02,4.25,0.0,1.0
2026-05-11 16:00:00,T03,10.61,797.2,1.0
2026-05-11 16:00:00,T04,3.85,10.9,1.0
2026-05-11 16:00:00,T05,8.91,518.2,1.0
2026-05-11 17:00:00,T01,3.87,0.0,1.0
2026-05-11 17:00:00,T02,6.8,185.7,1.0
2026-05-11 17:00:00,T03,4.81,9.3,1.0
2026-05-11 17:00:00,T04,7.81,263.6,1.0
2026-05-11 17:00:00,T05,5.0,1.8,1.0
2026-05-11 18:00:00,T01,5.5,26.1,1.0
2026-05-11 18:00:00,T02,4.82,24.6,1.0
2026-05-11 18:00:00,T03,7.61,148.2,1.0
2026-05-11 18:00:00,T04,4.22,17.5,1.0
2026-05-11 18:00:00,T05,7.84,289.5,1.0
2026-05-11 19:00:00,T01,9.67,862.4,1.0
2026-05-11 19:00:00,T02,5.4,69.1,1.0
2026-05-11 19:00:00,T03,3.3,0.0,1.0
2026-05-11 19:00:00,T04,7.63,252.0,1.0
2026-05-11 19:00:00,T05,4.61,15.1,1.0
2026-05-11 20:00:00,T01,8.0,372.0,1.0
2026-05-11 20:00:00,T02,9.64,783.8,1.0
2026-05-11 20:00:00,T03,8.66,322.9,1.0
2026-05-11 20:00:00,T04,8.06,388.0,1.0
2026-05-11 20:00:00,T05,3.61,0.0,1.0
2026-05-11 21:00:00,T01,7.62,273.2,1.0
2026-05-11 21:00:00,T02,7.67,280.4,1.0
2026-05-11 21:00:00,T03,6.11,50.5,1.0
2026-05-11 21:00:00,T04,3.28,0.0,1.0
2026-05-11 21:00:00,T05,6.73,184.0,1.0
2026-05-11 22:00:00,T01,3.76,0.0,1.0
2026-05-11 22:00:00,T02,7.11,166.1,1.0
2026-05-11 22:00:00,T03,3.55,13.9,1.0
2026-05-11 22:00:00,T04,4.64,0.0,1.0
2026-05-11 22:00:00,T05,7.34,226.0,1.0
2026-05-11 23:00:00,T01,4.83,3.7,1.0
2026-05-11 23:00:00,T02,4.64,1.8,1.0
2026-05-11 23:00:00,T03,5.73,26.2,1.0
2026-05-11 23:00:00,T04,5.62,51.2,1.0
2026-05-11 23:00:00,T05,5.49,39.2,1.0
2026-05-12 00:00:00,T01,5.68,54.5,1.0
2026-05-12 00:00:00,T02,1.94,0.0,1.0
2026-05-12 00:00:00,T03,5.38,35.6,1.0
2026-05-12 00:00:00,T04,4.64,0.0,1.0
2026-05-12 00:00:00,T05,8.12,408.4,1.0
2026-05-12 01:00:00,T01,5.12,26.9,1.0
2026-05-12 01:00:00,T02,5.93,50.7,1.0
2026-05-12 01:00:00,T03,3.98,0.0,1.0
2026-05-12 01:00:00,T04,4.08,35.1,1.0
2026-05-12 01:00:00,T05,5.96,71.0,1.0
2026-05-12 02:00:00,T01,5.29,30.5,1.0
2026-05-12 02:00:00,T02,5.72,24.8,1.0
2026-05-12 02:00:00,T03,9.14,378.4,1.0
2026-05-12 02:00:00,T04,3.9,2.0,1.0
2026-05-12 02:00:00,T05,6.73,152.9,1.0
2026-05-12 03:00:00,T01,6.8,150.3,1.0
2026-05-12 03:00:00,T02,3.76,0.0,1.0
2026-05-12 03:00:00,T03,6.81,87.2,1.0
2026-05-12 03:00:00,T04,8.31,407.2,1.0
2026-05-12 03:00:00,T05,3.86,0.0,1.0
2026-05-12 04:00:00,T01,6.94,162.2,1.0
2026-05-12 04:00:00,T02,5.01,0.0,1.0
2026-05-12 04:00:00,T03,5.6,11.3,1.0
2026-05-12 04:00:00,T04,5.46,55.7,1.0
2026-05-12 04:00:00,T05,6.16,52.6,1.0
2026-05-12 05:00:00,T01,4.49,0.0,1.0
2026-05-12 05:00:00,T02,9.19,624.4,1.0
2026-05-12 05:00:00,T03,4.65,37.9,1.0
2026-05-12 05:00:00,T04,8.17,353.9,1.0
2026-05-12 05:00:00,T05,5.91,52.4,1.0
2026-05-12 06:00:00,T01,6.53,107.6,1.0
2026-05-12 06:00:00,T02,9.04,619.8,1.0
2026-05-12 06:00:00,T03,6.46,67.4,1.0
2026-05-12 06:00:00,T04,8.61,451.2,1.0
2026-05-12 06:00:00,T05,5.03,77.8,1.0
2026-05-12 07:00:00,T01,8.6,505.0,1.0
2026-05-12 07:00:00,T02,6.31,59.9,1.0
2026-05-12 07:00:00,T03,7.26,138.6,1.0
2026-05-12 07:00:00,T04,7.05,192.7,1.0
2026-05-12 07:00:00,T05,4.87,33.7,1.0
2026-05-12 08:00:00,T01,5.79,25.6,1.0
2026-05-12 08:00:00,T02,9.5,718.4,1.0
2026-05-12 08:00:00,T03,9.49,445.7,1.0
2026-05-12 08:00:00,T04,7.73,262.5,1.0
2026-05-12 08:00:00,T05,5.35,42.6,1.0
2026-05-12 09:00:00,T01,6.79,145.0,1.0
2026-05-12 09:00:00,T02,8.74,563.8,1.0
2026-05-12 09:00:00,T03,6.82,76.1,1.0
2026-05-12 09:00:00,T04,9.05,580.6,1.0
2026-05-12 09:00:00,T05,6.88,135.6,1.0
2026-05-12 10:00:00,T01,7.22,185.8,1.0
2026-05-12 10:00:00,T02,8.06,338.8,1.0
2026-05-12 10:00:00,T03,6.32,57.0,1.0
2026-05-12 10:00:00,T04,9.72,852.0,1.0
2026-05-12 10:00:00,T05,10.25,1068.6,1.0
2026-05-12 11:00:00,T01,9.59,787.2,1.0
2026-05-12 11:00:00,T02,6.13,91.8,1.0
2026-05-12 11:00:00,T03,9.38,444.1,1.0
2026-05-12 11:00:00,T04,4.55,23.4,1.0
2026-05-12 11:00:00,T05,11.46,1626.1,1.0
2026-05-12 12:00:00,T01,6.89,151.7,1.0
2026-05-12 12:00:00,T02,8.17,395.3,1.0
2026-05-12 12:00:00,T03,7.72,275.1,1.0
2026-05-12 12:00:00,T04,7.88,287.4,1.0
2026-05-12 12:00:00,T05,9.2,615.0,1.0
2026-05-12 13:00:00,T01,11.27,1587.9,1.0
2026-05-12 13:00:00,T02,7.33,239.8,1.0
2026-05-12 13:00:00,T03,7.65,253.3,1.0
2026-05-12 13:00:00,T04,9.85,867.0,1.0
2026-05-12 13:00:00,T05,10.45,1119.3,1.0
2026-05-12 14:00:00,T01,9.1,634.2,1.0
2026-05-12 14:00:00,T02,6.12,45.4,1.0
2026-05-12 14:00:00,T03,8.15,378.8,1.0
2026-05-12 14:00:00,T04,7.06,161.6,1.0
2026-05-12 14:00:00,T05,11.15,1535.7,1.0
2026-05-12 15:00:00,T01,4.53,0.0,1.0
2026-05-12 15:00:00,T02,7.48,240.7,1.0
2026-05-12 15:00:00,T03,8.16,389.4,1.0
2026-05-12 15:00:00,T04,7.7,328.9,1.0
2026-05-12 15:00:00,T05,9.09,667.6,1.0
2026-05-12 16:00:00,T01,7.85,330.5,1.0
2026-05-12 16:00:00,T02,9.56,733.1,1.0
2026-05-12 16:00:00,T03,6.12,124.7,1.0
2026-05-12 16:00:00,T04,6.24,115.7,1.0
2026-05-12 16:00:00,T05,6.63,120.1,1.0
2026-05-12 17:00:00,T01,5.39,18.1,1.0
2026-05-12 17:00:00,T02,5.83,123.3,1.0
2026-05-12 17:00:00,T03,8.69,515.5,1.0
2026-05-12 17:00:00,T04,6.62,119.4,1.0
2026-05-12 17:00:00,T05,7.6,250.4,1.0
2026-05-12 18:00:00,T01,7.08,171.6,1.0
2026-05-12 18:00:00,T02,8.62,448.2,1.0
2026-05-12 18:00:00,T03,2.16,16.1,1.0
2026-05-12 18:00:00,T04,5.28,47.0,1.0
2026-05-12 18:00:00,T05,5.23,0.0,1.0
2026-05-12 19:00:00,T01,6.77,155.3,1.0
2026-05-12 19:00:00,T02,7.12,165.3,1.0
2026-05-12 19:00:00,T03,7.72,307.1,1.0
2026-05-12 19:00:00,T04,7.11,156.4,1.0
2026-05-12 19:00:00,T05,5.25,33.1,1.0
2026-05-12 20:00:00,T01,3.99,0.0,1.0
2026-05-12 20:00:00,T02,4.14,0.0,1.0
2026-05-12 20:00:00,T03,4.93,0.0,1.0
2026-05-12 20:00:00,T04,2.68,0.0,1.0
2026-05-12 20:00:00,T05,1.92,4.1,1.0
2026-05-12 21:00:00,T01,6.44,133.5,1.0
2026-05-12 21:00:00,T02,6.46,75.8,1.0
2026-05-12 21:00:00,T03,4.68,0.0,1.0
2026-05-12 21:00:00,T04,4.06,5.9,1.0
2026-05-12 21:00:00,T05,5.99,93.0,1.0
2026-05-12 22:00:00,T01,5.16,8.1,1.0
2026-05-12 22:00:00,T02,8.79,566.0,1.0
2026-05-12 22:00:00,T03,3.76,0.0,1.0
2026-05-12 22:00:00,T04,4.93,31.1,1.0
2026-05-12 22:00:00,T05,5.76,80.7,1.0
2026-05-12 23:00:00,T01,4.38,0.0,1.0
2026-05-12 23:00:00,T02,5.79,120.3,1.0
2026-05-12 23:00:00,T03,6.42,76.2,1.0
2026-05-12 23:00:00,T04,5.32,31.8,1.0
2026-05-12 23:00:00,T05,6.36,99.4,1.0
2026-05-13 00:00:00,T01,4.44,0.0,1.0
2026-05-13 00:00:00,T02,4.59,0.0,1.0
2026-05-13 00:00:00,T03,2.91,19.9,1.0
2026-05-13 00:00:00,T04,5.48,48.3,1.0
2026-05-13 00:00:00,T05,6.94,182.2,1.0
2026-05-13 01:00:00,T01,5.25,17.3,1.0
2026-05-13 01:00:00,T02,6.67,102.3,1.0
2026-05-13 01:00:00,T03,6.88,168.1,1.0
2026-05-13 01:00:00,T04,7.31,221.7,1.0
2026-05-13 01:00:00,T05,2.87,0.0,1.0
2026-05-13 02:00:00,T01,7.11,218.5,1.0
2026-05-13 02:00:00,T02,7.88,262.9,1.0
2026-05-13 02:00:00,T03,8.1,366.6,1.0
2026-05-13 02:00:00,T04,4.67,8.7,1.0
2026-05-13 02:00:00,T05,4.18,18.0,1.0
2026-05-13 03:00:00,T01,7.29,232.8,1.0
2026-05-13 03:00:00,T02,6.11,76.8,1.0
2026-05-13 03:00:00,T03,7.9,258.3,1.0
2026-05-13 03:00:00,T04,7.79,294.2,1.0
2026-05-13 03:00:00,T05,5.62,36.8,1.0
2026-05-13 04:00:00,T01,9.38,756.2,1.0
2026-05-13 04:00:00,T02,8.51,450.2,1.0
2026-05-13 04:00:00,T03,2.93,51.4,1.0
2026-05-13 04:00:00,T04,1.67,0.0,1.0
2026-05-13 04:00:00,T05,7.53,266.9,1.0
2026-05-13 05:00:00,T01,11.65,1830.4,1.0
2026-05-13 05:00:00,T02,5.68,36.3,1.0
2026-05-13 05:00:00,T03,5.43,17.1,1.0
2026-05-13 05:00:00,T04,8.29,412.3,1.0
2026-05-13 05:00:00,T05,6.75,154.1,1.0
2026-05-13 06:00:00,T01,4.91,0.0,1.0
2026-05-13 06:00:00,T02,5.67,57.7,1.0
2026-05-13 06:00:00,T03,3.69,52.2,1.0
2026-05-13 06:00:00,T04,6.67,146.3,1.0
2026-05-13 06:00:00,T05,7.26,213.4,1.0
2026-05-13 07:00:00,T01,8.11,368.0,1.0
2026-05-13 07:00:00,T02,8.2,395.8,1.0
2026-05-13 07:00:00,T03,5.34,0.0,1.0
2026-05-13 07:00:00,T04,6.11,87.4,1.0
2026-05-13 07:00:00,T05,8.37,445.4,1.0
2026-05-13 08:00:00,T01,5.52,14.3,1.0
2026-05-13 08:00:00,T02,10.48,1155.6,1.0
2026-05-13 08:00:00,T03,9.93,892.6,1.0
2026-05-13 08:00:00,T04,6.55,93.0,1.0
2026-05-13 08:00:00,T05,8.64,451.8,1.0
2026-05-13 09:00:00,T01,7.32,202.1,1.0
2026-05-13 09:00:00,T02,10.12,981.7,1.0
2026-05-13 09:00:00,T03,10.2,967.5,1.0
2026-05-13 09:00:00,T04,11.17,1472.9,1.0
2026-05-13 09:00:00,T05,7.47,218.9,1.0
2026-05-13 10:00:00,T01,6.03,60.8,1.0
2026-05-13 10:00:00,T02,10.59,1173.4,1.0
2026-05-13 10:00:00,T03,5.43,48.3,1.0
2026-05-13 10:00:00,T04,7.24,219.8,1.0
2026-05-13 10:00:00,T05,10.9,1345.9,1.0
2026-05-13 11:00:00,T01,7.2,177.0,1.0
2026-05-13 11:00:00,T02,5.94,86.5,1.0
2026-05-13 11:00:00,T03,12.08,1972.5,1.0
2026-05-13 11:00:00,T04,11.06,1471.9,1.0
2026-05-13 11:00:00,T05,6.74,107.7,1.0
2026-05-13 12:00:00,T01,6.33,75.2,1.0
2026-05-13 12:00:00,T02,8.46,446.6,1.0
2026-05-13 12:00:00,T03,11.2,1484.5,1.0
2026-05-13 12:00:00,T04,8.73,519.9,1.0
2026-05-13 12:00:00,T05,6.7,128.4,1.0
2026-05-13 13:00:00,T01,8.64,489.4,1.0
2026-05-13 13:00:00,T02,6.51,140.6,1.0
2026-05-13 13:00:00,T03,9.68,785.1,1.0
2026-05-13 13:00:00,T04,6.48,105.8,1.0
2026-05-13 13:00:00,T05,10.39,1099.5,1.0
2026-05-13 14:00:00,T01,7.17,169.0,1.0
2026-05-13 14:00:00,T02,10.51,1182.6,1.0
2026-05-13 14:00:00,T03,6.69,156.8,1.0
2026-05-13 14:00:00,T04,9.36,711.1,1.0
2026-05-13 14:00:00,T05,6.14,118.0,1.0
2026-05-13 15:00:00,T01,10.01,967.6,1.0
2026-05-13 15:00:00,T02,6.39,71.0,1.0
2026-05-13 15:00:00,T03,8.18,399.3,1.0
2026-05-13 15:00:00,T04,9.44,704.6,1.0
2026-05-13 15:00:00,T05,9.7,829.7,1.0
2026-05-13 16:00:00,T01,7.37,205.9,1.0
2026-05-13 16:00:00,T02,3.53,0.0,1.0
2026-05-13 16:00:00,T03,7.57,307.7,1.0
2026-05-13 16:00:00,T04,7.32,253.8,1.0
2026-05-13 16:00:00,T05,7.17,224.0,1.0
2026-05-13 17:00:00,T01,13.13,2000.0,1.0
2026-05-13 17:00:00,T02,11.81,1855.4,1.0
2026-05-13 17:00:00,T03,7.6,249.8,1.0
2026-05-13 17:00:00,T04,9.0,596.1,1.0
2026-05-13 17:00:00,T05,6.0,81.8,1.0
2026-05-13 18:00:00,T01,5.97,60.3,1.0
2026-05-13 18:00:00,T02,7.9,296.4,1.0
2026-05-13 18:00:00,T03,3.91,7.5,1.0
2026-05-13 18:00:00,T04,7.94,315.0,1.0
2026-05-13 18:00:00,T05,7.42,223.1,1.0
2026-05-13 19:00:00,T01,6.26,96.6,1.0
2026-05-13 19:00:00,T02,6.78,167.1,1.0
2026-05-13 19:00:00,T03,6.84,123.7,1.0
2026-05-13 19:00:00,T04,7.45,238.2,1.0
2026-05-13 19:00:00,T05,7.31,223.6,1.0
2026-05-13 20:00:00,T01,4.9,0.0,1.0
2026-05-13 20:00:00,T02,5.93,78.0,1.0
2026-05-13 20:00:00,T03,6.35,94.5,1.0
2026-05-13 20:00:00,T04,6.96,156.7,1.0
2026-05-13 20:00:00,T05,4.44,26.4,1.0
2026-05-13 21:00:00,T01,8.88,601.6,1.0
2026-05-13 21:00:00,T02,2.21,27.5,1.0
2026-05-13 21:00:00,T03,9.3,672.8,1.0
2026-05-13 21:00:00,T04,4.68,45.9,1.0
2026-05-13 21:00:00,T05,3.53,30.2,1.0
2026-05-13 22:00:00,T01,7.35,253.6,1.0
2026-05-13 22:00:00,T02,5.09,34.8,1.0
2026-05-13 22:00:00,T03,6.73,154.0,1.0
2026-05-13 22:00:00,T04,8.69,500.8,1.0
2026-05-13 22:00:00,T05,4.0,0.0,1.0
2026-05-13 23:00:00,T01,6.43,118.0,1.0
2026-05-13 23:00:00,T02,2.81,5.2,1.0
2026-05-13 23:00:00,T03,4.25,30.7,1.0
2026-05-13 23:00:00,T04,5.88,69.2,1.0
2026-05-13 23:00:00,T05,5.1,0.0,1.0
2026-05-14 00:00:00,T01,3.09,0.0,1.0
2026-05-14 00:00:00,T02,3.87,31.8,1.0
2026-05-14 00:00:00,T03,5.89,90.8,1.0
2026-05-14 00:00:00,T04,5.97,86.4,1.0
2026-05-14 00:00:00,T05,7.07,141.6,1.0
2026-05-14 01:00:00,T01,7.04,186.1,1.0
2026-05-14 01:00:00,T02,3.67,12.6,1.0
2026-05-14 01:00:00,T03,5.26,10.4,1.0
2026-05-14 01:00:00,T04,7.6,248.0,1.0
2026-05-14 01:00:00,T05,5.99,65.0,1.0
2026-05-14 02:00:00,T01,4.07,0.0,1.0
2026-05-14 02:00:00,T02,6.42,111.8,1.0
2026-05-14 02:00:00,T03,5.58,72.2,1.0
2026-05-14 02:00:00,T04,5.78,63.6,1.0
2026-05-14 02:00:00,T05,6.88,101.3,1.0
2026-05-14 03:00:00,T01,8.4,469.2,1.0
2026-05-14 03:00:00,T02,7.36,263.9,1.0
2026-05-14 03:00:00,T03,7.88,317.9,1.0
2026-05-14 03:00:00,T04,7.97,343.3,1.0
2026-05-14 03:00:00,T05,5.48,86.9,1.0
2026-05-14 04:00:00,T01,6.34,122.2,1.0
2026-05-14 04:00:00,T02,4.83,19.8,1.0
2026-05-14 04:00:00,T03,5.17,20.0,1.0
2026-05-14 04:00:00,T04,5.91,28.8,1.0
2026-05-14 04:00:00,T05,6.4,122.7,1.0
2026-05-14 05:00:00,T01,5.3,36.0,1.0
2026-05-14 05:00:00,T02,4.52,2.0,1.0
2026-05-14 05:00:00,T03,5.07,6.8,1.0
2026-05-14 05:00:00,T04,3.92,8.4,1.0
2026-05-14 05:00:00,T05,3.9,0.0,1.0
2026-05-14 06:00:00,T01,1.35,0.0,1.0
2026-05-14 06:00:00,T02,6.26,74.0,1.0
2026-05-14 06:00:00,T03,5.3,19.2,1.0
2026-05-14 06:00:00,T04,7.62,270.1,1.0
2026-05-14 06:00:00,T05,5.51,15.8,1.0
2026-05-14 07:00:00,T01,5.53,19.9,1.0
2026-05-14 07:00:00,T02,7.14,212.9,1.0
2026-05-14 07:00:00,T03,6.43,154.2,1.0
2026-05-14 07:00:00,T04,4.86,20.8,1.0
2026-05-14 07:00:00,T05,8.2,411.4,1.0
2026-05-14 08:00:00,T01,10.03,970.0,1.0
2026-05-14 08:00:00,T02,7.64,305.2,1.0
2026-05-14 08:00:00,T03,9.76,853.9,1.0
2026-05-14 08:00:00,T04,11.49,1682.0,1.0
2026-05-14 08:00:00,T05,5.64,22.7,1.0
2026-05-14 09:00:00,T01,10.36,1125.8,1.0
2026-05-14 09:00:00,T02,8.63,488.2,1.0
2026-05-14 09:00:00,T03,7.85,316.9,1.0
2026-05-14 09:00:00,T04,4.59,17.4,1.0
2026-05-14 09:00:00,T05,6.26,69.4,1.0
2026-05-14 10:00:00,T01,10.64,1248.8,1.0
2026-05-14 10:00:00,T02,8.11,398.5,1.0
2026-05-14 10:00:00,T03,9.66,803.8,1.0
2026-05-14 10:00:00,T04,10.22,1064.1,1.0
2026-05-14 10:00:00,T05,8.93,552.1,1.0
2026-05-14 11:00:00,T01,7.69,243.7,1.0
2026-05-14 11:00:00,T02,8.8,484.9,1.0
2026-05-14 11:00:00,T03,9.23,725.3,1.0
2026-05-14 11:00:00,T04,8.68,472.2,1.0
2026-05-14 11:00:00,T05,10.37,1102.9,1.0
2026-05-14 12:00:00,T01,9.98,941.5,1.0
2026-05-14 12:00:00,T02,10.07,969.9,1.0
2026-05-14 12:00:00,T03,8.02,379.6,1.0
2026-05-14 12:00:00,T04,8.88,550.0,1.0
2026-05-14 12:00:00,T05,7.69,298.0,1.0
2026-05-14 13:00:00,T01,10.14,1023.5,1.0
2026-05-14 13:00:00,T02,10.52,1167.6,1.0
2026-05-14 13:00:00,T03,5.4,20.1,1.0
2026-05-14 13:00:00,T04,8.5,472.3,1.0
2026-05-14 13:00:00,T05,7.92,355.9,1.0
2026-05-14 14:00:00,T01,5.4,0.0,1.0
2026-05-14 14:00:00,T02,7.07,167.0,1.0
2026-05-14 14:00:00,T03,8.25,390.8,1.0
2026-05-14 14:00:00,T04,6.84,166.8,1.0
2026-05-14 14:00:00,T05,10.03,980.8,1.0
2026-05-14 15:00:00,T01,8.58,475.4,1.0
2026-05-14 15:00:00,T02,6.87,219.2,1.0
2026-05-14 15:00:00,T03,6.39,101.6,1.0
2026-05-14 15:00:00,T04,5.66,63.1,1.0
2026-05-14 15:00:00,T05,8.34,417.9,1.0
2026-05-14 16:00:00,T01,7.67,285.5,1.0
2026-05-14 16:00:00,T02,9.87,889.7,1.0
2026-05-14 16:00:00,T03,7.41,239.6,1.0
2026-05-14 16:00:00,T04,6.64,201.2,1.0
2026-05-14 16:00:00,T05,4.96,46.2,1.0
2026-05-14 17:00:00,T01,6.9,155.1,1.0
2026-05-14 17:00:00,T02,10.16,994.9,1.0
2026-05-14 17:00:00,T03,5.85,45.7,1.0
2026-05-14 17:00:00,T04,7.39,246.8,1.0
2026-05-14 17:00:00,T05,10.15,985.3,1.0
2026-05-14 18:00:00,T01,2.84,0.0,1.0
2026-05-14 18:00:00,T02,8.63,489.3,1.0
2026-05-14 18:00:00,T03,6.71,151.5,1.0
2026-05-14 18:00:00,T04,6.75,172.5,1.0
2026-05-14 18:00:00,T05,10.33,1033.8,1.0
2026-05-14 19:00:00,T01,6.36,96.1,1.0
2026-05-14 19:00:00,T02,8.34,368.5,1.0
2026-05-14 19:00:00,T03,5.88,101.6,1.0
2026-05-14 19:00:00,T04,5.12,18.4,1.0
2026-05-14 19:00:00,T05,3.84,0.0,1.0
2026-05-14 20:00:00,T01,5.38,28.8,1.0
2026-05-14 20:00:00,T02,6.45,93.6,1.0
2026-05-14 20:00:00,T03,3.48,0.0,1.0
2026-05-14 20:00:00,T04,8.3,382.9,1.0
2026-05-14 20:00:00,T05,5.24,10.7,1.0
2026-05-14 21:00:00,T01,6.19,85.6,1.0
2026-05-14 21:00:00,T02,4.02,27.5,1.0
2026-05-14 21:00:00,T03,5.15,0.0,1.0
2026-05-14 21:00:00,T04,3.49,0.0,1.0
2026-05-14 21:00:00,T05,3.98,0.0,1.0
2026-05-14 22:00:00,T01,4.48,0.0,1.0
2026-05-14 22:00:00,T02,3.35,0.0,1.0
2026-05-14 22:00:00,T03,7.03,167.4,1.0
2026-05-14 22:00:00,T04,5.51,61.1,1.0
2026-05-14 22:00:00,T05,8.44,418.4,1.0
2026-05-14 23:00:00,T01,5.4,26.8,1.0
2026-05-14 23:00:00,T02,4.95,0.0,1.0
2026-05-14 23:00:00,T03,7.77,286.3,1.0
2026-05-14 23:00:00,T04,5.85,73.5,1.0
2026-05-14 23:00:00,T05,8.93,560.9,1.0
2026-05-15 00:00:00,T01,6.04,75.9,1.0
2026-05-15 00:00:00,T02,4.81,49.1,1.0
2026-05-15 00:00:00,T03,6.38,155.5,1.0
2026-05-15 00:00:00,T04,4.83,26.8,1.0
2026-05-15 00:00:00,T05,3.1,15.5,1.0
2026-05-15 01:00:00,T01,5.95,81.3,1.0
2026-05-15 01:00:00,T02,7.88,352.1,1.0
2026-05-15 01:00:00,T03,2.27,25.0,1.0
2026-05-15 01:00:00,T04,2.33,0.0,1.0
2026-05-15 01:00:00,T05,2.39,42.9,1.0
2026-05-15 02:00:00,T01,5.43,31.8,1.0
2026-05-15 02:00:00,T02,5.24,43.6,1.0
2026-05-15 02:00:00,T03,7.32,244.3,1.0
2026-05-15 02:00:00,T04,1.48,0.0,1.0
2026-05-15 02:00:00,T05,3.26,0.0,1.0
2026-05-15 03:00:00,T01,5.77,48.1,1.0
2026-05-15 03:00:00,T02,7.68,270.0,1.0
2026-05-15 03:00:00,T03,6.68,130.2,1.0
2026-05-15 03:00:00,T04,3.39,0.0,1.0
2026-05-15 03:00:00,T05,7.83,277.9,1.0
2026-05-15 04:00:00,T01,5.4,40.2,1.0
2026-05-15 04:00:00,T02,3.11,0.0,1.0
2026-05-15 04:00:00,T03,7.56,253.3,1.0
2026-05-15 04:00:00,T04,6.46,132.0,1.0
2026-05-15 04:00:00,T05,6.32,80.4,1.0
2026-05-15 05:00:00,T01,4.6,0.0,1.0
2026-05-15 05:00:00,T02,6.39,86.8,1.0
2026-05-15 05:00:00,T03,5.63,13.6,1.0
2026-05-15 05:00:00,T04,3.36,21.1,1.0
2026-05-15 05:00:00,T05,6.4,127.4,1.0
2026-05-15 06:00:00,T01,7.54,268.6,1.0
2026-05-15 06:00:00,T02,3.54,0.0,1.0
2026-05-15 06:00:00,T03,5.89,85.9,1.0
2026-05-15 06:00:00,T04,8.54,442.1,1.0
2026-05-15 06:00:00,T05,9.04,599.8,1.0
2026-05-15 07:00:00,T01,7.1,188.7,1.0
2026-05-15 07:00:00,T02,5.8,34.3,1.0
2026-05-15 07:00:00,T03,8.45,457.3,1.0
2026-05-15 07:00:00,T04,1.84,19.1,1.0
2026-05-15 07:00:00,T05,6.37,86.5,1.0
2026-05-15 08:00:00,T01,8.14,373.6,1.0
2026-05-15 08:00:00,T02,9.35,686.4,1.0
2026-05-15 08:00:00,T03,6.62,161.8,1.0
2026-05-15 08:00:00,T04,5.8,44.2,1.0
2026-05-15 08:00:00,T05,10.44,1148.6,1.0
2026-05-15 09:00:00,T01,9.67,837.1,1.0
2026-05-15 09:00:00,T02,5.82,35.9,1.0
2026-05-15 09:00:00,T03,11.55,1711.7,1.0
2026-05-15 09:00:00,T04,10.83,1326.8,1.0
2026-05-15 09:00:00,T05,6.07,103.4,1.0
2026-05-15 10:00:00,T01,5.79,10.8,1.0
2026-05-15 10:00:00,T02,7.46,203.8,1.0
2026-05-15 10:00:00,T03,5.52,40.6,1.0
2026-05-15 10:00:00,T04,5.8,55.2,1.0
2026-05-15 10:00:00,T05,8.15,375.2,1.0
2026-05-15 11:00:00,T01,4.32,0.0,1.0
2026-05-15 11:00:00,T02,6.61,134.9,1.0
2026-05-15 11:00:00,T03,12.28,2000.0,1.0
2026-05-15 11:00:00,T04,8.19,423.1,1.0
2026-05-15 11:00:00,T05,11.23,1507.9,1.0
2026-05-15 12:00:00,T01,9.4,725.7,1.0
2026-05-15 12:00:00,T02,7.74,298.8,1.0
2026-05-15 12:00:00,T03,5.88,87.6,1.0
2026-05-15 12:00:00,T04,7.98,328.7,1.0
2026-05-15 12:00:00,T05,8.34,424.0,1.0
2026-05-15 13:00:00,T01,8.94,573.5,1.0
2026-05-15 13:00:00,T02,13.44,2000.0,1.0
2026-05-15 13:00:00,T03,12.37,1963.2,1.0
2026-05-15 13:00:00,T04,8.41,439.1,1.0
2026-05-15 13:00:00,T05,11.66,1778.2,1.0
2026-05-15 14:00:00,T01,8.77,530.3,1.0
2026-05-15 14:00:00,T02,6.39,89.7,1.0
2026-05-15 14:00:00,T03,8.34,436.6,1.0
2026-05-15 14:00:00,T04,5.96,86.0,1.0
2026-05-15 14:00:00,T05,10.06,961.1,1.0
2026-05-15 15:00:00,T01,6.3,87.1,1.0
2026-05-15 15:00:00,T02,7.2,210.4,1.0
2026-05-15 15:00:00,T03,8.81,537.2,1.0
2026-05-15 15:00:00,T04,9.56,751.6,1.0
2026-05-15 15:00:00,T05,8.69,491.6,1.0
2026-05-15 16:00:00,T01,8.25,412.7,1.0
2026-05-15 16:00:00,T02,8.42,444.6,1.0
2026-05-15 16:00:00,T03,8.76,496.6,1.0
2026-05-15 16:00:00,T04,5.56,44.1,1.0
2026-05-15 16:00:00,T05,7.34,247.8,1.0
2026-05-15 17:00:00,T01,8.0,366.4,1.0
2026-05-15 17:00:00,T02,9.24,660.3,1.0
2026-05-15 17:00:00,T03,9.97,877.0,1.0
2026-05-15 17:00:00,T04,6.04,70.4,1.0
2026-05-15 17:00:00,T05,7.84,316.8,1.0
2026-05-15 18:00:00,T01,7.42,248.9,1.0
2026-05-15 18:00:00,T02,7.06,202.8,1.0
2026-05-15 18:00:00,T03,7.87,313.6,1.0
2026-05-15 18:00:00,T04,9.44,719.0,1.0
2026-05-15 18:00:00,T05,6.73,168.2,1.0
2026-05-15 19:00:00,T01,5.67,45.9,1.0
2026-05-15 19:00:00,T02,7.71,306.5,1.0
2026-05-15 19:00:00,T03,8.12,403.6,1.0
2026-05-15 19:00:00,T04,8.47,438.2,1.0
2026-05-15 19:00:00,T05,5.29,66.2,1.0
2026-05-15 20:00:00,T01,2.29,0.0,1.0
2026-05-15 20:00:00,T02,6.0,82.5,1.0
2026-05-15 20:00:00,T03,3.56,42.3,1.0
2026-05-15 20:00:00,T04,7.57,289.4,1.0
2026-05-15 20:00:00,T05,9.35,714.5,1.0
2026-05-15 21:00:00,T01,6.39,126.4,1.0
2026-05-15 21:00:00,T02,7.72,282.0,1.0
2026-05-15 21:00:00,T03,5.8,69.3,1.0
2026-05-15 21:00:00,T04,5.45,25.5,1.0
2026-05-15 21:00:00,T05,4.85,4.6,1.0
2026-05-15 22:00:00,T01,7.69,312.7,1.0
2026-05-15 22:00:00,T02,4.95,11.4,1.0
2026-05-15 22:00:00,T03,4.05,52.2,1.0
2026-05-15 22:00:00,T04,2.18,14.2,1.0
2026-05-15 22:00:00,T05,4.77,41.1,1.0
2026-05-15 23:00:00,T01,6.79,165.5,1.0
2026-05-15 23:00:00,T02,3.34,0.0,1.0
2026-05-15 23:00:00,T03,5.17,27.1,1.0
2026-05-15 23:00:00,T04,6.42,118.0,1.0
2026-05-15 23:00:00,T05,7.5,262.3,1.0
2026-05-16 00:00:00,T01,3.49,0.0,1.0
2026-05-16 00:00:00,T02,4.52,0.0,1.0
2026-05-16 00:00:00,T03,6.38,130.2,1.0
2026-05-16 00:00:00,T04,5.55,10.8,1.0
2026-05-16 00:00:00,T05,5.81,125.9,1.0
2026-05-16 01:00:00,T01,6.49,133.6,1.0
2026-05-16 01:00:00,T02,4.63,0.0,1.0
2026-05-16 01:00:00,T03,6.9,151.1,1.0
2026-05-16 01:00:00,T04,3.26,13.0,1.0
2026-05-16 01:00:00,T05,6.7,146.3,1.0
2026-05-16 02:00:00,T01,8.05,374.9,1.0
2026-05-16 02:00:00,T02,4.43,0.0,1.0
2026-05-16 02:00:00,T03,8.37,411.0,1.0
2026-05-16 02:00:00,T04,7.14,159.9,1.0
2026-05-16 02:00:00,T05,8.07,375.7,1.0
2026-05-16 03:00:00,T01,8.75,560.7,1.0
2026-05-16 03:00:00,T02,6.28,107.8,1.0
2026-05-16 03:00:00,T03,10.84,1304.6,1.0
2026-05-16 03:00:00,T04,7.59,280.8,1.0
2026-05-16 03:00:00,T05,6.32,108.0,1.0
2026-05-16 04:00:00,T01,4.85,0.0,1.0
2026-05-16 04:00:00,T02,9.46,769.5,1.0
2026-05-16 04:00:00,T03,7.08,134.1,1.0
2026-05-16 04:00:00,T04,9.35,689.7,1.0
2026-05-16 04:00:00,T05,4.94,17.4,1.0
2026-05-16 05:00:00,T01,5.42,33.0,1.0
2026-05-16 05:00:00,T02,4.09,0.0,1.0
2026-05-16 05:00:00,T03,7.96,367.2,1.0
2026-05-16 05:00:00,T04,3.17,0.2,1.0
2026-05-16 05:00:00,T05,6.3,91.7,1.0
2026-05-16 06:00:00,T01,8.38,446.1,1.0
2026-05-16 06:00:00,T02,4.72,20.9,1.0
2026-05-16 06:00:00,T03,9.7,810.6,1.0
2026-05-16 06:00:00,T04,8.18,348.5,1.0
2026-05-16 06:00:00,T05,6.6,135.8,1.0
2026-05-16 07:00:00,T01,6.76,146.8,1.0
2026-05-16 07:00:00,T02,7.09,161.9,1.0
2026-05-16 07:00:00,T03,7.72,268.0,1.0
2026-05-16 07:00:00,T04,6.05,80.7,1.0
2026-05-16 07:00:00,T05,7.37,242.2,1.0
2026-05-16 08:00:00,T01,5.65,23.3,1.0
2026-05-16 08:00:00,T02,4.17,0.0,1.0
2026-05-16 08:00:00,T03,10.55,1149.4,1.0
2026-05-16 08:00:00,T04,7.75,317.3,1.0
2026-05-16 08:00:00,T05,4.98,50.2,1.0
2026-05-16 09:00:00,T01,8.2,395.6,1.0
2026-05-16 09:00:00,T02,8.34,400.8,1.0
2026-05-16 09:00:00,T03,7.78,295.5,1.0
2026-05-16 09:00:00,T04,7.62,249.8,1.0
2026-05-16 09:00:00,T05,9.27,683.7,1.0
2026-05-16 10:00:00,T01,10.09,992.9,1.0
2026-05-16 10:00:00,T02,11.98,2000.0,1.0
2026-05-16 10:00:00,T03,6.95,213.0,1.0
2026-05-16 10:00:00,T04,9.15,622.5,1.0
2026-05-16 10:00:00,T05,11.43,1630.1,1.0
2026-05-16 11:00:00,T01,7.63,274.8,1.0
2026-05-16 11:00:00,T02,7.16,179.9,1.0
2026-05-16 11:00:00,T03,7.91,376.4,1.0
2026-05-16 11:00:00,T04,8.92,580.7,1.0
2026-05-16 11:00:00,T05,10.73,1256.9,1.0
2026-05-16 12:00:00,T01,8.74,525.6,1.0
2026-05-16 12:00:00,T02,7.8,329.3,1.0
2026-05-16 12:00:00,T03,5.32,0.0,1.0
2026-05-16 12:00:00,T04,9.61,805.6,1.0
2026-05-16 12:00:00,T05,8.89,528.6,1.0
2026-05-16 13:00:00,T01,8.3,402.0,1.0
2026-05-16 13:00:00,T02,12.32,1993.9,1.0
2026-05-16 13:00:00,T03,8.17,371.0,1.0
2026-05-16 13:00:00,T04,8.38,365.3,1.0
2026-05-16 13:00:00,T05,8.12,409.6,1.0
2026-05-16 14:00:00,T01,11.33,1622.0,1.0
2026-05-16 14:00:00,T02,8.97,568.3,1.0
2026-05-16 14:00:00,T03,10.88,1317.2,1.0
2026-05-16 14:00:00,T04,8.01,396.2,1.0
2026-05-16 14:00:00,T05,5.76,44.1,1.0
2026-05-16 15:00:00,T01,6.74,121.5,1.0
2026-05-16 15:00:00,T02,5.03,0.0,1.0
2026-05-16 15:00:00,T03,7.33,247.9,1.0
2026-05-16 15:00:00,T04,9.78,869.1,1.0
2026-05-16 15:00:00,T05,7.63,296.6,1.0
2026-05-16 16:00:00,T01,6.76,131.4,1.0
2026-05-16 16:00:00,T02,6.16,92.9,1.0
2026-05-16 16:00:00,T03,4.41,14.9,1.0
2026-05-16 16:00:00,T04,6.81,169.7,1.0
2026-05-16 16:00:00,T05,9.62,801.3,1.0
2026-05-16 17:00:00,T01,6.87,158.9,1.0
2026-05-16 17:00:00,T02,9.8,884.0,1.0
2026-05-16 17:00:00,T03,6.59,110.9,1.0
2026-05-16 17:00:00,T04,12.65,1996.4,1.0
2026-05-16 17:00:00,T05,7.46,250.8,1.0
2026-05-16 18:00:00,T01,7.53,276.3,1.0
2026-05-16 18:00:00,T02,7.47,251.1,1.0
2026-05-16 18:00:00,T03,5.24,32.5,1.0
2026-05-16 18:00:00,T04,8.47,402.9,1.0
2026-05-16 18:00:00,T05,5.38,33.9,1.0
2026-05-16 19:00:00,T01,3.46,0.0,1.0
2026-05-16 19:00:00,T02,3.46,56.2,1.0
2026-05-16 19:00:00,T03,2.65,0.0,1.0
2026-05-16 19:00:00,T04,7.69,300.0,1.0
2026-05-16 19:00:00,T05,9.65,785.4,1.0
2026-05-16 20:00:00,T01,3.63,0.0,1.0
2026-05-16 20:00:00,T02,6.63,167.3,1.0
2026-05-16 20:00:00,T03,5.24,71.2,1.0
2026-05-16 20:00:00,T04,7.48,232.2,1.0
2026-05-16 20:00:00,T05,7.11,165.8,1.0
2026-05-16 21:00:00,T01,2.19,0.0,1.0
2026-05-16 21:00:00,T02,5.97,64.5,1.0
2026-05-16 21:00:00,T03,4.4,21.2,1.0
2026-05-16 21:00:00,T04,5.92,82.1,1.0
2026-05-16 21:00:00,T05,6.89,204.4,1.0
2026-05-16 22:00:00,T01,5.02,23.6,1.0
2026-05-16 22:00:00,T02,9.58,773.9,1.0
2026-05-16 22:00:00,T03,5.73,72.4,1.0
2026-05-16 22:00:00,T04,5.41,33.0,1.0
2026-05-16 22:00:00,T05,3.92,5.0,1.0
2026-05-16 23:00:00,T01,2.76,0.0,1.0
2026-05-16 23:00:00,T02,5.99,85.1,1.0
2026-05-16 23:00:00,T03,4.15,0.0,1.0
2026-05-16 23:00:00,T04,5.78,65.0,1.0
2026-05-16 23:00:00,T05,4.09,31.7,1.0
2026-05-17 00:00:00,T01,5.05,14.0,1.0
2026-05-17 00:00:00,T02,7.06,162.3,1.0
2026-05-17 00:00:00,T03,8.28,402.4,1.0
2026-05-17 00:00:00,T04,6.53,101.1,1.0
2026-05-17 00:00:00,T05,7.27,248.9,1.0
2026-05-17 01:00:00,T01,5.68,69.1,1.0
2026-05-17 01:00:00,T02,7.87,346.8,1.0
2026-05-17 01:00:00,T03,3.82,53.6,1.0
2026-05-17 01:00:00,T04,4.94,41.7,1.0
2026-05-17 01:00:00,T05,4.58,0.5,1.0
2026-05-17 02:00:00,T01,4.57,0.0,1.0
2026-05-17 02:00:00,T02,1.57,9.0,1.0
2026-05-17 02:00:00,T03,9.54,800.8,1.0
2026-05-17 02:00:00,T04,3.85,0.0,1.0
2026-05-17 02:00:00,T05,3.79,11.9,1.0
2026-05-17 03:00:00,T01,5.68,58.5,1.0
2026-05-17 03:00:00,T02,6.2,96.4,1.0
2026-05-17 03:00:00,T03,7.24,162.2,1.0
2026-05-17 03:00:00,T04,5.44,96.0,1.0
2026-05-17 03:00:00,T05,4.15,5.3,1.0
2026-05-17 04:00:00,T01,4.59,3.5,1.0
2026-05-17 04:00:00,T02,4.65,29.4,1.0
2026-05-17 04:00:00,T03,8.32,406.1,1.0
2026-05-17 04:00:00,T04,4.91,75.0,1.0
2026-05-17 04:00:00,T05,4.79,0.0,1.0
2026-05-17 05:00:00,T01,7.31,237.2,1.0
2026-05-17 05:00:00,T02,7.17,242.3,1.0
2026-05-17 05:00:00,T03,7.94,301.0,1.0
2026-05-17 05:00:00,T04,5.32,75.2,1.0
2026-05-17 05:00:00,T05,7.94,326.1,1.0
2026-05-17 06:00:00,T01,8.51,470.4,1.0
2026-05-17 06:00:00,T02,7.37,233.8,1.0
2026-05-17 06:00:00,T03,4.66,55.4,1.0
2026-05-17 06:00:00,T04,9.4,751.0,1.0
2026-05-17 06:00:00,T05,7.21,219.1,1.0
2026-05-17 07:00:00,T01,5.83,44.9,1.0
2026-05-17 07:00:00,T02,6.27,93.5,1.0
2026-05-17 07:00:00,T03,10.09,985.2,1.0
2026-05-17 07:00:00,T04,9.59,782.1,1.0
2026-05-17 07:00:00,T05,7.25,197.7,1.0
2026-05-17 08:00:00,T01,8.3,404.3,1.0
2026-05-17 08:00:00,T02,9.34,738.1,1.0
2026-05-17 08:00:00,T03,12.4,1980.8,1.0
2026-05-17 08:00:00,T04,7.7,314.3,1.0
2026-05-17 08:00:00,T05,5.69,45.0,1.0
2026-05-17 09:00:00,T01,9.29,708.2,1.0
2026-05-17 09:00:00,T02,6.43,134.5,1.0
2026-05-17 09:00:00,T03,11.17,1497.8,1.0
2026-05-17 09:00:00,T04,9.29,681.0,1.0
2026-05-17 09:00:00,T05,5.79,55.5,1.0
2026-05-17 10:00:00,T01,9.29,691.5,1.0
2026-05-17 10:00:00,T02,10.47,1134.8,1.0
2026-05-17 10:00:00,T03,9.57,713.1,1.0
2026-05-17 10:00:00,T04,9.06,570.2,1.0
2026-05-17 10:00:00,T05,9.05,659.1,1.0
2026-05-17 11:00:00,T01,5.45,5.3,1.0
2026-05-17 11:00:00,T02,5.77,58.5,1.0
2026-05-17 11:00:00,T03,8.18,354.4,1.0
2026-05-17 11:00:00,T04,9.52,796.5,1.0
2026-05-17 11:00:00,T05,8.15,329.8,1.0
2026-05-17 12:00:00,T01,8.77,543.3,1.0
2026-05-17 12:00:00,T02,7.28,220.2,1.0
2026-05-17 12:00:00,T03,10.31,1073.8,1.0
2026-05-17 12:00:00,T04,8.37,453.7,1.0
2026-05-17 12:00:00,T05,8.04,364.2,1.0
2026-05-17 13:00:00,T01,7.08,159.4,1.0
2026-05-17 13:00:00,T02,3.65,9.8,1.0
2026-05-17 13:00:00,T03,7.97,358.8,1.0
2026-05-17 13:00:00,T04,8.69,504.7,1.0
2026-05-17 13:00:00,T05,8.88,550.9,1.0
2026-05-17 14:00:00,T01,10.88,1376.4,1.0
2026-05-17 14:00:00,T02,4.82,0.0,1.0
2026-05-17 14:00:00,T03,7.99,293.3,1.0
2026-05-17 14:00:00,T04,5.4,7.5,1.0
2026-05-17 14:00:00,T05,6.39,90.5,1.0
2026-05-17 15:00:00,T01,9.5,778.8,1.0
2026-05-17 15:00:00,T02,11.57,1687.0,1.0
2026-05-17 15:00:00,T03,9.77,841.0,1.0
2026-05-17 15:00:00,T04,5.95,55.9,1.0
2026-05-17 15:00:00,T05,6.13,76.8,1.0
2026-05-17 16:00:00,T01,8.26,406.0,1.0
2026-05-17 16:00:00,T02,4.75,0.0,1.0
2026-05-17 16:00:00,T03,9.2,679.5,1.0
2026-05-17 16:00:00,T04,5.49,0.0,1.0
2026-05-17 16:00:00,T05,9.41,740.5,1.0
2026-05-17 17:00:00,T01,8.28,408.4,1.0
2026-05-17 17:00:00,T02,7.08,161.9,1.0
2026-05-17 17:00:00,T03,6.07,43.1,1.0
2026-05-17 17:00:00,T04,6.77,171.1,1.0
2026-05-17 17:00:00,T05,5.98,90.4,1.0
2026-05-17 18:00:00,T01,8.36,417.3,1.0
2026-05-17 18:00:00,T02,10.57,1174.9,1.0
2026-05-17 18:00:00,T03,8.07,364.1,1.0
2026-05-17 18:00:00,T04,6.31,59.1,1.0
2026-05-17 18:00:00,T05,5.76,62.6,1.0
2026-05-17 19:00:00,T01,7.85,329.4,1.0
2026-05-17 19:00:00,T02,7.2,218.5,1.0
2026-05-17 19:00:00,T03,6.5,119.5,1.0
2026-05-17 19:00:00,T04,4.26,12.7,1.0
2026-05-17 19:00:00,T05,6.75,171.8,1.0
2026-05-17 20:00:00,T01,5.18,19.1,1.0
2026-05-17 20:00:00,T02,10.96,1381.2,1.0
2026-05-17 20:00:00,T03,5.98,115.3,1.0
2026-05-17 20:00:00,T04,3.38,0.0,1.0
2026-05-17 20:00:00,T05,5.0,53.5,1.0
2026-05-17 21:00:00,T01,6.08,86.4,1.0
2026-05-17 21:00:00,T02,11.54,1715.5,1.0
2026-05-17 21:00:00,T03,5.82,56.0,1.0
2026-05-17 21:00:00,T04,6.95,133.7,1.0
2026-05-17 21:00:00,T05,5.09,45.5,1.0
2026-05-17 22:00:00,T01,7.96,356.7,1.0
2026-05-17 22:00:00,T02,5.47,10.6,1.0
2026-05-17 22:00:00,T03,6.77,143.0,1.0
2026-05-17 22:00:00,T04,7.07,190.5,1.0
2026-05-17 22:00:00,T05,6.42,95.8,1.0
2026-05-17 23:00:00,T01,4.47,0.0,1.0
2026-05-17 23:00:00,T02,5.61,37.3,1.0
2026-05-17 23:00:00,T03,9.21,678.8,1.0
2026-05-17 23:00:00,T04,3.92,0.0,1.0
2026-05-17 23:00:00,T05,4.97,33.5,1.0
2026-05-18 00:00:00,T01,4.48,0.0,1.0
2026-05-18 00:00:00,T02,7.14,209.6,1.0
2026-05-18 00:00:00,T03,5.43,6.2,1.0
2026-05-18 00:00:00,T04,7.33,243.5,1.0
2026-05-18 00:00:00,T05,5.61,61.1,1.0
2026-05-18 01:00:00,T01,3.71,0.0,1.0
2026-05-18 01:00:00,T02,3.48,15.2,1.0
2026-05-18 01:00:00,T03,6.56,118.6,1.0
2026-05-18 01:00:00,T04,4.06,0.0,1.0
2026-05-18 01:00:00,T05,4.69,0.0,1.0
2026-05-18 02:00:00,T01,3.25,0.0,1.0
2026-05-18 02:00:00,T02,3.46,0.0,1.0
2026-05-18 02:00:00,T03,5.3,22.1,1.0
2026-05-18 02:00:00,T04,6.15,66.5,1.0
2026-05-18 02:00:00,T05,4.28,0.0,1.0
2026-05-18 03:00:00,T01,2.88,0.0,1.0
2026-05-18 03:00:00,T02,6.29,101.6,1.0
2026-05-18 03:00:00,T03,5.06,20.3,1.0
2026-05-18 03:00:00,T04,6.25,34.4,1.0
2026-05-18 03:00:00,T05,4.95,0.0,1.0
2026-05-18 04:00:00,T01,7.35,243.7,1.0
2026-05-18 04:00:00,T02,4.92,74.5,1.0
2026-05-18 04:00:00,T03,6.04,98.1,1.0
2026-05-18 04:00:00,T04,7.47,190.3,1.0
2026-05-18 04:00:00,T05,4.95,22.0,1.0
2026-05-18 05:00:00,T01,8.94,618.9,1.0
2026-05-18 05:00:00,T02,6.96,169.6,1.0
2026-05-18 05:00:00,T03,6.58,139.4,1.0
2026-05-18 05:00:00,T04,7.98,384.2,1.0
2026-05-18 05:00:00,T05,5.81,68.2,1.0
2026-05-18 06:00:00,T01,9.35,739.1,1.0
2026-05-18 06:00:00,T02,5.41,21.3,1.0
2026-05-18 06:00:00,T03,7.41,216.5,1.0
2026-05-18 06:00:00,T04,7.19,254.0,1.0
2026-05-18 06:00:00,T05,9.09,590.6,1.0
2026-05-18 07:00:00,T01,4.12,0.0,1.0
2026-05-18 07:00:00,T02,6.65,129.1,1.0
2026-05-18 07:00:00,T03,5.59,51.2,1.0
2026-05-18 07:00:00,T04,7.12,194.8,1.0
2026-05-18 07:00:00,T05,5.53,70.8,1.0
2026-05-18 08:00:00,T01,10.24,1057.9,1.0
2026-05-18 08:00:00,T02,7.73,292.3,1.0
2026-05-18 08:00:00,T03,7.14,231.5,1.0
2026-05-18 08:00:00,T04,8.53,442.5,1.0
2026-05-18 08:00:00,T05,6.5,121.3,1.0
2026-05-18 09:00:00,T01,11.24,1567.7,1.0
2026-05-18 09:00:00,T02,6.64,128.3,1.0
2026-05-18 09:00:00,T03,6.65,113.0,1.0
2026-05-18 09:00:00,T04,8.52,453.1,1.0
2026-05-18 09:00:00,T05,8.96,614.6,1.0
2026-05-18 10:00:00,T01,8.46,435.0,1.0
2026-05-18 10:00:00,T02,13.99,1999.2,1.0
2026-05-18 10:00:00,T03,8.69,507.8,1.0
2026-05-18 10:00:00,T04,5.85,85.5,1.0
2026-05-18 10:00:00,T05,9.42,733.7,1.0
2026-05-18 11:00:00,T01,8.05,355.6,1.0
2026-05-18 11:00:00,T02,4.23,0.0,1.0
2026-05-18 11:00:00,T03,9.34,693.8,1.0
2026-05-18 11:00:00,T04,12.02,1987.1,1.0
2026-05-18 11:00:00,T05,10.47,1116.2,1.0
2026-05-18 12:00:00,T01,4.17,0.0,1.0
2026-05-18 12:00:00,T02,10.75,1252.6,1.0
2026-05-18 12:00:00,T03,11.59,1739.5,1.0
2026-05-18 12:00:00,T04,7.95,339.6,1.0
2026-05-18 12:00:00,T05,10.64,1234.7,1.0
2026-05-18 13:00:00,T01,9.52,766.1,1.0
2026-05-18 13:00:00,T02,7.48,242.4,1.0
2026-05-18 13:00:00,T03,10.98,1352.6,1.0
2026-05-18 13:00:00,T04,8.37,425.4,1.0
2026-05-18 13:00:00,T05,8.45,459.7,1.0
2026-05-18 14:00:00,T01,6.86,131.8,1.0
2026-05-18 14:00:00,T02,6.67,131.0,1.0
2026-05-18 14:00:00,T03,8.73,551.1,1.0
2026-05-18 14:00:00,T04,9.85,866.3,1.0
2026-05-18 14:00:00,T05,8.59,466.7,1.0
2026-05-18 15:00:00,T01,8.63,494.0,1.0
2026-05-18 15:00:00,T02,7.87,302.5,1.0
2026-05-18 15:00:00,T03,6.32,81.2,1.0
2026-05-18 15:00:00,T04,8.46,433.8,1.0
2026-05-18 15:00:00,T05,9.6,753.4,1.0
2026-05-18 16:00:00,T01,4.65,0.0,1.0
2026-05-18 16:00:00,T02,9.09,613.9,1.0
2026-05-18 16:00:00,T03,6.22,117.0,1.0
2026-05-18 16:00:00,T04,2.8,7.3,1.0
2026-05-18 16:00:00,T05,7.33,225.0,1.0
2026-05-18 17:00:00,T01,8.03,362.2,1.0
2026-05-18 17:00:00,T02,6.58,126.9,1.0
2026-05-18 17:00:00,T03,9.18,633.1,1.0
2026-05-18 17:00:00,T04,5.94,45.2,1.0
2026-05-18 17:00:00,T05,9.01,569.7,1.0
2026-05-18 18:00:00,T01,8.4,457.9,1.0
2026-05-18 18:00:00,T02,7.96,357.9,1.0
2026-05-18 18:00:00,T03,7.77,282.3,1.0
2026-05-18 18:00:00,T04,6.35,114.0,1.0
2026-05-18 18:00:00,T05,5.7,82.1,1.0
2026-05-18 19:00:00,T01,4.34,0.0,1.0
2026-05-18 19:00:00,T02,5.9,64.2,1.0
2026-05-18 19:00:00,T03,8.7,537.5,1.0
2026-05-18 19:00:00,T04,7.35,214.4,1.0
2026-05-18 19:00:00,T05,7.8,292.5,1.0
2026-05-18 20:00:00,T01,4.48,0.0,1.0
2026-05-18 20:00:00,T02,4.44,18.1,1.0
2026-05-18 20:00:00,T03,8.33,440.7,1.0
2026-05-18 20:00:00,T04,6.5,120.4,1.0
2026-05-18 20:00:00,T05,6.28,139.7,1.0
2026-05-18 21:00:00,T01,1.66,0.0,1.0
2026-05-18 21:00:00,T02,7.73,276.4,1.0
2026-05-18 21:00:00,T03,6.44,117.3,1.0
2026-05-18 21:00:00,T04,7.97,372.4,1.0
2026-05-18 21:00:00,T05,5.65,0.0,1.0
2026-05-18 22:00:00,T01,4.99,15.0,1.0
2026-05-18 22:00:00,T02,7.33,237.0,1.0
2026-05-18 22:00:00,T03,7.15,214.6,1.0
2026-05-18 22:00:00,T04,5.94,65.8,1.0
2026-05-18 22:00:00,T05,4.75,18.2,1.0
2026-05-18 23:00:00,T01,4.76,0.4,1.0
2026-05-18 23:00:00,T02,7.82,316.0,1.0
2026-05-18 23:00:00,T03,5.53,37.1,1.0
2026-05-18 23:00:00,T04,8.26,422.7,1.0
2026-05-18 23:00:00,T05,4.34,42.3,1.0
2026-05-19 00:00:00,T01,1.84,0.0,1.0
2026-05-19 00:00:00,T02,8.31,432.4,1.0
2026-05-19 00:00:00,T03,9.84,876.6,1.0
2026-05-19 00:00:00,T04,4.73,0.0,1.0
2026-05-19 00:00:00,T05,5.93,46.8,1.0
2026-05-19 01:00:00,T01,7.4,245.0,1.0
2026-05-19 01:00:00,T02,7.58,282.1,1.0
2026-05-19 01:00:00,T03,6.79,133.0,1.0
2026-05-19 01:00:00,T04,8.33,403.9,1.0
2026-05-19 01:00:00,T05,5.39,33.3,1.0
2026-05-19 02:00:00,T01,4.41,0.0,1.0
2026-05-19 02:00:00,T02,5.29,47.6,1.0
2026-05-19 02:00:00,T03,7.72,311.7,1.0
2026-05-19 02:00:00,T04,7.14,195.4,1.0
2026-05-19 02:00:00,T05,6.47,104.3,1.0
2026-05-19 03:00:00,T01,3.5,0.0,1.0
2026-05-19 03:00:00,T02,4.95,17.9,1.0
2026-05-19 03:00:00,T03,6.05,60.4,1.0
2026-05-19 03:00:00,T04,6.77,195.1,1.0
2026-05-19 03:00:00,T05,4.61,0.0,1.0
2026-05-19 04:00:00,T01,4.37,0.0,1.0
2026-05-19 04:00:00,T02,6.96,176.5,1.0
2026-05-19 04:00:00,T03,8.62,523.5,1.0
2026-05-19 04:00:00,T04,8.3,359.5,1.0
2026-05-19 04:00:00,T05,6.49,122.6,1.0
2026-05-19 05:00:00,T01,8.39,455.4,1.0
2026-05-19 05:00:00,T02,7.02,204.5,1.0
2026-05-19 05:00:00,T03,6.41,101.0,1.0
2026-05-19 05:00:00,T04,7.23,204.9,1.0
2026-05-19 05:00:00,T05,8.43,407.1,1.0
2026-05-19 06:00:00,T01,8.31,426.4,1.0
2026-05-19 06:00:00,T02,9.91,889.7,1.0
2026-05-19 06:00:00,T03,7.24,209.8,1.0
2026-05-19 06:00:00,T04,6.29,134.0,1.0
2026-05-19 06:00:00,T05,3.98,0.0,1.0
2026-05-19 07:00:00,T01,6.48,111.9,1.0
2026-05-19 07:00:00,T02,7.99,325.6,1.0
2026-05-19 07:00:00,T03,9.96,944.4,1.0
2026-05-19 07:00:00,T04,5.86,44.2,1.0
2026-05-19 07:00:00,T05,6.14,97.7,1.0
2026-05-19 08:00:00,T01,8.29,422.3,1.0
2026-05-19 08:00:00,T02,9.49,753.1,1.0
2026-05-19 08:00:00,T03,6.29,98.6,1.0
2026-05-19 08:00:00,T04,7.1,183.9,1.0
2026-05-19 08:00:00,T05,7.29,211.1,1.0
2026-05-19 09:00:00,T01,5.85,34.7,1.0
2026-05-19 09:00:00,T02,9.1,631.7,1.0
2026-05-19 09:00:00,T03,7.61,262.0,1.0
2026-05-19 09:00:00,T04,9.6,796.3,1.0
2026-05-19 09:00:00,T05,5.67,27.1,1.0
2026-05-19 10:00:00,T01,7.79,303.0,1.0
2026-05-19 10:00:00,T02,5.68,32.2,1.0
2026-05-19 10:00:00,T03,9.55,771.0,1.0
2026-05-19 10:00:00,T04,6.09,85.8,1.0
2026-05-19 10:00:00,T05,7.02,204.2,1.0
2026-05-19 11:00:00,T01,9.08,619.6,1.0
2026-05-19 11:00:00,T02,7.02,176.5,1.0
2026-05-19 11:00:00,T03,9.14,658.7,1.0
2026-05-19 11:00:00,T04,6.98,212.6,1.0
2026-05-19 11:00:00,T05,7.58,281.1,1.0
2026-05-19 12:00:00,T01,7.39,220.3,1.0
2026-05-19 12:00:00,T02,10.59,1199.0,1.0
2026-05-19 12:00:00,T03,8.37,408.6,1.0
2026-05-19 12:00:00,T04,9.24,679.4,1.0
2026-05-19 12:00:00,T05,9.35,675.0,1.0
2026-05-19 13:00:00,T01,8.48,462.9,1.0
2026-05-19 13:00:00,T02,8.63,435.3,1.0
2026-05-19 13:00:00,T03,9.12,626.1,1.0
2026-05-19 13:00:00,T04,6.31,132.8,1.0
2026-05-19 13:00:00,T05,6.93,133.9,1.0
2026-05-19 14:00:00,T01,7.14,174.9,1.0
2026-05-19 14:00:00,T02,7.2,197.7,1.0
2026-05-19 14:00:00,T03,10.33,1082.4,1.0
2026-05-19 14:00:00,T04,9.77,842.3,1.0
2026-05-19 14:00:00,T05,10.44,1107.1,1.0
2026-05-19 15:00:00,T01,8.9,574.9,1.0
2026-05-19 15:00:00,T02,10.94,1370.8,1.0
2026-05-19 15:00:00,T03,6.49,138.3,1.0
2026-05-19 15:00:00,T04,10.0,920.5,1.0
2026-05-19 15:00:00,T05,4.84,30.8,1.0
2026-05-19 16:00:00,T01,7.75,307.9,1.0
2026-05-19 16:00:00,T02,5.65,47.2,1.0
2026-05-19 16:00:00,T03,4.6,8.8,1.0
2026-05-19 16:00:00,T04,8.18,374.7,1.0
2026-05-19 16:00:00,T05,5.95,77.6,1.0
2026-05-19 17:00:00,T01,1.53,0.0,1.0
2026-05-19 17:00:00,T02,8.63,524.0,1.0
2026-05-19 17:00:00,T03,9.93,957.7,1.0
2026-05-19 17:00:00,T04,6.83,125.1,1.0
2026-05-19 17:00:00,T05,5.06,43.8,1.0
2026-05-19 18:00:00,T01,8.35,449.1,1.0
2026-05-19 18:00:00,T02,8.66,468.1,1.0
2026-05-19 18:00:00,T03,5.12,22.3,1.0
2026-05-19 18:00:00,T04,4.78,27.5,1.0
2026-05-19 18:00:00,T05,4.36,0.0,1.0
2026-05-19 19:00:00,T01,1.23,0.0,1.0
2026-05-19 19:00:00,T02,7.33,202.0,1.0
2026-05-19 19:00:00,T03,4.94,13.9,1.0
2026-05-19 19:00:00,T04,4.36,0.0,1.0
2026-05-19 19:00:00,T05,5.01,0.0,1.0
2026-05-19 20:00:00,T01,3.78,0.0,1.0
2026-05-19 20:00:00,T02,5.48,0.0,1.0
2026-05-19 20:00:00,T03,8.16,372.2,1.0
2026-05-19 20:00:00,T04,7.99,324.1,1.0
2026-05-19 20:00:00,T05,7.66,300.7,1.0
2026-05-19 21:00:00,T01,8.54,492.0,1.0
2026-05-19 21:00:00,T02,6.35,90.9,1.0
2026-05-19 21:00:00,T03,4.83,0.0,1.0
2026-05-19 21:00:00,T04,6.29,110.1,1.0
2026-05-19 21:00:00,T05,3.02,0.0,1.0
2026-05-19 22:00:00,T01,4.99,13.8,1.0
2026-05-19 22:00:00,T02,5.04,13.4,1.0
2026-05-19 22:00:00,T03,5.13,0.6,1.0
2026-05-19 22:00:00,T04,8.57,445.7,1.0
2026-05-19 22:00:00,T05,7.5,255.0,1.0
2026-05-19 23:00:00,T01,2.85,0.0,1.0
2026-05-19 23:00:00,T02,6.2,77.2,1.0
2026-05-19 23:00:00,T03,7.8,290.7,1.0
2026-05-19 23:00:00,T04,6.43,130.2,1.0
2026-05-19 23:00:00,T05,6.71,101.6,1.0
2026-05-20 00:00:00,T01,2.93,0.0,1.0
2026-05-20 00:00:00,T02,5.37,64.1,1.0
2026-05-20 00:00:00,T03,6.3,127.1,1.0
2026-05-20 00:00:00,T04,8.31,398.2,1.0
2026-05-20 00:00:00,T05,3.6,0.0,1.0
2026-05-20 01:00:00,T01,6.56,149.0,1.0
2026-05-20 01:00:00,T02,7.12,213.1,1.0
2026-05-20 01:00:00,T03,5.47,40.5,1.0
2026-05-20 01:00:00,T04,6.95,198.5,1.0
2026-05-20 01:00:00,T05,9.19,676.9,1.0
2026-05-20 02:00:00,T01,1.76,0.0,1.0
2026-05-20 02:00:00,T02,3.59,2.5,1.0
2026-05-20 02:00:00,T03,3.69,0.0,1.0
2026-05-20 02:00:00,T04,5.85,53.7,1.0
2026-05-20 02:00:00,T05,4.81,0.0,1.0
2026-05-20 03:00:00,T01,7.66,306.2,1.0
2026-05-20 03:00:00,T02,3.39,0.0,1.0
2026-05-20 03:00:00,T03,4.31,36.8,1.0
2026-05-20 03:00:00,T04,7.5,265.7,1.0
2026-05-20 03:00:00,T05,6.21,111.3,1.0
2026-05-20 04:00:00,T01,6.18,87.2,1.0
2026-05-20 04:00:00,T02,5.33,60.3,1.0
2026-05-20 04:00:00,T03,8.26,437.5,1.0
2026-05-20 04:00:00,T04,2.66,4.5,1.0
2026-05-20 04:00:00,T05,5.2,0.0,1.0
2026-05-20 05:00:00,T01,4.35,0.0,1.0
2026-05-20 05:00:00,T02,7.2,202.1,1.0
2026-05-20 05:00:00,T03,7.61,300.9,1.0
2026-05-20 05:00:00,T04,4.18,23.1,1.0
2026-05-20 05:00:00,T05,8.11,352.6,1.0
2026-05-20 06:00:00,T01,5.84,48.2,1.0
2026-05-20 06:00:00,T02,6.27,75.8,1.0
2026-05-20 06:00:00,T03,6.31,78.5,1.0
2026-05-20 06:00:00,T04,9.55,774.0,1.0
2026-05-20 06:00:00,T05,8.03,345.5,1.0
2026-05-20 07:00:00,T01,7.57,237.1,1.0
2026-05-20 07:00:00,T02,4.08,0.0,1.0
2026-05-20 07:00:00,T03,7.81,293.1,1.0
2026-05-20 07:00:00,T04,5.2,0.0,1.0
2026-05-20 07:00:00,T05,6.68,180.8,1.0
2026-05-20 08:00:00,T01,9.21,679.1,1.0
2026-05-20 08:00:00,T02,9.39,705.1,1.0
2026-05-20 08:00:00,T03,3.73,46.4,1.0
2026-05-20 08:00:00,T04,10.25,1069.7,1.0
2026-05-20 08:00:00,T05,9.57,747.8,1.0
2026-05-20 09:00:00,T01,8.67,518.6,1.0
2026-05-20 09:00:00,T02,7.58,282.3,1.0
2026-05-20 09:00:00,T03,9.91,912.5,1.0
2026-05-20 09:00:00,T04,12.06,1997.8,1.0
2026-05-20 09:00:00,T05,8.76,541.2,1.0
2026-05-20 10:00:00,T01,4.77,0.0,1.0
2026-05-20 10:00:00,T02,8.06,413.3,1.0
2026-05-20 10:00:00,T03,10.53,1164.8,1.0
2026-05-20 10:00:00,T04,7.73,309.5,1.0
2026-05-20 10:00:00,T05,9.18,673.2,1.0
2026-05-20 11:00:00,T01,7.14,184.0,1.0
2026-05-20 11:00:00,T02,8.18,383.0,1.0
2026-05-20 11:00:00,T03,7.22,224.0,1.0
2026-05-20 11:00:00,T04,6.23,110.0,1.0
2026-05-20 11:00:00,T05,7.34,205.9,1.0
2026-05-20 12:00:00,T01,7.06,162.1,1.0
2026-05-20 12:00:00,T02,6.93,147.2,1.0
2026-05-20 12:00:00,T03,10.48,1174.5,1.0
2026-05-20 12:00:00,T04,8.68,483.0,1.0
2026-05-20 12:00:00,T05,9.25,661.8,1.0
2026-05-20 13:00:00,T01,10.64,1256.2,1.0
2026-05-20 13:00:00,T02,7.04,151.8,1.0
2026-05-20 13:00:00,T03,7.88,303.9,1.0
2026-05-20 13:00:00,T04,10.03,930.8,1.0
2026-05-20 13:00:00,T05,7.32,224.6,1.0
2026-05-20 14:00:00,T01,7.59,231.8,1.0
2026-05-20 14:00:00,T02,8.56,484.9,1.0
2026-05-20 14:00:00,T03,7.18,206.2,1.0
2026-05-20 14:00:00,T04,7.74,308.0,1.0
2026-05-20 14:00:00,T05,6.17,50.1,1.0
2026-05-20 15:00:00,T01,11.08,1487.7,1.0
2026-05-20 15:00:00,T02,8.84,501.4,1.0
2026-05-20 15:00:00,T03,6.27,118.9,1.0
2026-05-20 15:00:00,T04,10.72,1256.4,1.0
2026-05-20 15:00:00,T05,8.2,374.0,1.0
2026-05-20 16:00:00,T01,7.65,275.3,1.0
2026-05-20 16:00:00,T02,8.08,373.4,1.0
2026-05-20 16:00:00,T03,7.02,149.4,1.0
2026-05-20 16:00:00,T04,7.09,210.6,1.0
2026-05-20 16:00:00,T05,4.02,34.8,1.0
2026-05-20 17:00:00,T01,5.73,26.6,1.0
2026-05-20 17:00:00,T02,7.31,239.9,1.0
2026-05-20 17:00:00,T03,7.57,261.9,1.0
2026-05-20 17:00:00,T04,8.08,355.9,1.0
2026-05-20 17:00:00,T05,7.2,216.8,1.0
2026-05-20 18:00:00,T01,7.55,241.5,1.0
2026-05-20 18:00:00,T02,9.87,900.0,1.0
2026-05-20 18:00:00,T03,8.55,442.1,1.0
2026-05-20 18:00:00,T04,6.99,199.3,1.0
2026-05-20 18:00:00,T05,5.69,49.3,1.0
2026-05-20 19:00:00,T01,4.77,0.0,1.0
2026-05-20 19:00:00,T02,6.3,92.7,1.0
2026-05-20 19:00:00,T03,6.51,94.0,1.0
2026-05-20 19:00:00,T04,5.9,77.2,1.0
2026-05-20 19:00:00,T05,7.52,256.5,1.0
2026-05-20 20:00:00,T01,3.99,0.0,1.0
2026-05-20 20:00:00,T02,4.52,23.8,1.0
2026-05-20 20:00:00,T03,5.11,11.8,1.0
2026-05-20 20:00:00,T04,4.97,28.0,1.0
2026-05-20 20:00:00,T05,6.55,136.8,1.0
2026-05-20 21:00:00,T01,6.19,91.0,1.0
2026-05-20 21:00:00,T02,5.69,57.7,1.0
2026-05-20 21:00:00,T03,5.51,55.3,1.0
2026-05-20 21:00:00,T04,6.03,67.3,1.0
2026-05-20 21:00:00,T05,3.12,19.3,1.0
2026-05-20 22:00:00,T01,3.94,0.0,1.0
2026-05-20 22:00:00,T02,0.93,0.0,1.0
2026-05-20 22:00:00,T03,5.81,52.9,1.0
2026-05-20 22:00:00,T04,6.64,137.7,1.0
2026-05-20 22:00:00,T05,6.86,144.3,1.0
2026-05-20 23:00:00,T01,1.49,0.0,1.0
2026-05-20 23:00:00,T02,5.31,80.2,1.0
2026-05-20 23:00:00,T03,3.86,0.0,1.0
2026-05-20 23:00:00,T04,2.38,29.8,1.0
2026-05-20 23:00:00,T05,4.19,43.0,1.0
2026-05-21 00:00:00,T01,4.85,8.0,1.0
2026-05-21 00:00:00,T02,4.22,0.0,1.0
2026-05-21 00:00:00,T03,4.11,5.0,1.0
2026-05-21 00:00:00,T04,9.87,887.0,1.0
2026-05-21 00:00:00,T05,8.66,531.2,1.0
2026-05-21 01:00:00,T01,2.28,0.0,1.0
2026-05-21 01:00:00,T02,4.52,29.1,1.0
2026-05-21 01:00:00,T03,5.35,6.9,1.0
2026-05-21 01:00:00,T04,5.44,53.1,1.0
2026-05-21 01:00:00,T05,8.88,576.0,1.0
2026-05-21 02:00:00,T01,4.14,0.0,1.0
2026-05-21 02:00:00,T02,3.08,0.0,1.0
2026-05-21 02:00:00,T03,6.36,114.6,1.0
2026-05-21 02:00:00,T04,4.58,12.0,1.0
2026-05-21 02:00:00,T05,9.38,692.9,1.0
2026-05-21 03:00:00,T01,7.05,159.3,1.0
2026-05-21 03:00:00,T02,7.3,249.4,1.0
2026-05-21 03:00:00,T03,7.9,351.0,1.0
2026-05-21 03:00:00,T04,5.71,57.8,1.0
2026-05-21 03:00:00,T05,4.76,0.0,1.0
2026-05-21 04:00:00,T01,3.87,0.0,1.0
2026-05-21 04:00:00,T02,6.54,158.8,1.0
2026-05-21 04:00:00,T03,7.72,286.1,1.0
2026-05-21 04:00:00,T04,3.63,43.8,1.0
2026-05-21 04:00:00,T05,7.57,254.4,1.0
2026-05-21 05:00:00,T01,11.49,1728.8,1.0
2026-05-21 05:00:00,T02,6.13,84.6,1.0
2026-05-21 05:00:00,T03,3.65,0.0,1.0
2026-05-21 05:00:00,T04,7.44,270.9,1.0
2026-05-21 05:00:00,T05,6.4,109.5,1.0
2026-05-21 06:00:00,T01,7.12,193.5,1.0
2026-05-21 06:00:00,T02,7.75,307.3,1.0
2026-05-21 06:00:00,T03,7.99,349.5,1.0
2026-05-21 06:00:00,T04,8.03,350.5,1.0
2026-05-21 06:00:00,T05,8.68,458.3,1.0
2026-05-21 07:00:00,T01,8.42,442.9,1.0
2026-05-21 07:00:00,T02,7.05,195.7,1.0
2026-05-21 07:00:00,T03,8.53,412.1,1.0
2026-05-21 07:00:00,T04,5.87,70.0,1.0
2026-05-21 07:00:00,T05,9.73,849.0,1.0
2026-05-21 08:00:00,T01,4.45,0.0,1.0
2026-05-21 08:00:00,T02,9.0,576.6,1.0
2026-05-21 08:00:00,T03,6.38,119.8,1.0
2026-05-21 08:00:00,T04,11.36,1587.9,1.0
2026-05-21 08:00:00,T05,10.63,1248.7,1.0
2026-05-21 09:00:00,T01,7.27,196.9,1.0
2026-05-21 09:00:00,T02,7.21,218.1,1.0
2026-05-21 09:00:00,T03,9.77,930.0,1.0
2026-05-21 09:00:00,T04,5.86,59.6,1.0
2026-05-21 09:00:00,T05,7.53,268.8,1.0
2026-05-21 10:00:00,T01,8.0,348.1,1.0
2026-05-21 10:00:00,T02,10.26,1027.4,1.0
2026-05-21 10:00:00,T03,3.96,0.0,1.0
2026-05-21 10:00:00,T04,8.12,375.3,1.0
2026-05-21 10:00:00,T05,5.1,8.4,1.0
2026-05-21 11:00:00,T01,6.73,117.2,1.0
2026-05-21 11:00:00,T02,11.19,1492.7,1.0
2026-05-21 11:00:00,T03,5.24,27.8,1.0
2026-05-21 11:00:00,T04,9.9,923.0,1.0
2026-05-21 11:00:00,T05,5.39,17.8,1.0
2026-05-21 12:00:00,T01,9.84,902.2,1.0
2026-05-21 12:00:00,T02,8.24,423.4,1.0
2026-05-21 12:00:00,T03,11.63,1779.5,1.0
2026-05-21 12:00:00,T04,8.73,533.7,1.0
2026-05-21 12:00:00,T05,7.69,290.1,1.0
2026-05-21 13:00:00,T01,6.76,115.3,1.0
2026-05-21 13:00:00,T02,9.93,939.2,1.0
2026-05-21 13:00:00,T03,5.84,103.8,1.0
2026-05-21 13:00:00,T04,7.99,313.5,1.0
2026-05-21 13:00:00,T05,9.01,590.5,1.0
2026-05-21 14:00:00,T01,9.87,880.8,1.0
2026-05-21 14:00:00,T02,9.71,811.0,1.0
2026-05-21 14:00:00,T03,8.21,413.2,1.0
2026-05-21 14:00:00,T04,9.13,655.5,1.0
2026-05-21 14:00:00,T05,10.65,1237.0,1.0
2026-05-21 15:00:00,T01,7.12,177.9,1.0
2026-05-21 15:00:00,T02,8.43,421.9,1.0
2026-05-21 15:00:00,T03,4.7,0.0,1.0
2026-05-21 15:00:00,T04,8.09,359.9,1.0
2026-05-21 15:00:00,T05,10.37,1112.4,1.0
2026-05-21 16:00:00,T01,7.93,332.6,1.0
2026-05-21 16:00:00,T02,10.05,945.9,1.0
2026-05-21 16:00:00,T03,7.53,268.8,1.0
2026-05-21 16:00:00,T04,8.71,486.2,1.0
2026-05-21 16:00:00,T05,5.81,88.3,1.0
2026-05-21 17:00:00,T01,6.25,78.4,1.0
2026-05-21 17:00:00,T02,6.51,137.4,1.0
2026-05-21 17:00:00,T03,5.22,94.5,1.0
2026-05-21 17:00:00,T04,9.06,645.3,1.0
2026-05-21 17:00:00,T05,6.21,62.6,1.0
2026-05-21 18:00:00,T01,5.53,37.6,1.0
2026-05-21 18:00:00,T02,8.85,524.8,1.0
2026-05-21 18:00:00,T03,9.95,936.5,1.0
2026-05-21 18:00:00,T04,8.6,519.5,1.0
2026-05-21 18:00:00,T05,10.35,1095.5,1.0
2026-05-21 19:00:00,T01,5.79,53.9,1.0
2026-05-21 19:00:00,T02,8.13,380.3,1.0
2026-05-21 19:00:00,T03,1.93,0.0,1.0
2026-05-21 19:00:00,T04,3.89,8.5,1.0
2026-05-21 19:00:00,T05,7.02,168.7,1.0
2026-05-21 20:00:00,T01,3.64,0.0,1.0
2026-05-21 20:00:00,T02,6.76,164.2,1.0
2026-05-21 20:00:00,T03,6.24,100.8,1.0
2026-05-21 20:00:00,T04,7.12,209.0,1.0
2026-05-21 20:00:00,T05,9.08,613.2,1.0
2026-05-21 21:00:00,T01,7.17,211.7,1.0
2026-05-21 21:00:00,T02,6.1,79.5,1.0
2026-05-21 21:00:00,T03,3.15,0.0,1.0
2026-05-21 21:00:00,T04,9.4,738.4,1.0
2026-05-21 21:00:00,T05,7.63,293.3,1.0
2026-05-21 22:00:00,T01,5.6,54.0,1.0
2026-05-21 22:00:00,T02,10.16,1033.8,1.0
2026-05-21 22:00:00,T03,4.55,41.1,1.0
2026-05-21 22:00:00,T04,10.97,1426.4,1.0
2026-05-21 22:00:00,T05,3.66,25.1,1.0
2026-05-21 23:00:00,T01,5.25,29.1,1.0
2026-05-21 23:00:00,T02,1.41,0.0,1.0
2026-05-21 23:00:00,T03,5.91,43.5,1.0
2026-05-21 23:00:00,T04,5.98,91.1,1.0
2026-05-21 23:00:00,T05,7.6,302.9,1.0
2026-05-22 00:00:00,T01,4.49,0.0,1.0
2026-05-22 00:00:00,T02,6.71,135.3,1.0
2026-05-22 00:00:00,T03,3.67,2.7,1.0
2026-05-22 00:00:00,T04,1.72,0.0,1.0
2026-05-22 00:00:00,T05,5.25,41.9,1.0
2026-05-22 01:00:00,T01,5.85,83.5,1.0
2026-05-22 01:00:00,T02,6.2,65.7,1.0
2026-05-22 01:00:00,T03,5.88,43.9,1.0
2026-05-22 01:00:00,T04,3.13,50.3,1.0
2026-05-22 01:00:00,T05,4.24,2.5,1.0
2026-05-22 02:00:00,T01,4.98,15.3,1.0
2026-05-22 02:00:00,T02,3.04,25.4,1.0
2026-05-22 02:00:00,T03,6.42,96.1,1.0
2026-05-22 02:00:00,T04,6.15,112.1,1.0
2026-05-22 02:00:00,T05,2.68,0.0,1.0
2026-05-22 03:00:00,T01,4.63,4.2,1.0
2026-05-22 03:00:00,T02,5.92,48.9,1.0
2026-05-22 03:00:00,T03,5.96,108.3,1.0
2026-05-22 03:00:00,T04,4.77,2.5,1.0
2026-05-22 03:00:00,T05,4.65,0.0,1.0
2026-05-22 04:00:00,T01,6.02,78.5,1.0
2026-05-22 04:00:00,T02,5.41,47.1,1.0
2026-05-22 04:00:00,T03,6.67,138.3,1.0
2026-05-22 04:00:00,T04,6.81,126.2,1.0
2026-05-22 04:00:00,T05,5.17,61.6,1.0
2026-05-22 05:00:00,T01,10.6,1248.1,1.0
2026-05-22 05:00:00,T02,5.66,50.1,1.0
2026-05-22 05:00:00,T03,7.82,293.0,1.0
2026-05-22 05:00:00,T04,6.73,155.5,1.0
2026-05-22 05:00:00,T05,7.14,186.3,1.0
2026-05-22 06:00:00,T01,4.22,0.0,1.0
2026-05-22 06:00:00,T02,6.2,63.6,1.0
2026-05-22 06:00:00,T03,6.7,110.4,1.0
2026-05-22 06:00:00,T04,7.25,203.9,1.0
2026-05-22 06:00:00,T05,9.37,722.8,1.0
2026-05-22 07:00:00,T01,8.76,544.9,1.0
2026-05-22 07:00:00,T02,10.6,1191.1,1.0
2026-05-22 07:00:00,T03,5.99,26.5,1.0
2026-05-22 07:00:00,T04,9.85,890.0,1.0
2026-05-22 07:00:00,T05,7.57,279.1,1.0
2026-05-22 08:00:00,T01,3.53,0.0,1.0
2026-05-22 08:00:00,T02,10.65,1264.6,1.0
2026-05-22 08:00:00,T03,8.37,393.6,1.0
2026-05-22 08:00:00,T04,7.97,355.7,1.0
2026-05-22 08:00:00,T05,9.59,752.6,1.0
2026-05-22 09:00:00,T01,7.9,328.1,1.0
2026-05-22 09:00:00,T02,3.47,5.3,1.0
2026-05-22 09:00:00,T03,6.64,134.9,1.0
2026-05-22 09:00:00,T04,9.14,620.0,1.0
2026-05-22 09:00:00,T05,9.03,578.3,1.0
2026-05-22 10:00:00,T01,12.21,2000.0,1.0
2026-05-22 10:00:00,T02,8.79,507.2,1.0
2026-05-22 10:00:00,T03,9.36,731.0,1.0
2026-05-22 10:00:00,T04,7.55,229.7,1.0
2026-05-22 10:00:00,T05,8.11,404.7,1.0
2026-05-22 11:00:00,T01,10.24,1053.8,1.0
2026-05-22 11:00:00,T02,9.26,680.8,1.0
2026-05-22 11:00:00,T03,6.53,106.3,1.0
2026-05-22 11:00:00,T04,9.28,688.3,1.0
2026-05-22 11:00:00,T05,7.74,299.9,1.0
2026-05-22 12:00:00,T01,10.13,1000.6,1.0
2026-05-22 12:00:00,T02,8.4,429.1,1.0
2026-05-22 12:00:00,T03,9.24,705.5,1.0
2026-05-22 12:00:00,T04,6.55,109.8,1.0
2026-05-22 12:00:00,T05,7.56,246.5,1.0
2026-05-22 13:00:00,T01,7.42,223.4,1.0
2026-05-22 13:00:00,T02,7.93,414.9,1.0
2026-05-22 13:00:00,T03,9.37,692.4,1.0
2026-05-22 13:00:00,T04,6.08,83.8,1.0
2026-05-22 13:00:00,T05,9.34,696.8,1.0
2026-05-22 14:00:00,T01,9.59,786.7,1.0
2026-05-22 14:00:00,T02,7.47,251.9,1.0
2026-05-22 14:00:00,T03,7.27,207.1,1.0
2026-05-22 14:00:00,T04,9.09,586.5,1.0
2026-05-22 14:00:00,T05,9.79,884.2,1.0
2026-05-22 15:00:00,T01,7.21,198.4,1.0
2026-05-22 15:00:00,T02,7.95,324.2,1.0
2026-05-22 15:00:00,T03,5.1,0.0,1.0
2026-05-22 15:00:00,T04,10.55,1174.8,1.0
2026-05-22 15:00:00,T05,7.66,300.1,1.0
2026-05-22 16:00:00,T01,6.22,72.1,1.0
2026-05-22 16:00:00,T02,9.0,629.0,1.0
2026-05-22 16:00:00,T03,9.14,661.4,1.0
2026-05-22 16:00:00,T04,7.1,207.0,1.0
2026-05-22 16:00:00,T05,7.32,184.7,1.0
2026-05-22 17:00:00,T01,6.27,88.5,1.0
2026-05-22 17:00:00,T02,6.08,34.2,1.0
2026-05-22 17:00:00,T03,8.69,557.7,1.0
2026-05-22 17:00:00,T04,9.06,625.9,1.0
2026-05-22 17:00:00,T05,7.81,345.4,1.0
2026-05-22 18:00:00,T01,7.78,305.2,1.0
2026-05-22 18:00:00,T02,4.0,5.1,1.0
2026-05-22 18:00:00,T03,10.3,1022.5,1.0
2026-05-22 18:00:00,T04,6.42,89.7,1.0
2026-05-22 18:00:00,T05,3.97,26.6,1.0
2026-05-22 19:00:00,T01,5.18,9.1,1.0
2026-05-22 19:00:00,T02,8.77,576.8,1.0
2026-05-22 19:00:00,T03,6.49,107.5,1.0
2026-05-22 19:00:00,T04,7.66,248.3,1.0
2026-05-22 19:00:00,T05,6.03,72.2,1.0
2026-05-22 20:00:00,T01,5.81,40.5,1.0
2026-05-22 20:00:00,T02,6.48,112.3,1.0
2026-05-22 20:00:00,T03,6.06,110.5,1.0
2026-05-22 20:00:00,T04,6.03,76.5,1.0
2026-05-22 20:00:00,T05,1.26,0.0,1.0
2026-05-22 21:00:00,T01,2.79,0.0,1.0
2026-05-22 21:00:00,T02,6.61,85.8,1.0
2026-05-22 21:00:00,T03,6.09,45.0,1.0
2026-05-22 21:00:00,T04,5.87,78.7,1.0
2026-05-22 21:00:00,T05,6.27,121.8,1.0
2026-05-22 22:00:00,T01,7.16,206.7,1.0
2026-05-22 22:00:00,T02,0.28,0.0,1.0
2026-05-22 22:00:00,T03,5.04,37.4,1.0
2026-05-22 22:00:00,T04,2.36,10.1,1.0
2026-05-22 22:00:00,T05,6.04,88.9,1.0
2026-05-22 23:00:00,T01,7.63,286.3,1.0
2026-05-22 23:00:00,T02,5.54,81.3,1.0
2026-05-22 23:00:00,T03,4.92,50.1,1.0
2026-05-22 23:00:00,T04,6.97,159.1,1.0
2026-05-22 23:00:00,T05,7.38,194.3,1.0
2026-05-23 00:00:00,T01,6.57,130.1,1.0
2026-05-23 00:00:00,T02,4.1,13.0,1.0
2026-05-23 00:00:00,T03,5.55,47.6,1.0
2026-05-23 00:00:00,T04,4.3,13.5,1.0
2026-05-23 00:00:00,T05,4.63,6.1,1.0
2026-05-23 01:00:00,T01,6.76,169.7,1.0
2026-05-23 01:00:00,T02,5.78,38.2,1.0
2026-05-23 01:00:00,T03,6.59,141.2,1.0
2026-05-23 01:00:00,T04,6.02,113.3,1.0
2026-05-23 01:00:00,T05,6.7,216.6,1.0
2026-05-23 02:00:00,T01,6.94,170.2,1.0
2026-05-23 02:00:00,T02,4.28,0.0,1.0
2026-05-23 02:00:00,T03,4.02,47.0,1.0
2026-05-23 02:00:00,T04,4.26,10.6,1.0
2026-05-23 02:00:00,T05,5.87,65.1,1.0
2026-05-23 03:00:00,T01,6.44,121.8,1.0
2026-05-23 03:00:00,T02,9.0,577.4,1.0
2026-05-23 03:00:00,T03,5.57,95.1,1.0
2026-05-23 03:00:00,T04,8.29,364.9,1.0
2026-05-23 03:00:00,T05,5.79,40.8,1.0
2026-05-23 04:00:00,T01,6.38,113.3,1.0
2026-05-23 04:00:00,T02,8.45,452.6,1.0
2026-05-23 04:00:00,T03,7.53,253.2,1.0
2026-05-23 04:00:00,T04,4.92,24.4,1.0
2026-05-23 04:00:00,T05,8.43,414.3,1.0
2026-05-23 05:00:00,T01,6.02,73.3,1.0
2026-05-23 05:00:00,T02,4.72,47.3,1.0
2026-05-23 05:00:00,T03,8.12,354.1,1.0
2026-05-23 05:00:00,T04,5.9,118.1,1.0
2026-05-23 05:00:00,T05,5.33,79.0,1.0
2026-05-23 06:00:00,T01,6.75,131.6,1.0
2026-05-23 06:00:00,T02,8.76,551.8,1.0
2026-05-23 06:00:00,T03,7.37,206.1,1.0
2026-05-23 06:00:00,T04,4.69,0.0,1.0
2026-05-23 06:00:00,T05,7.79,323.4,1.0
2026-05-23 07:00:00,T01,12.8,2000.0,1.0
2026-05-23 07:00:00,T02,9.02,608.9,1.0
2026-05-23 07:00:00,T03,6.82,177.0,1.0
2026-05-23 07:00:00,T04,6.68,137.0,1.0
2026-05-23 07:00:00,T05,7.39,267.7,1.0
2026-05-23 08:00:00,T01,7.02,167.3,1.0
2026-05-23 08:00:00,T02,7.95,298.8,1.0
2026-05-23 08:00:00,T03,10.89,1310.8,1.0
2026-05-23 08:00:00,T04,10.23,1033.1,1.0
2026-05-23 08:00:00,T05,9.62,802.6,1.0
2026-05-23 09:00:00,T01,7.53,238.5,1.0
2026-05-23 09:00:00,T02,5.55,12.2,1.0
2026-05-23 09:00:00,T03,8.2,379.6,1.0
2026-05-23 09:00:00,T04,8.64,495.9,1.0
2026-05-23 09:00:00,T05,8.52,492.4,1.0
2026-05-23 10:00:00,T01,8.75,531.9,1.0
2026-05-23 10:00:00,T02,9.11,639.9,1.0
2026-05-23 10:00:00,T03,7.83,312.1,1.0
2026-05-23 10:00:00,T04,6.93,171.7,1.0
2026-05-23 10:00:00,T05,5.64,29.5,1.0
2026-05-23 11:00:00,T01,9.17,651.6,1.0
2026-05-23 11:00:00,T02,10.37,1064.6,1.0
2026-05-23 11:00:00,T03,7.11,177.5,1.0
2026-05-23 11:00:00,T04,9.07,642.4,1.0
2026-05-23 11:00:00,T05,10.73,1273.4,1.0
2026-05-23 12:00:00,T01,6.06,43.6,1.0
2026-05-23 12:00:00,T02,10.37,1094.8,1.0
2026-05-23 12:00:00,T03,10.95,1384.2,1.0
2026-05-23 12:00:00,T04,9.18,650.0,1.0
2026-05-23 12:00:00,T05,9.73,843.9,1.0
2026-05-23 13:00:00,T01,11.52,1725.9,1.0
2026-05-23 13:00:00,T02,6.27,103.1,1.0
2026-05-23 13:00:00,T03,7.95,397.5,1.0
2026-05-23 13:00:00,T04,9.09,652.7,1.0
2026-05-23 13:00:00,T05,8.74,552.8,1.0
2026-05-23 14:00:00,T01,8.02,344.5,1.0
2026-05-23 14:00:00,T02,9.44,703.9,1.0
2026-05-23 14:00:00,T03,8.73,514.2,1.0
2026-05-23 14:00:00,T04,12.66,1997.1,1.0
2026-05-23 14:00:00,T05,11.11,1470.9,1.0
2026-05-23 15:00:00,T01,6.8,122.3,1.0
2026-05-23 15:00:00,T02,4.47,0.0,1.0
2026-05-23 15:00:00,T03,6.74,132.1,1.0
2026-05-23 15:00:00,T04,7.83,300.6,1.0
2026-05-23 15:00:00,T05,6.1,66.3,1.0
2026-05-23 16:00:00,T01,9.6,818.2,1.0
2026-05-23 16:00:00,T02,8.16,374.4,1.0
2026-05-23 16:00:00,T03,9.21,680.9,1.0
2026-05-23 16:00:00,T04,7.18,183.5,1.0
2026-05-23 16:00:00,T05,7.02,179.7,1.0
2026-05-23 17:00:00,T01,9.87,903.4,1.0
2026-05-23 17:00:00,T02,9.26,685.6,1.0
2026-05-23 17:00:00,T03,6.34,108.4,1.0
2026-05-23 17:00:00,T04,6.32,55.1,1.0
2026-05-23 17:00:00,T05,7.11,149.0,1.0
2026-05-23 18:00:00,T01,3.72,0.0,1.0
2026-05-23 18:00:00,T02,8.09,387.8,1.0
2026-05-23 18:00:00,T03,9.69,857.6,1.0
2026-05-23 18:00:00,T04,8.36,430.3,1.0
2026-05-23 18:00:00,T05,9.76,790.0,1.0
2026-05-23 19:00:00,T01,9.51,803.1,1.0
2026-05-23 19:00:00,T02,7.74,307.6,1.0
2026-05-23 19:00:00,T03,5.86,68.2,1.0
2026-05-23 19:00:00,T04,3.91,53.4,1.0
2026-05-23 19:00:00,T05,6.66,155.3,1.0
2026-05-23 20:00:00,T01,8.19,400.3,1.0
2026-05-23 20:00:00,T02,5.36,38.0,1.0
2026-05-23 20:00:00,T03,8.46,440.1,1.0
2026-05-23 20:00:00,T04,7.6,278.5,1.0
2026-05-23 20:00:00,T05,4.36,0.0,1.0
2026-05-23 21:00:00,T01,8.27,400.5,1.0
2026-05-23 21:00:00,T02,7.18,181.3,1.0
2026-05-23 21:00:00,T03,5.24,0.0,1.0
2026-05-23 21:00:00,T04,6.77,164.7,1.0
2026-05-23 21:00:00,T05,6.47,108.3,1.0
2026-05-23 22:00:00,T01,8.9,602.2,1.0
2026-05-23 22:00:00,T02,5.8,33.7,1.0
2026-05-23 22:00:00,T03,4.71,0.0,1.0
2026-05-23 22:00:00,T04,3.47,0.0,1.0
2026-05-23 22:00:00,T05,6.46,134.7,1.0
2026-05-23 23:00:00,T01,6.71,144.2,1.0
2026-05-23 23:00:00,T02,4.49,0.0,1.0
2026-05-23 23:00:00,T03,4.23,0.0,1.0
2026-05-23 23:00:00,T04,5.42,32.7,1.0
2026-05-23 23:00:00,T05,3.99,37.6,1.0
2026-05-24 00:00:00,T01,6.09,80.0,1.0
2026-05-24 00:00:00,T02,5.46,51.3,1.0
2026-05-24 00:00:00,T03,4.46,18.1,1.0
2026-05-24 00:00:00,T04,0.45,24.6,1.0
2026-05-24 00:00:00,T05,5.8,73.6,1.0
2026-05-24 01:00:00,T01,3.73,0.0,1.0
2026-05-24 01:00:00,T02,6.95,177.9,1.0
2026-05-24 01:00:00,T03,3.57,0.0,1.0
2026-05-24 01:00:00,T04,5.39,87.9,1.0
2026-05-24 01:00:00,T05,4.97,69.2,1.0
2026-05-24 02:00:00,T01,6.59,142.0,1.0
2026-05-24 02:00:00,T02,5.29,0.0,1.0
2026-05-24 02:00:00,T03,3.44,31.6,1.0
2026-05-24 02:00:00,T04,5.49,79.6,1.0
2026-05-24 02:00:00,T05,6.85,169.7,1.0
2026-05-24 03:00:00,T01,7.58,275.7,1.0
2026-05-24 03:00:00,T02,7.01,157.3,1.0
2026-05-24 03:00:00,T03,3.4,0.9,1.0
2026-05-24 03:00:00,T04,6.57,145.1,1.0
2026-05-24 03:00:00,T05,4.98,28.8,1.0
2026-05-24 04:00:00,T01,6.2,90.5,1.0
2026-05-24 04:00:00,T02,4.62,41.9,1.0
2026-05-24 04:00:00,T03,7.03,173.2,1.0
2026-05-24 04:00:00,T04,5.14,27.8,1.0
2026-05-24 04:00:00,T05,0.99,6.0,1.0
2026-05-24 05:00:00,T01,5.72,35.7,1.0
2026-05-24 05:00:00,T02,5.06,26.0,1.0
2026-05-24 05:00:00,T03,7.99,319.1,1.0
2026-05-24 05:00:00,T04,7.53,260.8,1.0
2026-05-24 05:00:00,T05,6.92,132.9,1.0
2026-05-24 06:00:00,T01,6.25,97.2,1.0
2026-05-24 06:00:00,T02,8.63,453.3,1.0
2026-05-24 06:00:00,T03,5.05,39.3,1.0
2026-05-24 06:00:00,T04,7.71,267.6,1.0
2026-05-24 06:00:00,T05,7.08,210.9,1.0
2026-05-24 07:00:00,T01,9.11,624.0,1.0
2026-05-24 07:00:00,T02,11.61,1807.8,1.0
2026-05-24 07:00:00,T03,10.31,1052.5,1.0
2026-05-24 07:00:00,T04,11.64,1731.1,1.0
2026-05-24 07:00:00,T05,5.49,0.0,1.0
2026-05-24 08:00:00,T01,4.99,0.0,1.0
2026-05-24 08:00:00,T02,7.99,340.5,1.0
2026-05-24 08:00:00,T03,7.89,296.8,1.0
2026-05-24 08:00:00,T04,6.85,128.4,1.0
2026-05-24 08:00:00,T05,9.8,846.4,1.0
2026-05-24 09:00:00,T01,4.98,0.0,1.0
2026-05-24 09:00:00,T02,9.17,654.4,1.0
2026-05-24 09:00:00,T03,8.58,507.5,1.0
2026-05-24 09:00:00,T04,7.46,244.2,1.0
2026-05-24 09:00:00,T05,5.91,68.3,1.0
2026-05-24 10:00:00,T01,10.73,1279.3,1.0
2026-05-24 10:00:00,T02,9.65,816.0,1.0
2026-05-24 10:00:00,T03,8.6,490.0,1.0
2026-05-24 10:00:00,T04,8.12,361.9,1.0
2026-05-24 10:00:00,T05,10.24,1022.4,1.0
2026-05-24 11:00:00,T01,4.58,0.0,1.0
2026-05-24 11:00:00,T02,7.98,330.2,1.0
2026-05-24 11:00:00,T03,11.75,1832.6,1.0
2026-05-24 11:00:00,T04,8.99,552.4,1.0
2026-05-24 11:00:00,T05,7.62,260.1,1.0
2026-05-24 12:00:00,T01,9.12,632.9,1.0
2026-05-24 12:00:00,T02,10.56,1166.4,1.0
2026-05-24 12:00:00,T03,9.28,695.7,1.0
2026-05-24 12:00:00,T04,10.25,1043.3,1.0
2026-05-24 12:00:00,T05,9.44,779.9,1.0
2026-05-24 13:00:00,T01,6.98,160.8,1.0
2026-05-24 13:00:00,T02,7.57,314.9,1.0
2026-05-24 13:00:00,T03,9.86,886.5,1.0
2026-05-24 13:00:00,T04,7.58,255.4,1.0
2026-05-24 13:00:00,T05,8.0,370.1,1.0
2026-05-24 14:00:00,T01,10.63,1249.5,1.0
2026-05-24 14:00:00,T02,5.41,63.3,1.0
2026-05-24 14:00:00,T03,12.68,2000.0,1.0
2026-05-24 14:00:00,T04,9.67,785.1,1.0
2026-05-24 14:00:00,T05,9.35,684.7,1.0
2026-05-24 15:00:00,T01,6.95,156.9,1.0
2026-05-24 15:00:00,T02,10.42,1141.6,1.0
2026-05-24 15:00:00,T03,7.48,226.3,1.0
2026-05-24 15:00:00,T04,9.63,791.6,1.0
2026-05-24 15:00:00,T05,8.7,495.4,1.0
2026-05-24 16:00:00,T01,8.5,473.1,1.0
2026-05-24 16:00:00,T02,7.12,206.6,1.0
2026-05-24 16:00:00,T03,8.25,448.6,1.0
2026-05-24 16:00:00,T04,8.55,461.3,1.0
2026-05-24 16:00:00,T05,4.6,0.0,1.0
2026-05-24 17:00:00,T01,6.15,76.1,1.0
2026-05-24 17:00:00,T02,10.77,1260.4,1.0
2026-05-24 17:00:00,T03,9.26,656.9,1.0
2026-05-24 17:00:00,T04,5.74,41.1,1.0
2026-05-24 17:00:00,T05,9.46,756.6,1.0
2026-05-24 18:00:00,T01,7.29,219.0,1.0
2026-05-24 18:00:00,T02,5.32,66.1,1.0
2026-05-24 18:00:00,T03,5.75,95.9,1.0
2026-05-24 18:00:00,T04,5.53,67.9,1.0
2026-05-24 18:00:00,T05,8.53,458.6,1.0
2026-05-24 19:00:00,T01,7.96,354.2,1.0
2026-05-24 19:00:00,T02,4.26,0.0,1.0
2026-05-24 19:00:00,T03,4.69,8.5,1.0
2026-05-24 19:00:00,T04,7.15,148.7,1.0
2026-05-24 19:00:00,T05,6.77,97.6,1.0
2026-05-24 20:00:00,T01,5.1,13.8,1.0
2026-05-24 20:00:00,T02,5.32,41.4,1.0
2026-05-24 20:00:00,T03,6.1,101.5,1.0
2026-05-24 20:00:00,T04,7.56,210.0,1.0
2026-05-24 20:00:00,T05,7.29,218.4,1.0
2026-05-24 21:00:00,T01,8.27,426.3,1.0
2026-05-24 21:00:00,T02,1.1,0.0,1.0
2026-05-24 21:00:00,T03,8.28,421.8,1.0
2026-05-24 21:00:00,T04,6.43,111.0,1.0
2026-05-24 21:00:00,T05,1.23,11.0,1.0
2026-05-24 22:00:00,T01,3.34,0.0,1.0
2026-05-24 22:00:00,T02,6.85,105.9,1.0
2026-05-24 22:00:00,T03,5.92,97.0,1.0
2026-05-24 22:00:00,T04,3.67,3.2,1.0
2026-05-24 22:00:00,T05,3.59,24.6,1.0
2026-05-24 23:00:00,T01,8.23,399.1,1.0
2026-05-24 23:00:00,T02,3.83,9.6,1.0
2026-05-24 23:00:00,T03,4.82,0.0,1.0
2026-05-24 23:00:00,T04,3.95,12.5,1.0
2026-05-24 23:00:00,T05,6.41,106.7,1.0
2026-05-25 00:00:00,T01,7.9,346.6,1.0
2026-05-25 00:00:00,T02,1.5,0.0,1.0
2026-05-25 00:00:00,T03,3.05,26.9,1.0
2026-05-25 00:00:00,T04,4.02,0.0,1.0
2026-05-25 00:00:00,T05,6.86,147.9,1.0
2026-05-25 01:00:00,T01,6.28,113.6,1.0
2026-05-25 01:00:00,T02,8.34,367.0,1.0
2026-05-25 01:00:00,T03,7.23,253.9,1.0
2026-05-25 01:00:00,T04,6.38,82.7,1.0
2026-05-25 01:00:00,T05,2.72,49.7,1.0
2026-05-25 02:00:00,T01,9.51,804.4,1.0
2026-05-25 02:00:00,T02,6.57,138.6,1.0
2026-05-25 02:00:00,T03,8.35,413.6,1.0
2026-05-25 02:00:00,T04,6.91,163.6,1.0
2026-05-25 02:00:00,T05,1.1,0.2,1.0
2026-05-25 03:00:00,T01,5.49,23.2,1.0
2026-05-25 03:00:00,T02,2.9,53.0,1.0
2026-05-25 03:00:00,T03,5.56,46.7,1.0
2026-05-25 03:00:00,T04,11.43,1632.7,1.0
2026-05-25 03:00:00,T05,8.85,568.5,1.0
2026-05-25 04:00:00,T01,4.55,0.0,1.0
2026-05-25 04:00:00,T02,8.33,449.6,1.0
2026-05-25 04:00:00,T03,9.01,582.1,1.0
2026-05-25 04:00:00,T04,5.13,65.1,1.0
2026-05-25 04:00:00,T05,10.69,1233.5,1.0
2026-05-25 05:00:00,T01,4.83,0.0,1.0
2026-05-25 05:00:00,T02,8.19,376.6,1.0
2026-05-25 05:00:00,T03,5.36,27.5,1.0
2026-05-25 05:00:00,T04,5.86,55.9,1.0
2026-05-25 05:00:00,T05,10.11,1005.3,1.0
2026-05-25 06:00:00,T01,7.65,292.3,1.0
2026-05-25 06:00:00,T02,6.32,100.4,1.0
2026-05-25 06:00:00,T03,8.52,504.2,1.0
2026-05-25 06:00:00,T04,7.6,266.1,1.0
2026-05-25 06:00:00,T05,5.2,0.0,1.0
2026-05-25 07:00:00,T01,9.69,834.4,1.0
2026-05-25 07:00:00,T02,7.59,288.2,1.0
2026-05-25 07:00:00,T03,9.82,845.8,1.0
2026-05-25 07:00:00,T04,10.33,1140.8,1.0
2026-05-25 07:00:00,T05,9.29,672.1,1.0
2026-05-25 08:00:00,T01,9.86,887.9,1.0
2026-05-25 08:00:00,T02,5.17,56.1,1.0
2026-05-25 08:00:00,T03,7.43,215.7,1.0
2026-05-25 08:00:00,T04,10.2,1019.2,1.0
2026-05-25 08:00:00,T05,6.06,48.6,1.0
2026-05-25 09:00:00,T01,6.16,58.7,1.0
2026-05-25 09:00:00,T02,7.94,321.4,1.0
2026-05-25 09:00:00,T03,5.57,87.0,1.0
2026-05-25 09:00:00,T04,5.82,75.1,1.0
2026-05-25 09:00:00,T05,10.22,1017.1,1.0
2026-05-25 10:00:00,T01,8.84,565.0,1.0
2026-05-25 10:00:00,T02,12.42,2000.0,1.0
2026-05-25 10:00:00,T03,9.24,680.6,1.0
2026-05-25 10:00:00,T04,8.08,375.9,1.0
2026-05-25 10:00:00,T05,11.9,1966.2,1.0
2026-05-25 11:00:00,T01,6.76,115.1,1.0
2026-05-25 11:00:00,T02,8.94,582.1,1.0
2026-05-25 11:00:00,T03,8.84,598.5,1.0
2026-05-25 11:00:00,T04,11.58,1752.0,1.0
2026-05-25 11:00:00,T05,11.07,1426.8,1.0
2026-05-25 12:00:00,T01,9.73,866.7,1.0
2026-05-25 12:00:00,T02,7.08,200.7,1.0
2026-05-25 12:00:00,T03,11.61,1740.5,1.0
2026-05-25 12:00:00,T04,4.58,18.1,1.0
2026-05-25 12:00:00,T05,7.21,223.3,1.0
2026-05-25 13:00:00,T01,12.97,2000.0,1.0
2026-05-25 13:00:00,T02,9.02,594.7,1.0
2026-05-25 13:00:00,T03,8.54,470.2,1.0
2026-05-25 13:00:00,T04,9.78,859.6,1.0
2026-05-25 13:00:00,T05,9.94,953.2,1.0
2026-05-25 14:00:00,T01,9.47,751.1,1.0
2026-05-25 14:00:00,T02,8.53,461.8,1.0
2026-05-25 14:00:00,T03,8.82,523.2,1.0
2026-05-25 14:00:00,T04,5.19,31.4,1.0
2026-05-25 14:00:00,T05,7.71,285.5,1.0
2026-05-25 15:00:00,T01,8.64,507.4,1.0
2026-05-25 15:00:00,T02,6.46,148.0,1.0
2026-05-25 15:00:00,T03,7.37,232.9,1.0
2026-05-25 15:00:00,T04,5.35,21.0,1.0
2026-05-25 15:00:00,T05,6.87,183.7,1.0
2026-05-25 16:00:00,T01,6.63,118.5,1.0
2026-05-25 16:00:00,T02,6.89,191.6,1.0
2026-05-25 16:00:00,T03,7.94,285.4,1.0
2026-05-25 16:00:00,T04,9.54,776.2,1.0
2026-05-25 16:00:00,T05,5.85,76.8,1.0
2026-05-25 17:00:00,T01,4.18,0.0,1.0
2026-05-25 17:00:00,T02,4.86,29.5,1.0
2026-05-25 17:00:00,T03,7.87,334.6,1.0
2026-05-25 17:00:00,T04,11.28,1608.7,1.0
2026-05-25 17:00:00,T05,6.89,164.2,1.0
2026-05-25 18:00:00,T01,6.13,68.9,1.0
2026-05-25 18:00:00,T02,10.95,1422.1,1.0
2026-05-25 18:00:00,T03,4.81,24.3,1.0
2026-05-25 18:00:00,T04,7.68,311.6,1.0
2026-05-25 18:00:00,T05,8.99,608.9,1.0
2026-05-25 19:00:00,T01,4.18,0.0,1.0
2026-05-25 19:00:00,T02,7.03,170.1,1.0
2026-05-25 19:00:00,T03,6.36,102.3,1.0
2026-05-25 19:00:00,T04,5.89,73.7,1.0
2026-05-25 19:00:00,T05,5.33,80.6,1.0
2026-05-25 20:00:00,T01,3.23,0.0,1.0
2026-05-25 20:00:00,T02,5.06,64.6,1.0
2026-05-25 20:00:00,T03,6.05,68.4,1.0
2026-05-25 20:00:00,T04,6.94,189.3,1.0
2026-05-25 20:00:00,T05,6.51,103.1,1.0
2026-05-25 21:00:00,T01,8.69,548.3,1.0
2026-05-25 21:00:00,T02,5.17,41.7,1.0
2026-05-25 21:00:00,T03,3.64,0.0,1.0
2026-05-25 21:00:00,T04,6.31,77.8,1.0
2026-05-25 21:00:00,T05,8.05,328.8,1.0
2026-05-25 22:00:00,T01,4.94,26.9,1.0
2026-05-25 22:00:00,T02,8.1,444.8,1.0
2026-05-25 22:00:00,T03,5.79,77.7,1.0
2026-05-25 22:00:00,T04,5.93,62.2,1.0
2026-05-25 22:00:00,T05,6.18,63.0,1.0
2026-05-25 23:00:00,T01,6.35,112.9,1.0
2026-05-25 23:00:00,T02,7.7,254.2,1.0
2026-05-25 23:00:00,T03,4.15,0.0,1.0
2026-05-25 23:00:00,T04,5.6,72.0,1.0
2026-05-25 23:00:00,T05,7.97,360.7,1.0
2026-05-26 00:00:00,T01,4.51,1.7,1.0
2026-05-26 00:00:00,T02,5.63,32.9,1.0
2026-05-26 00:00:00,T03,4.88,30.9,1.0
2026-05-26 00:00:00,T04,7.1,226.0,1.0
2026-05-26 00:00:00,T05,4.67,41.1,1.0
2026-05-26 01:00:00,T01,4.69,9.0,1.0
2026-05-26 01:00:00,T02,6.01,85.3,1.0
2026-05-26 01:00:00,T03,4.36,58.8,1.0
2026-05-26 01:00:00,T04,3.45,0.0,1.0
2026-05-26 01:00:00,T05,5.18,14.9,1.0
2026-05-26 02:00:00,T01,8.16,401.9,1.0
2026-05-26 02:00:00,T02,2.82,9.9,1.0
2026-05-26 02:00:00,T03,3.03,37.1,1.0
2026-05-26 02:00:00,T04,3.69,0.0,1.0
2026-05-26 02:00:00,T05,8.58,423.5,1.0
2026-05-26 03:00:00,T01,7.64,272.5,1.0
2026-05-26 03:00:00,T02,7.53,303.3,1.0
2026-05-26 03:00:00,T03,9.76,810.9,1.0
2026-05-26 03:00:00,T04,5.4,92.7,1.0
2026-05-26 03:00:00,T05,3.28,0.0,1.0
2026-05-26 04:00:00,T01,7.47,257.8,1.0
2026-05-26 04:00:00,T02,6.27,79.1,1.0
2026-05-26 04:00:00,T03,6.96,156.8,1.0
2026-05-26 04:00:00,T04,2.7,2.4,1.0
2026-05-26 04:00:00,T05,4.45,22.1,1.0
2026-05-26 05:00:00,T01,5.73,50.9,1.0
2026-05-26 05:00:00,T02,6.63,154.2,1.0
2026-05-26 05:00:00,T03,4.04,13.6,1.0
2026-05-26 05:00:00,T04,6.75,189.8,1.0
2026-05-26 05:00:00,T05,8.79,532.2,1.0
2026-05-26 06:00:00,T01,6.9,154.2,1.0
2026-05-26 06:00:00,T02,10.63,1245.4,1.0
2026-05-26 06:00:00,T03,10.05,958.8,1.0
2026-05-26 06:00:00,T04,8.8,540.2,1.0
2026-05-26 06:00:00,T05,8.9,568.7,1.0
2026-05-26 07:00:00,T01,4.62,0.0,1.0
2026-05-26 07:00:00,T02,7.26,229.3,1.0
2026-05-26 07:00:00,T03,8.67,466.2,1.0
2026-05-26 07:00:00,T04,6.43,116.6,1.0
2026-05-26 07:00:00,T05,9.86,874.1,1.0
2026-05-26 08:00:00,T01,7.01,127.4,1.0
2026-05-26 08:00:00,T02,9.66,785.1,1.0
2026-05-26 08:00:00,T03,6.47,124.0,1.0
2026-05-26 08:00:00,T04,5.76,49.8,1.0
2026-05-26 08:00:00,T05,7.08,211.7,1.0
2026-05-26 09:00:00,T01,7.96,327.9,1.0
2026-05-26 09:00:00,T02,6.54,156.7,1.0
2026-05-26 09:00:00,T03,4.78,15.3,1.0
2026-05-26 09:00:00,T04,6.67,159.2,1.0
2026-05-26 09:00:00,T05,9.28,689.0,1.0
2026-05-26 10:00:00,T01,8.3,410.8,1.0
2026-05-26 10:00:00,T02,8.47,480.6,1.0
2026-05-26 10:00:00,T03,6.55,171.1,1.0
2026-05-26 10:00:00,T04,7.39,265.6,1.0
2026-05-26 10:00:00,T05,8.92,583.6,1.0
2026-05-26 11:00:00,T01,7.2,170.5,1.0
2026-05-26 11:00:00,T02,6.56,138.9,1.0
2026-05-26 11:00:00,T03,11.21,1511.0,1.0
2026-05-26 11:00:00,T04,8.87,528.9,1.0
2026-05-26 11:00:00,T05,8.85,552.5,1.0
2026-05-26 12:00:00,T01,7.83,307.4,1.0
2026-05-26 12:00:00,T02,4.55,15.4,1.0
2026-05-26 12:00:00,T03,3.85,30.9,1.0
2026-05-26 12:00:00,T04,10.36,1083.3,1.0
2026-05-26 12:00:00,T05,10.27,1069.1,1.0
2026-05-26 13:00:00,T01,9.49,751.1,1.0
2026-05-26 13:00:00,T02,9.42,732.2,1.0
2026-05-26 13:00:00,T03,9.06,580.0,1.0
2026-05-26 13:00:00,T04,5.72,78.0,1.0
2026-05-26 13:00:00,T05,8.41,445.9,1.0
2026-05-26 14:00:00,T01,3.77,0.0,1.0
2026-05-26 14:00:00,T02,9.1,621.8,1.0
2026-05-26 14:00:00,T03,5.72,29.3,1.0
2026-05-26 14:00:00,T04,9.15,633.4,1.0
2026-05-26 14:00:00,T05,9.38,687.9,1.0
2026-05-26 15:00:00,T01,7.14,172.3,1.0
2026-05-26 15:00:00,T02,8.19,399.3,1.0
2026-05-26 15:00:00,T03,7.26,230.0,1.0
2026-05-26 15:00:00,T04,7.19,189.7,1.0
2026-05-26 15:00:00,T05,10.15,1012.2,1.0
2026-05-26 16:00:00,T01,7.38,241.2,1.0
2026-05-26 16:00:00,T02,5.51,44.2,1.0
2026-05-26 16:00:00,T03,11.51,1717.5,1.0
2026-05-26 16:00:00,T04,8.27,426.7,1.0
2026-05-26 16:00:00,T05,7.3,237.5,1.0
2026-05-26 17:00:00,T01,8.02,355.9,1.0
2026-05-26 17:00:00,T02,6.75,123.9,1.0
2026-05-26 17:00:00,T03,10.03,927.4,1.0
2026-05-26 17:00:00,T04,6.66,162.5,1.0
2026-05-26 17:00:00,T05,8.1,393.6,1.0
2026-05-26 18:00:00,T01,6.27,66.9,1.0
2026-05-26 18:00:00,T02,8.14,346.0,1.0
2026-05-26 18:00:00,T03,7.32,221.5,1.0
2026-05-26 18:00:00,T04,8.96,569.5,1.0
2026-05-26 18:00:00,T05,6.24,104.1,1.0
2026-05-26 19:00:00,T01,8.4,436.7,1.0
2026-05-26 19:00:00,T02,9.3,666.4,1.0
2026-05-26 19:00:00,T03,6.5,83.0,1.0
2026-05-26 19:00:00,T04,4.9,24.1,1.0
2026-05-26 19:00:00,T05,4.81,0.0,1.0
2026-05-26 20:00:00,T01,9.51,783.3,1.0
2026-05-26 20:00:00,T02,9.34,706.0,1.0
2026-05-26 20:00:00,T03,7.45,237.5,1.0
2026-05-26 20:00:00,T04,5.02,0.0,1.0
2026-05-26 20:00:00,T05,4.36,0.0,1.0
2026-05-26 21:00:00,T01,7.3,237.4,1.0
2026-05-26 21:00:00,T02,6.95,168.0,1.0
2026-05-26 21:00:00,T03,4.65,33.1,1.0
2026-05-26 21:00:00,T04,6.17,64.8,1.0
2026-05-26 21:00:00,T05,3.84,0.0,1.0
2026-05-26 22:00:00,T01,5.12,23.7,1.0
2026-05-26 22:00:00,T02,4.01,8.2,1.0
2026-05-26 22:00:00,T03,3.28,0.0,1.0
2026-05-26 22:00:00,T04,1.92,3.1,1.0
2026-05-26 22:00:00,T05,5.2,34.0,1.0
2026-05-26 23:00:00,T01,5.0,10.3,1.0
2026-05-26 23:00:00,T02,4.35,19.3,1.0
2026-05-26 23:00:00,T03,6.18,82.1,1.0
2026-05-26 23:00:00,T04,2.54,0.8,1.0
2026-05-26 23:00:00,T05,2.49,0.0,1.0
2026-05-27 00:00:00,T01,4.58,0.0,1.0
2026-05-27 00:00:00,T02,0.87,0.0,1.0
2026-05-27 00:00:00,T03,8.29,378.6,1.0
2026-05-27 00:00:00,T04,5.38,12.9,1.0
2026-05-27 00:00:00,T05,6.51,91.0,1.0
2026-05-27 01:00:00,T01,6.36,115.8,1.0
2026-05-27 01:00:00,T02,7.62,306.8,1.0
2026-05-27 01:00:00,T03,6.01,58.3,1.0
2026-05-27 01:00:00,T04,5.25,13.3,1.0
2026-05-27 01:00:00,T05,7.4,205.8,1.0
2026-05-27 02:00:00,T01,6.11,87.8,1.0
2026-05-27 02:00:00,T02,6.25,87.5,1.0
2026-05-27 02:00:00,T03,6.77,190.4,1.0
2026-05-27 02:00:00,T04,8.27,374.6,1.0
2026-05-27 02:00:00,T05,7.51,199.0,1.0
2026-05-27 03:00:00,T01,6.88,176.1,1.0
2026-05-27 03:00:00,T02,10.08,964.3,1.0
2026-05-27 03:00:00,T03,4.55,12.1,1.0
2026-05-27 03:00:00,T04,5.46,52.4,1.0
2026-05-27 03:00:00,T05,6.12,5.5,1.0
2026-05-27 04:00:00,T01,6.66,137.6,1.0
2026-05-27 04:00:00,T02,1.31,12.1,1.0
2026-05-27 04:00:00,T03,6.17,62.2,1.0
2026-05-27 04:00:00,T04,9.8,814.1,1.0
2026-05-27 04:00:00,T05,4.57,7.3,1.0
2026-05-27 05:00:00,T01,7.85,334.3,1.0
2026-05-27 05:00:00,T02,6.72,95.0,1.0
2026-05-27 05:00:00,T03,4.27,0.0,1.0
2026-05-27 05:00:00,T04,7.28,189.4,1.0
2026-05-27 05:00:00,T05,10.55,1237.3,1.0
2026-05-27 06:00:00,T01,6.01,77.0,1.0
2026-05-27 06:00:00,T02,4.76,0.0,1.0
2026-05-27 06:00:00,T03,6.69,98.2,1.0
2026-05-27 06:00:00,T04,10.0,894.9,1.0
2026-05-27 06:00:00,T05,4.97,65.8,1.0
2026-05-27 07:00:00,T01,9.21,677.1,1.0
2026-05-27 07:00:00,T02,7.27,238.6,1.0
2026-05-27 07:00:00,T03,5.46,15.6,1.0
2026-05-27 07:00:00,T04,7.31,229.5,1.0
2026-05-27 07:00:00,T05,10.07,943.7,1.0
2026-05-27 08:00:00,T01,11.86,1932.6,1.0
2026-05-27 08:00:00,T02,7.54,214.0,1.0
2026-05-27 08:00:00,T03,9.94,949.6,1.0
2026-05-27 08:00:00,T04,9.11,579.8,1.0
2026-05-27 08:00:00,T05,9.54,769.6,1.0
2026-05-27 09:00:00,T01,7.73,269.5,1.0
2026-05-27 09:00:00,T02,11.9,1959.9,1.0
2026-05-27 09:00:00,T03,8.82,537.1,1.0
2026-05-27 09:00:00,T04,9.1,624.9,1.0
2026-05-27 09:00:00,T05,7.67,242.1,1.0
2026-05-27 10:00:00,T01,5.08,0.0,1.0
2026-05-27 10:00:00,T02,10.61,1247.5,1.0
2026-05-27 10:00:00,T03,9.06,657.6,1.0
2026-05-27 10:00:00,T04,7.45,281.9,1.0
2026-05-27 10:00:00,T05,7.91,291.0,1.0
2026-05-27 11:00:00,T01,11.66,1818.3,1.0
2026-05-27 11:00:00,T02,8.08,350.6,1.0
2026-05-27 11:00:00,T03,10.5,1157.1,1.0
2026-05-27 11:00:00,T04,9.04,645.7,1.0
2026-05-27 11:00:00,T05,9.32,663.2,1.0
2026-05-27 12:00:00,T01,8.25,404.4,1.0
2026-05-27 12:00:00,T02,8.49,460.3,1.0
2026-05-27 12:00:00,T03,8.89,560.1,1.0
2026-05-27 12:00:00,T04,7.25,165.0,1.0
2026-05-27 12:00:00,T05,8.65,488.4,1.0
2026-05-27 13:00:00,T01,5.29,0.0,1.0
2026-05-27 13:00:00,T02,5.29,60.7,1.0
2026-05-27 13:00:00,T03,5.24,46.8,1.0
2026-05-27 13:00:00,T04,4.54,17.5,1.0
2026-05-27 13:00:00,T05,9.25,663.6,1.0
2026-05-27 14:00:00,T01,7.12,173.3,1.0
2026-05-27 14:00:00,T02,10.2,1013.9,1.0
2026-05-27 14:00:00,T03,5.57,0.0,1.0
2026-05-27 14:00:00,T04,6.18,63.2,1.0
2026-05-27 14:00:00,T05,9.24,671.5,1.0
2026-05-27 15:00:00,T01,9.09,637.6,1.0
2026-05-27 15:00:00,T02,8.26,421.0,1.0
2026-05-27 15:00:00,T03,8.11,371.6,1.0
2026-05-27 15:00:00,T04,8.39,400.7,1.0
2026-05-27 15:00:00,T05,6.98,189.8,1.0
2026-05-27 16:00:00,T01,7.89,313.7,1.0
2026-05-27 16:00:00,T02,9.43,713.7,1.0
2026-05-27 16:00:00,T03,5.66,50.1,1.0
2026-05-27 16:00:00,T04,6.63,128.5,1.0
2026-05-27 16:00:00,T05,6.15,77.2,1.0
2026-05-27 17:00:00,T01,6.06,66.1,1.0
2026-05-27 17:00:00,T02,5.98,60.7,1.0
2026-05-27 17:00:00,T03,5.2,66.4,1.0
2026-05-27 17:00:00,T04,10.11,1015.9,1.0
2026-05-27 17:00:00,T05,10.82,1311.4,1.0
2026-05-27 18:00:00,T01,12.92,2000.0,1.0
2026-05-27 18:00:00,T02,4.83,0.0,1.0
2026-05-27 18:00:00,T03,6.26,119.0,1.0
2026-05-27 18:00:00,T04,9.09,634.6,1.0
2026-05-27 18:00:00,T05,9.63,772.4,1.0
2026-05-27 19:00:00,T01,4.67,0.0,1.0
2026-05-27 19:00:00,T02,7.84,320.0,1.0
2026-05-27 19:00:00,T03,7.4,205.2,1.0
2026-05-27 19:00:00,T04,5.46,23.0,1.0
2026-05-27 19:00:00,T05,10.65,1196.8,1.0
2026-05-27 20:00:00,T01,4.14,0.0,1.0
2026-05-27 20:00:00,T02,5.96,100.0,1.0
2026-05-27 20:00:00,T03,1.6,31.1,1.0
2026-05-27 20:00:00,T04,7.83,326.2,1.0
2026-05-27 20:00:00,T05,9.14,596.2,1.0
2026-05-27 21:00:00,T01,5.98,78.1,1.0
2026-05-27 21:00:00,T02,7.38,225.9,1.0
2026-05-27 21:00:00,T03,7.07,177.8,1.0
2026-05-27 21:00:00,T04,4.53,0.0,1.0
2026-05-27 21:00:00,T05,9.09,634.4,1.0
2026-05-27 22:00:00,T01,5.94,79.4,1.0
2026-05-27 22:00:00,T02,8.9,533.0,1.0
2026-05-27 22:00:00,T03,7.58,241.7,1.0
2026-05-27 22:00:00,T04,5.08,5.8,1.0
2026-05-27 22:00:00,T05,7.03,171.6,1.0
2026-05-27 23:00:00,T01,6.78,160.9,1.0
2026-05-27 23:00:00,T02,9.53,737.7,1.0
2026-05-27 23:00:00,T03,5.2,34.1,1.0
2026-05-27 23:00:00,T04,4.7,0.0,1.0
2026-05-27 23:00:00,T05,2.54,0.0,1.0
2026-05-28 00:00:00,T01,6.74,166.2,1.0
2026-05-28 00:00:00,T02,5.61,58.9,1.0
2026-05-28 00:00:00,T03,4.67,7.6,1.0
2026-05-28 00:00:00,T04,8.22,393.0,1.0
2026-05-28 00:00:00,T05,5.53,42.9,1.0
2026-05-28 01:00:00,T01,5.97,77.1,1.0
2026-05-28 01:00:00,T02,7.22,252.0,1.0
2026-05-28 01:00:00,T03,8.62,524.4,1.0
2026-05-28 01:00:00,T04,7.8,298.2,1.0
2026-05-28 01:00:00,T05,8.56,440.4,1.0
2026-05-28 02:00:00,T01,6.54,133.7,1.0
2026-05-28 02:00:00,T02,6.97,181.4,1.0
2026-05-28 02:00:00,T03,6.83,162.4,1.0
2026-05-28 02:00:00,T04,7.26,209.1,1.0
2026-05-28 02:00:00,T05,7.6,308.1,1.0
2026-05-28 03:00:00,T01,7.09,181.0,1.0
2026-05-28 03:00:00,T02,7.66,267.3,1.0
2026-05-28 03:00:00,T03,2.27,5.1,1.0
2026-05-28 03:00:00,T04,13.11,1995.6,1.0
2026-05-28 03:00:00,T05,6.53,106.2,1.0
2026-05-28 04:00:00,T01,7.19,203.9,1.0
2026-05-28 04:00:00,T02,3.48,19.4,1.0
2026-05-28 04:00:00,T03,8.36,445.7,1.0
2026-05-28 04:00:00,T04,6.78,149.2,1.0
2026-05-28 04:00:00,T05,6.25,111.1,1.0
2026-05-28 05:00:00,T01,6.88,162.5,1.0
2026-05-28 05:00:00,T02,6.79,143.8,1.0
2026-05-28 05:00:00,T03,3.78,28.6,1.0
2026-05-28 05:00:00,T04,4.95,33.7,1.0
2026-05-28 05:00:00,T05,6.56,151.0,1.0
2026-05-28 06:00:00,T01,9.01,600.4,1.0
2026-05-28 06:00:00,T02,9.79,850.3,1.0
2026-05-28 06:00:00,T03,7.06,202.9,1.0
2026-05-28 06:00:00,T04,8.38,429.8,1.0
2026-05-28 06:00:00,T05,3.13,0.0,1.0
2026-05-28 07:00:00,T01,8.54,485.3,1.0
2026-05-28 07:00:00,T02,5.26,7.8,1.0
2026-05-28 07:00:00,T03,10.13,1028.7,1.0
2026-05-28 07:00:00,T04,7.86,308.0,1.0
2026-05-28 07:00:00,T05,5.99,75.3,1.0
2026-05-28 08:00:00,T01,8.33,428.7,1.0
2026-05-28 08:00:00,T02,8.73,550.5,1.0
2026-05-28 08:00:00,T03,6.53,136.2,1.0
2026-05-28 08:00:00,T04,9.41,733.0,1.0
2026-05-28 08:00:00,T05,7.68,294.4,1.0
2026-05-28 09:00:00,T01,7.53,255.6,1.0
2026-05-28 09:00:00,T02,2.85,0.0,1.0
2026-05-28 09:00:00,T03,7.33,227.5,1.0
2026-05-28 09:00:00,T04,8.66,517.1,1.0
2026-05-28 09:00:00,T05,7.82,310.1,1.0
2026-05-28 10:00:00,T01,8.13,349.4,1.0
2026-05-28 10:00:00,T02,9.16,662.5,1.0
2026-05-28 10:00:00,T03,10.24,1072.7,1.0
2026-05-28 10:00:00,T04,5.7,40.3,1.0
2026-05-28 10:00:00,T05,8.19,392.0,1.0
2026-05-28 11:00:00,T01,7.9,323.9,1.0
2026-05-28 11:00:00,T02,8.07,346.3,1.0
2026-05-28 11:00:00,T03,7.6,264.4,1.0
2026-05-28 11:00:00,T04,10.37,1098.7,1.0
2026-05-28 11:00:00,T05,8.1,331.0,1.0
2026-05-28 12:00:00,T01,9.99,937.4,1.0
2026-05-28 12:00:00,T02,9.52,749.5,1.0
2026-05-28 12:00:00,T03,10.21,1027.5,1.0
2026-05-28 12:00:00,T04,9.01,623.9,1.0
2026-05-28 12:00:00,T05,11.78,1869.0,1.0
2026-05-28 13:00:00,T01,9.01,600.7,1.0
2026-05-28 13:00:00,T02,10.07,1012.9,1.0
2026-05-28 13:00:00,T03,6.77,189.6,1.0
2026-05-28 13:00:00,T04,9.08,587.7,1.0
2026-05-28 13:00:00,T05,6.03,63.8,1.0
2026-05-28 14:00:00,T01,11.86,1961.6,1.0
2026-05-28 14:00:00,T02,9.01,576.3,1.0
2026-05-28 14:00:00,T03,8.19,423.2,1.0
2026-05-28 14:00:00,T04,10.23,1080.2,1.0
2026-05-28 14:00:00,T05,10.1,989.3,1.0
2026-05-28 15:00:00,T01,8.64,479.4,1.0
2026-05-28 15:00:00,T02,9.24,648.4,1.0
2026-05-28 15:00:00,T03,7.33,222.4,1.0
2026-05-28 15:00:00,T04,9.26,640.4,1.0
2026-05-28 15:00:00,T05,6.47,137.4,1.0
2026-05-28 16:00:00,T01,10.86,1343.2,1.0
2026-05-28 16:00:00,T02,7.12,189.2,1.0
2026-05-28 16:00:00,T03,7.08,175.0,1.0
2026-05-28 16:00:00,T04,5.52,35.1,1.0
2026-05-28 16:00:00,T05,9.18,664.2,1.0
2026-05-28 17:00:00,T01,11.47,1695.8,1.0
2026-05-28 17:00:00,T02,5.72,65.7,1.0
2026-05-28 17:00:00,T03,8.79,570.2,1.0
2026-05-28 17:00:00,T04,6.6,104.1,1.0
2026-05-28 17:00:00,T05,7.42,245.5,1.0
2026-05-28 18:00:00,T01,7.33,225.7,1.0
2026-05-28 18:00:00,T02,4.24,0.0,1.0
2026-05-28 18:00:00,T03,10.88,1361.8,1.0
2026-05-28 18:00:00,T04,4.92,74.0,1.0
2026-05-28 18:00:00,T05,5.12,42.2,1.0
2026-05-28 19:00:00,T01,10.47,1202.2,1.0
2026-05-28 19:00:00,T02,8.22,352.0,1.0
2026-05-28 19:00:00,T03,8.77,534.0,1.0
2026-05-28 19:00:00,T04,6.21,78.1,1.0
2026-05-28 19:00:00,T05,7.83,326.4,1.0
2026-05-28 20:00:00,T01,6.72,132.3,1.0
2026-05-28 20:00:00,T02,10.36,1073.6,1.0
2026-05-28 20:00:00,T03,4.37,0.0,1.0
2026-05-28 20:00:00,T04,6.43,98.6,1.0
2026-05-28 20:00:00,T05,9.34,736.0,1.0
2026-05-28 21:00:00,T01,7.69,291.8,1.0
2026-05-28 21:00:00,T02,6.95,201.4,1.0
2026-05-28 21:00:00,T03,4.66,20.8,1.0
2026-05-28 21:00:00,T04,10.4,1103.9,1.0
2026-05-28 21:00:00,T05,6.3,97.7,1.0
2026-05-28 22:00:00,T01,4.33,0.0,1.0
2026-05-28 22:00:00,T02,6.22,93.7,1.0
2026-05-28 22:00:00,T03,5.27,31.5,1.0
2026-05-28 22:00:00,T04,7.53,256.9,1.0
2026-05-28 22:00:00,T05,4.62,15.7,1.0
2026-05-28 23:00:00,T01,5.67,43.7,1.0
2026-05-28 23:00:00,T02,2.76,11.3,1.0
2026-05-28 23:00:00,T03,7.22,190.2,1.0
2026-05-28 23:00:00,T04,4.82,8.3,1.0
2026-05-28 23:00:00,T05,7.95,356.0,1.0
2026-05-29 00:00:00,T01,5.75,63.3,1.0
2026-05-29 00:00:00,T02,7.45,234.8,1.0
2026-05-29 00:00:00,T03,7.3,222.0,1.0
2026-05-29 00:00:00,T04,3.63,0.0,1.0
2026-05-29 00:00:00,T05,5.42,26.7,1.0
2026-05-29 01:00:00,T01,6.38,127.5,1.0
2026-05-29 01:00:00,T02,7.6,251.3,1.0
2026-05-29 01:00:00,T03,3.92,8.8,1.0
2026-05-29 01:00:00,T04,6.75,56.9,1.0
2026-05-29 01:00:00,T05,5.35,2.3,1.0
2026-05-29 02:00:00,T01,6.02,83.5,1.0
2026-05-29 02:00:00,T02,5.69,95.6,1.0
2026-05-29 02:00:00,T03,9.26,663.6,1.0
2026-05-29 02:00:00,T04,4.54,11.5,1.0
2026-05-29 02:00:00,T05,5.6,60.4,1.0
2026-05-29 03:00:00,T01,7.73,322.0,1.0
2026-05-29 03:00:00,T02,5.65,46.5,1.0
2026-05-29 03:00:00,T03,5.92,90.7,1.0
2026-05-29 03:00:00,T04,7.53,255.7,1.0
2026-05-29 03:00:00,T05,4.06,0.0,1.0
2026-05-29 04:00:00,T01,6.24,90.6,1.0
2026-05-29 04:00:00,T02,3.33,0.0,1.0
2026-05-29 04:00:00,T03,10.45,1165.7,1.0
2026-05-29 04:00:00,T04,5.77,84.5,1.0
2026-05-29 04:00:00,T05,7.4,204.2,1.0
2026-05-29 05:00:00,T01,5.64,42.1,1.0
2026-05-29 05:00:00,T02,3.25,27.4,1.0
2026-05-29 05:00:00,T03,6.13,108.1,1.0
2026-05-29 05:00:00,T04,9.75,875.4,1.0
2026-05-29 05:00:00,T05,4.58,23.3,1.0
2026-05-29 06:00:00,T01,12.8,2000.0,1.0
2026-05-29 06:00:00,T02,7.39,214.0,1.0
2026-05-29 06:00:00,T03,5.74,49.5,1.0
2026-05-29 06:00:00,T04,9.63,796.4,1.0
2026-05-29 06:00:00,T05,8.62,522.1,1.0
2026-05-29 07:00:00,T01,9.66,821.0,1.0
2026-05-29 07:00:00,T02,8.56,457.9,1.0
2026-05-29 07:00:00,T03,9.8,879.9,1.0
2026-05-29 07:00:00,T04,6.71,160.8,1.0
2026-05-29 07:00:00,T05,7.56,218.7,1.0
2026-05-29 08:00:00,T01,6.39,89.2,1.0
2026-05-29 08:00:00,T02,8.4,432.2,1.0
2026-05-29 08:00:00,T03,7.84,312.6,1.0
2026-05-29 08:00:00,T04,6.5,90.5,1.0
2026-05-29 08:00:00,T05,9.18,672.2,1.0
2026-05-29 09:00:00,T01,8.55,451.1,1.0
2026-05-29 09:00:00,T02,9.88,891.7,1.0
2026-05-29 09:00:00,T03,8.33,384.5,1.0
2026-05-29 09:00:00,T04,6.16,106.1,1.0
2026-05-29 09:00:00,T05,7.51,188.0,1.0
2026-05-29 10:00:00,T01,6.1,58.2,1.0
2026-05-29 10:00:00,T02,8.11,371.7,1.0
2026-05-29 10:00:00,T03,9.75,862.2,1.0
2026-05-29 10:00:00,T04,5.71,40.6,1.0
2026-05-29 10:00:00,T05,6.27,85.8,1.0
2026-05-29 11:00:00,T01,10.02,971.9,1.0
2026-05-29 11:00:00,T02,7.21,257.6,1.0
2026-05-29 11:00:00,T03,9.66,813.2,1.0
2026-05-29 11:00:00,T04,9.21,628.2,1.0
2026-05-29 11:00:00,T05,10.48,1196.1,1.0
2026-05-29 12:00:00,T01,7.16,188.3,1.0
2026-05-29 12:00:00,T02,7.77,305.6,1.0
2026-05-29 12:00:00,T03,11.9,1999.4,1.0
2026-05-29 12:00:00,T04,8.74,515.6,1.0
2026-05-29 12:00:00,T05,8.21,380.0,1.0
2026-05-29 13:00:00,T01,9.25,672.3,1.0
2026-05-29 13:00:00,T02,10.09,920.3,1.0
2026-05-29 13:00:00,T03,7.86,351.1,1.0
2026-05-29 13:00:00,T04,11.19,1539.4,1.0
2026-05-29 13:00:00,T05,9.79,862.1,1.0
2026-05-29 14:00:00,T01,8.41,433.8,1.0
2026-05-29 14:00:00,T02,12.36,2000.0,1.0
2026-05-29 14:00:00,T03,7.91,343.0,1.0
2026-05-29 14:00:00,T04,7.93,332.3,1.0
2026-05-29 14:00:00,T05,10.06,985.6,1.0
2026-05-29 15:00:00,T01,9.18,666.6,1.0
2026-05-29 15:00:00,T02,8.62,489.0,1.0
2026-05-29 15:00:00,T03,6.37,111.3,1.0
2026-05-29 15:00:00,T04,6.64,170.3,1.0
2026-05-29 15:00:00,T05,12.89,1957.1,1.0
2026-05-29 16:00:00,T01,6.98,152.1,1.0
2026-05-29 16:00:00,T02,10.09,978.9,1.0
2026-05-29 16:00:00,T03,9.33,699.1,1.0
2026-05-29 16:00:00,T04,4.95,1.5,1.0
2026-05-29 16:00:00,T05,7.47,247.3,1.0
2026-05-29 17:00:00,T01,5.59,20.8,1.0
2026-05-29 17:00:00,T02,10.85,1331.9,1.0
2026-05-29 17:00:00,T03,9.99,911.6,1.0
2026-05-29 17:00:00,T04,8.99,616.7,1.0
2026-05-29 17:00:00,T05,6.1,83.0,1.0
2026-05-29 18:00:00,T01,7.35,231.5,1.0
2026-05-29 18:00:00,T02,5.98,71.6,1.0
2026-05-29 18:00:00,T03,8.18,338.8,1.0
2026-05-29 18:00:00,T04,8.1,348.6,1.0
2026-05-29 18:00:00,T05,9.23,709.0,1.0
2026-05-29 19:00:00,T01,6.88,174.9,1.0
2026-05-29 19:00:00,T02,10.08,970.8,1.0
2026-05-29 19:00:00,T03,5.44,17.9,1.0
2026-05-29 19:00:00,T04,7.54,262.7,1.0
2026-05-29 19:00:00,T05,8.89,528.9,1.0
2026-05-29 20:00:00,T01,6.66,142.4,1.0
2026-05-29 20:00:00,T02,3.78,16.6,1.0
2026-05-29 20:00:00,T03,6.97,170.0,1.0
2026-05-29 20:00:00,T04,4.75,20.1,1.0
2026-05-29 20:00:00,T05,8.22,380.1,1.0
2026-05-29 21:00:00,T01,5.72,35.1,1.0
2026-05-29 21:00:00,T02,7.45,228.3,1.0
2026-05-29 21:00:00,T03,3.5,0.0,1.0
2026-05-29 21:00:00,T04,5.72,71.5,1.0
2026-05-29 21:00:00,T05,6.52,96.1,1.0
2026-05-29 22:00:00,T01,7.18,217.4,1.0
2026-05-29 22:00:00,T02,7.82,283.0,1.0
2026-05-29 22:00:00,T03,5.77,44.9,1.0
2026-05-29 22:00:00,T04,4.23,11.4,1.0
2026-05-29 22:00:00,T05,4.47,0.0,1.0
2026-05-29 23:00:00,T01,4.28,0.0,1.0
2026-05-29 23:00:00,T02,6.54,197.2,1.0
2026-05-29 23:00:00,T03,4.62,5.4,1.0
2026-05-29 23:00:00,T04,5.95,51.9,1.0
2026-05-29 23:00:00,T05,3.48,28.5,1.0
